date_cours,net_return
2018-08-02,-0.002446429996756382
2018-08-03,-0.007737208016095861
2018-08-06,-0.006720655668382781
2018-08-07,0.002292993398535572
2018-08-08,0.013702578357892176
2018-08-09,-0.010156601575981727
2018-08-10,0.006450364611228246
2018-08-13,0.0019423926366015083
2018-08-15,-0.006887192317922802
2018-08-16,-0.0017055344417511455
2018-08-17,0.005707825329724266
2018-08-24,0.007010370914510077
2018-08-27,-0.0032944761588763485
2018-08-28,-0.006648866090520414
2018-08-29,-0.0034906481050689117
2018-08-30,0.006566101186648588
2018-08-31,0.0027148537043649155
2018-09-04,-0.0005051216710301163
2018-09-05,0.00014041392252587967
2018-09-06,-0.004848804668736547
2018-09-07,-0.018034925211766344
2018-09-10,0.008570978360194534
2018-09-12,-0.0038174163323874827
2018-09-13,0.0062358062038647315
2018-09-14,-0.008681305987467884
2018-09-17,-0.0016065639768380745
2018-09-18,-0.0017526472331320644
2018-09-19,-0.011530358974832068
2018-09-20,0.00034171899887690905
2018-09-21,0.004291749530722964
2018-09-24,0.00489880680872908
2018-09-25,0.004688195453513195
2018-09-26,-0.000555356447699077
2018-09-27,0.005560410695765122
2018-09-28,0.0005235122296151258
2018-10-01,-0.002294393615222734
2018-10-02,-0.012184233897104184
2018-10-03,0.0012602957796828242
2018-10-04,0.0006285572457599487
2018-10-05,0.006318102954904078
2018-10-08,0.012362882438095569
2018-10-09,-0.008709083536468572
2018-10-10,0.008070965980979899
2018-10-11,0.0001951134609660747
2018-10-12,0.0023540887571875543
2018-10-15,-0.00042681303589615173
2018-10-16,-0.0014294854143714663
2018-10-17,-0.004177509490477006
2018-10-18,-0.000784392080126892
2018-10-19,-0.001977135007762682
2018-10-22,0.003430802360428929
2018-10-23,0.0024921869990490258
2018-10-24,-0.0014375248331960047
2018-10-25,0.0009604923760825813
2018-10-26,0.0029104676574116103
2018-10-29,-0.008965132780942622
2018-10-30,-0.008858013780774693
2018-10-31,0.005168392667966199
2018-11-02,-0.009669592781918968
2018-11-05,0.00700693497651061
2018-11-07,0.02005411571536345
2018-11-08,7.78090584787716e-06
2018-11-09,-0.014820800484968612
2018-11-12,0.009960633742243773
2018-11-13,0.001225237665608953
2018-11-14,-0.011357103656055028
2018-11-15,0.012631680772170379
2018-11-16,-0.0037747599892590518
2018-11-19,-0.00096770638346654
2018-11-22,0.010884538349635348
2018-11-23,-0.003027181390629098
2018-11-26,-0.011322576521620973
2018-11-27,0.007202201584241984
2018-11-28,0.010212744782078743
2018-11-29,0.0008718242664958683
2018-11-30,-0.016543503424692758
2018-12-04,-0.004115404360820943
2018-12-05,0.008978922450391384
2018-12-06,0.0034391634803948297
2018-12-07,-0.001403529605368017
2018-12-10,0.0021201324454394026
2018-12-11,0.008305211487877879
2018-12-12,-0.0020707703609092283
2018-12-13,-0.005130264130639519
2018-12-14,0.002606696196609466
2018-12-17,-0.005677203583755091
2018-12-18,0.0029445994280412184
2018-12-19,0.0003116494704401604
2018-12-20,0.0005993627124540151
2018-12-21,-0.0025819449331386433
2018-12-24,0.002024942088261126
2018-12-25,-0.0028178798391492415
2018-12-26,0.00460222717517413
2018-12-27,0.005804024197724679
2018-12-28,-0.010389117703907758
2018-12-31,0.023295411010483276
2019-01-03,-0.002974856077735142
2019-01-04,-0.005659271509408408
2019-01-07,0.004608583779734833
2019-01-08,-0.0030575034849288215
2019-01-09,-0.0007213627194143928
2019-01-10,-0.0026998483065758506
2019-01-14,-0.01238505826319029
2019-01-15,0.014883191270709854
2019-01-16,-0.002513367263701329
2019-01-17,0.010702494616987994
2019-01-18,-0.005126224292219445
2019-01-21,0.002232342770101422
2019-01-22,0.0010010323389312396
2019-01-23,0.0013695572700602808
2019-01-24,0.003613084036439577
2019-01-25,-0.004803031935435514
2019-01-28,0.007906542080801134
2019-01-29,0.0038216863218029297
2019-01-30,0.0027635308931839623
2019-01-31,-0.008185609721484074
2019-02-04,0.006112374151275796
2019-02-05,-0.005566379990505519
2019-02-06,0.0018082565806129052
2019-02-07,-0.0037290669271348694
2019-02-08,0.0034234558796095824
2019-02-11,-0.0037542474246303275
2019-02-12,0.006670748093302551
2019-02-13,-0.002581057225246187
2019-02-14,-0.007762033172359577
2019-02-15,-0.003072966576309836
2019-02-18,0.005684537948382824
2019-02-19,0.00147128287798663
2019-02-20,-0.004213669045832701
2019-02-21,-0.0028604636988242066
2019-02-22,-0.005982345831921751
2019-02-25,-0.0007243098518846142
2019-02-26,0.0005097192712860655
2019-02-27,-0.0021452961007731304
2019-02-28,-0.008789301225792589
2019-03-04,-0.0002016681426800903
2019-03-05,0.0008451472846948259
2019-03-06,-0.010588713133828044
2019-03-07,0.000419801240629611
2019-03-08,-0.007233022906018285
2019-03-11,-0.002410155593486965
2019-03-12,0.002722614415352732
2019-03-13,-0.003084797057765459
2019-03-14,-0.000535561896375162
2019-03-15,-0.004898187180652417
2019-03-18,3.325568237747456e-05
2019-03-19,0.003100256897090758
2019-03-20,0.01283493920570292
2019-03-21,-0.0027794141363729633
2019-03-22,-0.012403687915952458
2019-03-25,0.014266474354981303
2019-03-26,0.0023785012299407516
2019-03-27,0.006745712936699956
2019-03-28,-0.00291160174920981
2019-03-29,-0.011523656723364143
2019-04-01,-0.004455181388264649
2019-04-02,-0.0062037576288517925
2019-04-03,-0.002506680535457461
2019-04-04,0.00392316592189564
2019-04-05,0.00406406101401384
2019-04-08,-0.0032033597852689903
2019-04-09,-0.0016885372024215755
2019-04-10,-0.0035522328443060177
2019-04-11,0.004147475407794167
2019-04-12,0.004476845613173107
2019-04-15,-0.00027987898644364476
2019-04-16,0.00192638307899542
2019-04-17,-0.006685046139547261
2019-04-18,0.010966535025908684
2019-04-19,0.00138596275197187
2019-04-22,-0.0068738011155912
2019-04-23,-0.0017094192106152548
2019-04-24,-0.0005745779211194094
2019-04-25,-0.0037118577304064487
2019-04-26,-0.007515717676815881
2019-04-29,0.00482771068884177
2019-04-30,-0.006213087030418138
2019-05-03,-0.010803244736793918
2019-05-06,0.0019262670252878822
2019-05-07,0.008346650989576475
2019-05-08,0.006449728911273241
2019-05-09,-0.010987789500070158
2019-05-10,0.006863878868018992
2019-05-13,-0.004436823841387189
2019-05-14,0.007644165611447696
2019-05-15,0.002931652001182798
2019-05-16,0.0007230929731097898
2019-05-17,-0.0012430637355566895
2019-05-20,-0.001423827257801807
2019-05-21,-0.008085562064314366
2019-05-22,0.005904107344627017
2019-05-23,-0.011021184109345918
2019-05-24,-0.0062399010218797575
2019-05-27,0.0011566021803513264
2019-05-28,-0.003710388743765731
2019-05-29,0.008057640342843729
2019-05-30,-0.0070974912444094
2019-05-31,0.00457508858403101
2019-06-04,-0.0038975269270159017
2019-06-10,-0.001741826236554154
2019-06-11,-0.0007509800870472059
2019-06-12,0.011201184695068532
2019-06-13,-0.001336297376733749
2019-06-14,0.009607006356255407
2019-06-17,-0.0022629603782972404
2019-06-18,-0.000931208538078917
2019-06-19,-0.004954129076173057
2019-06-20,-0.001234295985210655
2019-06-21,0.0011499715106131154
2019-06-24,-0.0005072062727723863
2019-06-25,0.0013836969055487625
2019-06-26,0.0024461154624654574
2019-06-27,0.00490290795749243
2019-06-28,-0.00449420275085553
2019-07-01,-0.009919503891246675
2019-07-02,-0.01076141839293319
2019-07-03,-0.00663001425693058
2019-07-04,0.002742656423085588
2019-07-05,0.013084773589506968
2019-07-08,0.0032868514604859466
2019-07-09,0.0019653086693488557
2019-07-10,0.0011243326416000576
2019-07-11,0.00011486092502408903
2019-07-12,-0.003116189309332622
2019-07-15,0.0036387689819266486
2019-07-16,-0.00805451891122835
2019-07-17,0.001068946241820983
2019-07-18,0.003568931555132742
2019-07-19,-0.0015627157252512882
2019-07-22,0.001303885575358982
2019-07-23,0.0023185724017581156
2019-07-24,0.005169123992824483
2019-07-25,0.0026777176761268295
2019-07-26,0.0037503876374324874
2019-07-29,-0.0004775314646852995
2019-07-31,-0.003367992215833937
2019-08-02,-0.0034085073041971664
2019-08-05,8.807497092799669e-05
2019-08-06,-0.0022062847882085585
2019-08-07,0.0013242542826061286
2019-08-08,-0.0024615438991057153
2019-08-09,-0.00047912198840721544
2019-08-15,0.00036017565145619575
2019-08-16,0.005387077721294438
2019-08-19,0.0006723461815420444
2019-08-22,4.0504784196196936e-05
2019-08-23,0.0008917847692232068
2019-08-26,0.005974376116148626
2019-08-27,0.0056310681638383295
2019-08-28,-0.0078667312454989
2019-08-29,0.00366256210162621
2019-08-30,0.006507589901452749
2019-09-03,-0.006313932098301999
2019-09-04,0.0038808744153296477
2019-09-05,0.0019408877389601325
2019-09-06,-0.0019557677138057226
2019-09-09,0.0016540616355148262
2019-09-10,-0.008078027674362068
2019-09-11,0.0005048046075410918
2019-09-12,0.005445138657195877
2019-09-13,-0.0017583686300631882
2019-09-16,0.00028741869705289057
2019-09-17,-0.002781534357769101
2019-09-18,-0.00016037683881002832
2019-09-19,0.00553906064161818
2019-09-20,-0.001823679539494872
2019-09-23,0.0041330819836868215
2019-09-24,0.005323049936858457
2019-09-25,-0.0008277219684476248
2019-09-26,0.003021829325871193
2019-09-27,0.006538656478136517
2019-09-30,0.010100171476510721
2019-10-02,0.0010155396173019953
2019-10-03,-0.0057048626458186735
2019-10-04,0.013228454426965023
2019-10-07,-0.006010420729913245
2019-10-08,-0.007413260243588636
2019-10-09,-0.003399837838215969
2019-10-10,-0.00015886134618069852
2019-10-11,0.0011788500429353956
2019-10-14,-0.002005718907454928
2019-10-15,0.004090784270655972
2019-10-16,-0.002407397221809514
2019-10-17,0.014772609318730265
2019-10-18,0.0165440071524747
2019-10-21,-0.009529316067999302
2019-10-22,-0.0006278890489313593
2019-10-23,0.0038216417779070506
2019-10-24,-0.002891668963314848
2019-10-25,0.015104015830953032
2019-10-28,-0.0006729639512780805
2019-10-29,-0.014267017849741295
2019-10-30,0.00839766467528244
2019-10-31,0.0010272361973797267
2019-11-04,-0.0019429865868543228
2019-11-05,-0.002263922414235159
2019-11-07,0.0012797286375156322
2019-11-08,0.004073297247778946
2019-11-12,-0.00951011984551991
2019-11-13,-0.0025149572844398865
2019-11-14,-0.0011027983494529426
2019-11-15,0.008720286223417941
2019-11-19,-0.0020265363272182315
2019-11-20,0.0011474320144592492
2019-11-21,0.008510887358881364
2019-11-22,0.0046976668259185225
2019-11-25,-0.0009438723272156185
2019-11-26,0.002643780672299151
2019-11-27,0.0032155960638620227
2019-11-28,-2.1160917929175454e-05
2019-11-29,0.005670808682510255
2019-12-03,-0.00399986972651375
2019-12-04,-0.0033370662752480558
2019-12-05,0.0005085780480928554
2019-12-06,0.004270794498422158
2019-12-09,-0.0021731647111115364
2019-12-10,-0.001035375866068516
2019-12-11,0.0046159168210070205
2019-12-12,-0.0024449720718950213
2019-12-13,0.005163190966362444
2019-12-16,4.7709977837828e-05
2019-12-17,0.006858896230495238
2019-12-18,-0.008402616922879975
2019-12-19,0.009561830530030494
2019-12-20,0.008031518571580746
2019-12-23,0.0014743355962029993
2019-12-24,0.006127068266169848
2019-12-25,-0.011604159908939923
2019-12-26,-0.0051292646347035975
2019-12-27,-0.010465642831912082
2019-12-30,0.005366527242009771
2019-12-31,-0.0033897182667857063
2020-01-03,0.0011224058854179563
2020-01-06,-0.005279480286558711
2020-01-07,0.0011434798852589909
2020-01-08,0.0033707030801424444
2020-01-09,0.007204887652491114
2020-01-10,-0.003644525219664717
2020-01-13,-0.0014462922772518398
2020-01-14,0.0016672959633857302
2020-01-15,-0.0009043292704515177
2020-01-16,0.00247271642314393
2020-01-17,0.008302469542739055
2020-01-20,-0.0021065109571096457
2020-01-21,-1.844255829538293e-05
2020-01-22,0.008526129138274458
2020-01-23,-0.0002938280892153051
2020-01-24,-0.0013417669239371634
2020-01-27,-0.0030806621441975207
2020-01-28,-0.00389445240949364
2020-01-29,0.0021517879669905207
2020-01-30,-0.0006710077779307745
2020-01-31,-0.003267342666286835
2020-02-04,-0.0071530308077209556
2020-02-05,-0.0001754745087754345
2020-02-06,-0.0006579424718951638
2020-02-07,0.0035435089533164244
2020-02-10,-0.005714989787868565
2020-02-11,-0.004838135367210324
2020-02-12,-0.004561756067651924
2020-02-13,0.0082648242784596
2020-02-14,0.011687423298369004
2020-02-17,0.0032232613085549735
2020-02-18,-0.005892394794451183
2020-02-19,0.004257439159637147
2020-02-20,-0.0048271146527450945
2020-02-21,-0.006259974635519785
2020-02-24,-0.008983339170464516
2020-02-25,0.004883064205530663
2020-02-26,0.003135694416211549
2020-02-27,0.0009549976773530342
2020-02-28,-0.007241203346415338
2020-03-03,-0.017312190955161205
2020-03-04,0.0027826648616403435
2020-03-05,0.000673651715372306
2020-03-06,-0.028641854520285975
2020-03-09,-0.04999345586189791
2020-03-10,0.03932213833695548
2020-03-11,0.005384480205635558
2020-03-12,-0.06129173402224382
2020-03-13,-0.017329517789037633
2020-03-16,-0.07297476043025908
2020-03-17,-0.022224279395678344
2020-03-18,-0.029418501371925535
2020-03-19,0.024663109696660246
2020-03-20,0.025359368980322476
2020-03-23,0.028446124204720036
2020-03-24,0.025897891814210486
2020-03-25,-0.011112043486899339
2020-03-26,0.005491443659838002
2020-03-27,-0.015938052398863218
2020-03-30,0.00103633098020524
2020-03-31,-0.004727392407279022
2020-04-02,0.0018982192055536306
2020-04-03,-0.008254617793515908
2020-04-06,-0.0028048436266670013
2020-04-07,-0.004899932829431461
2020-04-08,-0.0003876685670984491
2020-04-09,-0.003965691845436661
2020-04-10,0.0005763000583256473
2020-04-13,-0.002207748877212809
2020-04-14,0.004155075135692217
2020-04-15,0.0024549777718504556
2020-04-16,-0.0048161785002434855
2020-04-17,0.003605229428466277
2020-04-20,-0.004638227320853016
2020-04-21,-2.1613841148630615e-05
2020-04-22,-0.000929291058206624
2020-04-23,-0.006535365256939468
2020-04-24,0.004747618259893489
2020-04-27,-0.002156141970317147
2020-04-28,-0.0009719820438255516
2020-04-29,0.00854798387079506
2020-04-30,0.006231622934738321
2020-05-05,-0.0006491638993366658
2020-05-06,-0.0004403169465847245
2020-05-07,0.004065815864170288
2020-05-08,0.005273539733054067
2020-05-11,0.0027327413899428704
2020-05-12,-0.0015301047494290468
2020-05-13,-0.0026568720101817172
2020-05-14,0.002023814472107039
2020-05-15,0.0014863679520227542
2020-05-18,0.0007291862443991759
2020-05-19,0.0006673672952763886
2020-05-20,-0.006322893723797065
2020-05-21,-0.00025552870952632673
2020-05-22,-0.000788351689664108
2020-05-26,0.0034531006955381403
2020-05-27,0.0004968466622410976
2020-05-28,-0.0030132072936560565
2020-05-29,0.002916268779243958
2020-06-02,-0.003741014450629497
2020-06-03,0.003416152296092295
2020-06-04,0.006674970150113185
2020-06-05,0.005437757604698573
2020-06-08,0.008756479120238069
2020-06-09,-0.001011916373675133
2020-06-10,0.001021324697067902
2020-06-11,-0.0030118257763760516
2020-06-12,-0.00032961903952058626
2020-06-15,0.007553016353129477
2020-06-16,0.003290670571074424
2020-06-17,0.01419700481233978
2020-06-18,-0.0058579916019218855
2020-06-19,-0.002759755499686788
2020-06-22,0.004700309549387047
2020-06-23,-0.0005353595008621559
2020-06-24,-0.0030321438699379153
2020-06-25,-0.008917322349275518
2020-06-26,-0.007062035946282033
2020-06-29,0.00042895915863152043
2020-06-30,0.0025871452312001358
2020-07-02,-0.004426526857998979
2020-07-03,0.00412709339218316
2020-07-06,-0.0008996493941743074
2020-07-07,-0.001952428632941202
2020-07-08,-0.001705966048017262
2020-07-09,-6.171192052738043e-05
2020-07-10,-0.011519516799275225
2020-07-13,0.00016416054505770063
2020-07-14,-0.004687725455510674
2020-07-15,0.007886892893266141
2020-07-16,0.001357141692210769
2020-07-17,-0.0033844681190572544
2020-07-20,-0.004940277238185007
2020-07-21,-0.00017485194220966997
2020-07-22,0.0023246232660684867
2020-07-23,-0.0008076295318147719
2020-07-24,-0.0032707015253277405
2020-07-27,-0.002127433374546738
2020-07-28,-0.007602928738165708
2020-07-29,0.002715461447222323
2020-08-04,-0.009044964789284786
2020-08-05,0.0032212304823710704
2020-08-06,0.011532056288765679
2020-08-07,0.0009355543151047438
2020-08-10,0.0004469688385869256
2020-08-11,-0.0013998993144891437
2020-08-12,-0.006155635083178902
2020-08-13,-0.0023295445594261814
2020-08-17,0.00467820300267331
2020-08-18,0.0036197488106149383
2020-08-19,-0.0024724407716059708
2020-08-24,0.001448828973132406
2020-08-25,-0.0018761566135649462
2020-08-26,-0.0004787195647777372
2020-08-27,-0.0007800098103217219
2020-08-28,-0.001358328664586131
2020-08-31,0.002260713036541171
2020-09-02,-0.0048984035831984175
2020-09-03,-0.002229875875430251
2020-09-04,-0.011306531178207816
2020-09-07,0.007322943637728462
2020-09-08,-0.002665772607568649
2020-09-09,0.0030121185487845684
2020-09-10,-0.002379596518495023
2020-09-11,-0.002266883263199318
2020-09-14,0.0036533387188716748
2020-09-15,0.002429687660989619
2020-09-16,0.003654489724834246
2020-09-17,-0.002465152269128927
2020-09-18,0.0018552816776198481
2020-09-21,-0.0011972144303553645
2020-09-22,-0.002658095436040735
2020-09-23,-0.007392743068026015
2020-09-24,-0.0075713938973668736
2020-09-25,-0.0011034576276568431
2020-09-28,0.00411553246505729
2020-09-29,0.005826427654117959
2020-09-30,0.0016062591286008512
2020-10-02,-0.0027032071919781803
2020-10-05,0.0018492025679318273
2020-10-06,0.003808926703676074
2020-10-07,0.00035079707255594695
2020-10-08,-0.0012930194066083948
2020-10-09,0.0015858599985485546
2020-10-12,0.003436384592497546
2020-10-13,-0.0010661831137225243
2020-10-14,0.0006950773179533188
2020-10-15,0.00277824193899338
2020-10-16,-0.0012893839990299534
2020-10-19,-0.0003584530411565022
2020-10-20,0.0016199584607903747
2020-10-21,0.002315057156417493
2020-10-22,-0.0005092240444970452
2020-10-23,0.0036233065404824116
2020-10-26,-5.646718758604163e-05
2020-10-27,-0.0016689467686460775
2020-10-28,-0.0004167314150320838
2020-11-03,-0.0012927429295075876
2020-11-04,-0.0008113662637766312
2020-11-05,-4.897782707178065e-05
2020-11-09,0.004919374714537352
2020-11-10,4.019407158626892e-05
2020-11-11,-0.0019706071488176454
2020-11-12,0.0004709735740356591
2020-11-13,-0.0017701357756103246
2020-11-16,0.003511412199264394
2020-11-17,-0.004273224639754327
2020-11-19,0.002298264353458191
2020-11-20,0.003533473875872346
2020-11-23,0.002378161201646221
2020-11-24,0.0023823034506050248
2020-11-25,0.0015525682506850067
2020-11-26,0.0014344937766948929
2020-11-27,0.0001682884257210879
2020-11-30,0.0021530806400256496
2020-12-02,-0.0047711657770410434
2020-12-03,-0.0033002042876881903
2020-12-04,0.001582132048531259
2020-12-07,0.0021917795989571023
2020-12-08,-0.001990123440431041
2020-12-09,0.0005987089298942598
2020-12-10,0.003728414919572392
2020-12-11,0.012493552461677965
2020-12-14,0.0012159086179017087
2020-12-15,0.007246229972998771
2020-12-16,-0.006210399446783694
2020-12-17,0.003600128575649787
2020-12-18,-0.0034837596695099448
2020-12-21,-0.01996295677875663
2020-12-22,0.010362798400852894
2020-12-23,0.0016314567972989494
2020-12-24,-0.0005352779471634294
2020-12-25,-0.003032831742910016
2020-12-28,-0.007677055011186605
2020-12-29,-0.0004145957263732964
2020-12-30,0.0027641633794900505
2020-12-31,0.00539182719806799
2021-01-05,-0.0037925306301180724
2021-01-06,0.002000379475608796
2021-01-07,0.000391630183199106
2021-01-08,0.00103868456196431
2021-01-12,-0.0007886206617484639
2021-01-13,0.005113332381442804
2021-01-14,0.002911713847546737
2021-01-15,0.0013489433567062804
2021-01-18,0.0005029031410069115
2021-01-19,-0.005098336049420623
2021-01-20,-0.000982249338662229
2021-01-21,-0.0006803897823582726
2021-01-22,0.002930794177088335
2021-01-25,-0.0003735290186533064
2021-01-26,0.0039924587416087275
2021-01-27,0.0040095675275729605
2021-01-28,-0.004783329738631636
2021-01-29,0.0024101821635388702
2021-02-02,-0.0021971654981542527
2021-02-03,-0.006291730664291675
2021-02-04,-0.00813336564029332
2021-02-05,-0.01106779989736932
2021-02-08,-0.002612174362855101
2021-02-09,-0.007092189591178723
2021-02-10,-0.005193813524564704
2021-02-11,0.0036460246583646413
2021-02-12,0.000545321811563724
2021-02-15,-0.004028526307434106
2021-02-16,0.00192770287887574
2021-02-17,-0.0032010095989824057
2021-02-18,0.0005610543179989081
2021-02-19,-0.008698188187310532
2021-02-22,-0.002506335613404987
2021-02-23,-0.007439038981523554
2021-02-24,-0.006467919381837379
2021-02-25,0.00034771127713360215
2021-02-26,0.006578714241776993
2021-03-02,5.901003956446582e-05
2021-03-03,-0.0038926929675715187
2021-03-04,-0.002289964816060771
2021-03-05,0.0024643223960347273
2021-03-08,0.0050408899902195554
2021-03-09,-0.0022899609786644014
2021-03-10,0.00312758129916466
2021-03-11,-0.0034753820407354584
2021-03-12,0.0014526419166102083
2021-03-15,-0.0006001449961817295
2021-03-16,0.0021668380298256865
2021-03-17,0.0005981880594909713
2021-03-18,0.002041959863817871
2021-03-19,-0.008850154732971257
2021-03-22,0.0006010439186579123
2021-03-23,-0.003129133709642339
2021-03-24,-0.006395877911184632
2021-03-25,0.00023576993123065106
2021-03-26,0.0013951999090763675
2021-03-29,0.0025012416356573457
2021-03-30,-0.0005846687307639614
2021-03-31,-0.0017712925258445574
2021-04-02,-0.0038194791435092806
2021-04-05,-0.0036163500566580215
2021-04-06,-0.0006492691381071296
2021-04-07,-0.001380588186532299
2021-04-08,0.004398139719903728
2021-04-09,-0.004410548788626105
2021-04-12,0.0019293852043162029
2021-04-13,0.004386034718564958
2021-04-14,0.0008104988801364692
2021-04-15,0.0009353384775519106
2021-04-16,0.0005612362629411617
2021-04-19,0.0016870617877053958
2021-04-20,-0.007964810900772836
2021-04-21,0.002021638286847578
2021-04-22,0.003402828192126277
2021-04-23,0.0015789804368912012
2021-04-26,0.0051653590281077995
2021-04-27,0.003252480696305791
2021-04-28,0.004651211642727196
2021-04-29,0.0006707215757735305
2021-04-30,-0.0018220781115807438
2021-05-04,-0.0018927140376540333
2021-05-05,0.003159180750215873
2021-05-06,0.0032377901704392087
2021-05-07,-6.690040240099001e-05
2021-05-10,0.0035404105640568606
2021-05-11,-0.0007445780865491169
2021-05-12,0.004386755313607366
2021-05-17,0.0018265005486333523
2021-05-18,-0.0022102734864325123
2021-05-19,0.006207714435038822
2021-05-20,-0.00015169729402062803
2021-05-21,0.010048901898538937
2021-05-24,0.005212419249335503
2021-05-25,0.00384821472550461
2021-05-26,0.003583075508515999
2021-05-27,0.003320462227327221
2021-05-28,0.007012057188631157
2021-05-31,0.006513212953961837
2021-06-02,0.011642965437860862
2021-06-03,0.01194070270656627
2021-06-04,-0.005368323056578149
2021-06-07,0.003980251209508592
2021-06-08,0.004823797359441067
2021-06-09,-0.0037514079387692477
2021-06-10,0.014285772091320743
2021-06-11,0.016373210523898868
2021-06-14,-0.000446931931917693
2021-06-15,0.012296943279929164
2021-06-16,0.0033867238898434857
2021-06-17,0.011347565167749011
2021-06-18,0.00035097131275236974
2021-06-21,0.006541582421790391
2021-06-22,0.0014333915527897927
2021-06-23,0.0021756345622778294
2021-06-24,-0.005253139280273972
2021-06-25,0.0013415565749108466
2021-06-28,0.0011747525992632385
2021-06-29,-0.0034171466969910415
2021-06-30,-0.0014323879991197047
2021-07-02,0.0007710682236060033
2021-07-05,-0.000731848605465458
2021-07-06,-0.004118357359023706
2021-07-07,0.0038678586198865874
2021-07-08,0.0009002520419347566
2021-07-09,-0.0019962214388167397
2021-07-12,0.0010919530630881457
2021-07-13,-0.0006292707755311325
2021-07-14,-0.0011038580543519117
2021-07-15,-0.007592183377954889
2021-07-16,-0.00010443076972114507
2021-07-19,0.013544448707728512
2021-07-20,0.015796311712622264
2021-07-23,0.0006414875604657505
2021-07-26,-0.002277884774176183
2021-07-27,-0.00023418443943671905
2021-07-28,0.000958852187809403
2021-07-29,0.017430153496939108
2021-08-03,0.01994496610146774
2021-08-04,0.01929974292478353
2021-08-05,0.015814985807380978
2021-08-06,0.012912892049763421
2021-08-09,0.016624991626527214
2021-08-11,0.019965461225248945
2021-08-12,0.010763301201721543
2021-08-13,0.016139065297030884
2021-08-16,0.001462716523928059
2021-08-17,-0.008714396427367908
2021-08-18,-0.010615094276844176
2021-08-19,-0.014330650028548051
2021-08-23,0.009119869036195279
2021-08-24,0.0031090606353253725
2021-08-25,-0.0032729819634680682
2021-08-26,-0.014156758819729982
2021-08-27,-0.015861082449895297
2021-08-30,0.006166679278116212
2021-08-31,-0.011479722145792716
2021-09-02,0.01021222909458716
2021-09-03,0.01362811651214984
2021-09-06,0.000340744622927746
2021-09-07,0.005286363056843674
2021-09-08,-0.00869012530515521
2021-09-09,0.012022258994941972
2021-09-10,-0.0017779840913304348
2021-09-13,-0.0016288748032913015
2021-09-14,0.0022653020013001734
2021-09-15,0.00592348684181759
2021-09-16,-0.008456777693103374
2021-09-17,0.006187943526810874
2021-09-20,-0.007133935563356401
2021-09-21,0.0008314166251145135
2021-09-22,-0.0019396668107686422
2021-09-23,0.00040487636661771896
2021-09-24,0.00480366223344019
2021-09-27,0.0069998464746910275
2021-09-28,0.004488588938189463
2021-09-29,-0.005279982011302394
2021-09-30,-0.004279483110585828
2021-10-04,-0.022888906206171452
2021-10-05,0.008907979014414013
2021-10-06,-0.0007658662733697162
2021-10-07,0.003213983820287013
2021-10-08,0.0013084839577206504
2021-10-11,0.008284015675712186
2021-10-12,0.009882270221599156
2021-10-13,0.00400127433528006
2021-10-14,0.00881153747641213
2021-10-15,0.0008321722911291486
2021-10-18,0.0077366220795070705
2021-10-21,0.004539656973956091
2021-10-22,0.0072659612591537
2021-10-25,-0.00517532145082151
2021-10-26,0.002965510572012453
2021-10-27,0.011352200235878658
2021-10-28,0.010064308047768856
2021-10-29,-0.00020121350984038795
2021-11-02,-0.0010618119104579165
2021-11-03,0.0044553048311668855
2021-11-04,0.0037588164860653805
2021-11-05,-0.005591648844820245
2021-11-08,1.609473703035936e-05
2021-11-09,-0.002299214432531599
2021-11-10,-0.007563679693183025
2021-11-11,-0.005112702043138509
2021-11-12,-0.00012981696230234872
2021-11-15,0.004122128442480706
2021-11-16,0.005346793168524758
2021-11-17,-0.0007171895591894353
2021-11-19,0.004635842776799508
2021-11-22,0.0032288876763997393
2021-11-23,-0.01108992137862201
2021-11-24,0.004286251041567601
2021-11-25,-0.005511041522221868
2021-11-26,-0.0009805873648693567
2021-11-29,-0.008555264184482663
2021-11-30,-0.003922566955747873
2021-12-02,-0.006593802793066807
2021-12-03,-0.00523905944414468
2021-12-06,0.0011012322290679408
2021-12-07,0.0022245999892930835
2021-12-08,-0.005503557825783574
2021-12-09,0.00184008457302195
2021-12-10,0.00884812777290087
2021-12-13,-0.014122104944075557
2021-12-14,-0.006078649301094725
2021-12-15,-0.00876251491074507
2021-12-16,0.00972870313266701
2021-12-17,-0.004646039159954864
2021-12-20,-0.006420447061477294
2021-12-21,-0.009966747004550308
2021-12-22,0.001615273428203255
2021-12-23,-0.0037537140158292064
2021-12-24,0.00484571117636049
2021-12-27,0.0031021994541551726
2021-12-28,0.0023730368248437834
2021-12-29,0.009730760274906328
2021-12-30,-0.009713427772731414
2021-12-31,0.004589999611386652
2022-01-04,0.006083458308878095
2022-01-05,0.002868648528077775
2022-01-06,0.00514989242781583
2022-01-07,0.000749661900595041
2022-01-10,0.006232143311364628
2022-01-12,0.0019861766251845405
2022-01-13,0.0008586079316023679
2022-01-14,0.0016370938024350885
2022-01-17,-0.0010141024330104186
2022-01-18,0.004463346426558423
2022-01-19,0.008800255100563066
2022-01-20,0.009691058472142121
2022-01-21,0.010734214068701484
2022-01-24,0.004878290224904454
2022-01-25,-0.007095396571296317
2022-01-26,-0.0022305731997647313
2022-01-27,0.0006459378417489275
2022-01-28,-0.007986915625534134
2022-01-31,0.01669461055636648
2022-02-02,-0.01264672494971235
2022-02-03,0.006337751198290211
2022-02-04,0.002909337442343914
2022-02-07,2.378243453161645e-05
2022-02-08,-0.003405111326685116
2022-02-09,0.0009995661442104952
2022-02-10,0.004464820748921768
2022-02-11,-0.006559728276607118
2022-02-14,-0.0017104998211350498
2022-02-15,-0.0028940216235241634
2022-02-16,-0.004777612523649701
2022-02-17,-0.0015207469914184915
2022-02-18,0.001708317473621983
2022-02-21,-0.0052054675977133555
2022-02-22,-0.0053746022592967195
2022-02-23,0.007238420301026573
2022-02-24,-0.03398515386693501
2022-02-25,0.01893127963750267
2022-02-28,-0.010763970203490106
2022-03-02,-0.014699327594379327
2022-03-03,-0.011292414508399755
2022-03-04,0.007932923867144946
2022-03-07,-0.016027494572280903
2022-03-08,-0.00931835521582565
2022-03-09,0.012244289665483745
2022-03-10,-0.0062321915815217
2022-03-11,-0.0008364777487623369
2022-03-14,-0.007254535996711814
2022-03-15,0.00797750576313153
2022-03-16,-0.0085611292147376
2022-03-17,0.014773858724442026
2022-03-18,0.0006452914480170586
2022-03-21,-0.011164814348528921
2022-03-22,-0.001974617426278105
2022-03-23,-0.009412498846057979
2022-03-24,0.003963857804587241
2022-03-25,-0.0038592167642783576
2022-03-28,-0.00075483041166525
2022-03-29,0.0016181018809864058
2022-03-30,0.007440197690172446
2022-03-31,0.01009267026453776
2022-04-04,-0.013349037956756918
2022-04-05,-0.0026473196093381836
2022-04-06,0.005499805861247688
2022-04-07,0.0003216468941888993
2022-04-08,1.777197175932207e-05
2022-04-11,0.0063646337481747806
2022-04-12,0.006502239433567108
2022-04-13,0.0004950831285296645
2022-04-14,-0.007013554119720565
2022-04-15,-0.0010779953383966666
2022-04-18,0.0005359251396683727
2022-04-19,-0.0013843696821559616
2022-04-20,0.00533436354571576
2022-04-21,0.004387310658376279
2022-04-22,0.01131224506118167
2022-04-25,-0.0008781212308228624
2022-04-26,0.006755782942517301
2022-04-27,0.004941180980136401
2022-04-28,0.004751861737717589
2022-04-29,0.0023716243406271824
2022-05-05,-0.0049638492108347735
2022-05-06,1.167582022937308e-05
2022-05-09,0.0035685160412291038
2022-05-10,-0.005509024250722316
2022-05-11,-0.005596943092969237
2022-05-12,-0.006499440160097053
2022-05-13,0.007642112459018437
2022-05-16,0.00171313495811189
2022-05-17,-0.0013238240555185092
2022-05-18,0.0031809472350307726
2022-05-19,-0.0021683203095212537
2022-05-20,-0.0033495368532068157
2022-05-23,0.0016257460844203437
2022-05-24,-0.007442788499633038
2022-05-25,-0.008157320903157007
2022-05-26,-0.0011303261365811484
2022-05-27,-0.005275709972273049
2022-05-30,-0.0021680653362803537
2022-05-31,0.002488945008736843
2022-06-02,0.0018430096536311827
2022-06-03,0.009565783905503214
2022-06-06,0.0019722036732527782
2022-06-07,0.0015019385162480306
2022-06-08,-0.005314528740260361
2022-06-09,0.002059476787052715
2022-06-10,-0.003666823950982858
2022-06-13,-0.013670164662507318
2022-06-14,-0.008572956647761474
2022-06-15,-0.003121486595597288
2022-06-16,-0.0008663877311245992
2022-06-17,-0.014326286066616182
2022-06-20,-0.0009733415857697979
2022-06-21,0.0061905457366798495
2022-06-22,-0.0026611073554536975
2022-06-23,7.493263373657677e-05
2022-06-24,-0.0077999207420895176
2022-06-27,0.001243018671772444
2022-06-28,0.0017889875532775862
2022-06-29,-0.0010559736737233648
2022-06-30,-0.002825989406802513
2022-07-04,-0.005316706052455957
2022-07-05,-0.012166064987517364
2022-07-06,-0.003445484845234985
2022-07-07,0.006688551181174997
2022-07-08,0.0029757390104579572
2022-07-12,-0.01013671954777629
2022-07-13,0.006477260783656818
2022-07-14,-0.004144727707273185
2022-07-15,0.012590043877007254
2022-07-18,0.001940114039592233
2022-07-19,0.009201149423229645
2022-07-20,-0.006383701094305053
2022-07-21,0.0025251170643931747
2022-07-22,-0.0015616293065685066
2022-07-25,-0.002031048602109111
2022-07-26,-0.000458394560518487
2022-07-27,0.005262811819778872
2022-07-28,0.0014305112460486695
2022-07-29,0.00011367403175629777
2022-08-02,3.2917524659999836e-05
2022-08-03,-0.0022322876884748356
2022-08-04,0.007261740214111922
2022-08-05,0.010115979036254975
2022-08-08,0.007788740350794782
2022-08-09,-0.00015452475557391156
2022-08-10,-0.005660796119696444
2022-08-11,0.006372472769746155
2022-08-12,0.013440907547212343
2022-08-15,-0.003438329598203465
2022-08-16,0.0020383241173251763
2022-08-17,0.0002754154418629547
2022-08-18,-0.004016339577188826
2022-08-19,0.005194306386388946
2022-08-22,-0.003888524540773936
2022-08-23,-0.0014227476931467171
2022-08-24,0.0015022485516528574
2022-08-25,-0.002777152120092422
2022-08-26,0.00035313477929294675
2022-08-29,0.002479505759637666
2022-08-30,-0.0011205157295521193
2022-08-31,0.0035501498526935363
2022-09-02,0.0020934049397499373
2022-09-05,-0.007094923182235874
2022-09-06,-0.0005922811021264724
2022-09-07,0.0013121498038509351
2022-09-08,-0.0023484664272960453
2022-09-09,-0.0014086683545670418
2022-09-12,-0.0021212554168464066
2022-09-13,0.0030556073810372657
2022-09-14,0.0008193092348852017
2022-09-15,0.0012500111703907257
2022-09-16,0.0029690176801231674
2022-09-19,-0.009322487245512259
2022-09-20,0.005992377041884732
2022-09-21,0.009876008596866418
2022-09-22,0.0064056135943551485
2022-09-23,-0.0003587335280831305
2022-09-26,-0.009816772239777291
2022-09-27,-0.0048695190028825944
2022-09-28,-0.012265915530685623
2022-09-29,-0.015713416679069135
2022-09-30,-0.011092150241575484
2022-10-04,-0.0016772078980676168
2022-10-05,-0.005284564119182556
2022-10-06,0.004504665472881851
2022-10-07,-0.0008934460105983589
2022-10-11,0.005668645385229648
2022-10-12,-0.005872990971932244
2022-10-13,0.0029021913082500233
2022-10-14,-0.011378717358243981
2022-10-17,-0.000989536868837697
2022-10-18,-0.0012361089988343799
2022-10-19,-0.006125575763929579
2022-10-20,-0.012683737024508942
2022-10-21,-0.009418578554628505
2022-10-24,-0.004448143807803088
2022-10-25,0.008438915283245661
2022-10-26,0.000782335909540858
2022-10-27,0.003867379322534592
2022-10-28,0.001087932801815789
2022-10-31,0.0013931237008920172
2022-11-02,-0.00983654904205341
2022-11-03,-0.00789887291605163
2022-11-04,-0.0001277203155860488
2022-11-07,-0.008186320913606897
2022-11-08,-0.0015088799195476109
2022-11-09,-0.0008673417253421058
2022-11-10,-0.010886660178522077
2022-11-11,-0.005227600490508749
2022-11-14,-0.00042979219423908187
2022-11-15,0.004419213279602988
2022-11-16,-0.010156310702711818
2022-11-17,0.008224980834146255
2022-11-21,0.0013963930968463188
2022-11-22,0.0025677385245984493
2022-11-23,-0.0009507243999432645
2022-11-24,-0.009697662708279937
2022-11-25,0.006511437320816751
2022-11-28,-0.003985260547579725
2022-11-29,0.011295578096037368
2022-11-30,0.013759716502128394
2022-12-02,-0.0010678112740079432
2022-12-05,0.01688416335776243
2022-12-06,0.00461620058611535
2022-12-07,0.006054882840082274
2022-12-08,0.00013451400409420113
2022-12-09,-0.003932549351691517
2022-12-12,-1.979576382602398e-05
2022-12-13,0.003937271769557004
2022-12-14,-0.005024256232898292
2022-12-15,-0.0049313355625556785
2022-12-16,-0.006043949471617137
2022-12-19,0.0055098027851597335
2022-12-20,-0.01606642145048964
2022-12-21,0.005392672804106169
2022-12-22,0.007928375985441445
2022-12-23,-0.010470487112265083
2022-12-26,0.002569095764060212
2022-12-27,-0.0028526464960514785
2022-12-28,-0.002968621543008577
2022-12-29,-0.020017978592466196
2022-12-30,-0.01195256197510345
2023-01-02,-0.006998254185667253
2023-01-03,-0.014937859690465868
2023-01-04,-0.009733233367443776
2023-01-05,-0.0343072974206096
2023-01-06,-0.022559374277844945
2023-01-09,0.008248208388021294
2023-01-10,0.024811020861662744
2023-01-12,0.009072789297288388
2023-01-13,0.006965557464662403
2023-01-16,0.0025722937753860356
2023-01-17,0.008185294729268246
2023-01-18,0.004805628107262488
2023-01-19,-0.0011702464636581926
2023-01-20,-0.0013557131394830871
2023-01-23,0.007076668567621249
2023-01-24,-0.005803053613405118
2023-01-25,0.0033162129565324485
2023-01-26,-0.002663395796214894
2023-01-27,-0.0037186540907355875
2023-01-30,-0.002455247128602283
2023-01-31,0.00343118114807231
2023-02-02,0.008559320641937797
2023-02-03,0.0033134948289633716
2023-02-06,0.00041701948219975964
2023-02-07,0.007572244543534296
2023-02-08,0.007731059600410923
2023-02-09,0.006959847645884475
2023-02-10,0.001941659758146294
2023-02-13,-0.004615396527683896
2023-02-14,-0.005380492102364324
2023-02-15,0.0008954983179050038
2023-02-16,-0.005840440758364132
2023-02-17,0.009421731455754518
2023-02-20,-0.0018887629427624894
2023-02-21,-0.0008727934657207915
2023-02-22,0.00037385165773415904
2023-02-23,0.002738440890754577
2023-02-24,0.010010025957877483
2023-02-27,0.0014623034049430481
2023-02-28,-0.0012612846678966758
2023-03-02,-0.006206136692994498
2023-03-03,-0.007743529550243279
2023-03-06,0.0008573311841325145
2023-03-07,0.004161334210890554
2023-03-08,-0.00318134629194465
2023-03-09,-0.005341149539978403
2023-03-10,-0.0029264206178241797
2023-03-13,-0.00418757445558535
2023-03-14,2.9030585819461024e-05
2023-03-15,-0.005345397209753728
2023-03-16,0.003521752173096106
2023-03-17,0.0006904395522568395
2023-03-20,0.004917147673032126
2023-03-21,-0.005038307530810035
2023-03-22,0.006156785448183888
2023-03-23,-0.003588183311453772
2023-03-24,-0.0010635574764504903
2023-03-27,-0.0025238253451187426
2023-03-28,0.002154086800142614
2023-03-29,0.002750970752603716
2023-03-30,-0.009103421809884367
2023-03-31,-0.007657558522758286
2023-04-04,-0.0011756396517886686
2023-04-05,0.00521224750437039
2023-04-06,-0.0008440512114654052
2023-04-07,0.0020022450494111056
2023-04-10,0.005184062481661756
2023-04-11,0.003491062988120956
2023-04-12,0.0008409600743204692
2023-04-13,0.003318145925929534
2023-04-14,-0.002850011669850724
2023-04-17,-0.0009464869813259925
2023-04-18,0.0013851335396274167
2023-04-19,-0.0007764461974843918
2023-04-20,-8.322970412068375e-05
2023-04-21,0.0017336675723441356
2023-04-25,0.00022074491566814419
2023-04-26,-0.0035268230753636343
2023-04-27,0.0037373150057030645
2023-04-28,-0.003079990790532047
2023-05-03,-0.0075142428658830935
2023-05-04,0.0026056368802343044
2023-05-05,-0.013636355190268196
2023-05-08,2.0809119579539752e-05
2023-05-09,-0.005914454172198044
2023-05-10,0.007806524685172816
2023-05-11,0.007007544762391538
2023-05-12,0.01016835293382865
2023-05-15,0.0011864448515244523
2023-05-16,0.009368454453081505
2023-05-17,0.0026031151539683147
2023-05-18,-0.00033829026821267374
2023-05-19,0.006987729632488196
2023-05-22,0.002531120174589691
2023-05-23,0.002467310396469878
2023-05-24,0.007592329864819388
2023-05-25,-0.006988572067985725
2023-05-26,0.01109938653722203
2023-05-29,0.011073696065292666
2023-05-30,-0.007587787063460051
2023-05-31,0.0010830115138179101
2023-06-02,0.0042883457630746484
2023-06-05,-0.0010215159019726352
2023-06-06,-0.005281364359076087
2023-06-07,-0.013765581890783514
2023-06-08,0.008964491860666154
2023-06-09,-0.006744348010704617
2023-06-12,0.004693926651206182
2023-06-13,0.00909240711957664
2023-06-14,0.00318084726988983
2023-06-15,0.013590828946699792
2023-06-16,0.00916100494950995
2023-06-19,-0.002988888628453837
2023-06-20,0.017703976991359904
2023-06-21,-0.015404003606097467
2023-06-22,0.0030705388145869277
2023-06-23,0.002237402569615186
2023-06-26,-0.004464011706814771
2023-06-27,0.003457889364559668
2023-06-28,-0.003745327042097978
2023-07-03,0.004308720573833456
2023-07-04,0.01104087739622984
2023-07-05,0.006520010567137221
2023-07-06,-0.003181227093457108
2023-07-07,-0.0006055996872264405
2023-07-10,-0.005407495403460432
2023-07-11,-0.0037959489114390886
2023-07-12,-0.0008197408342639145
2023-07-13,0.003419621780381306
2023-07-14,0.0009688576530590977
2023-07-17,0.0011162482765689943
2023-07-18,0.00826507093555243
2023-07-20,-0.001277045722648268
2023-07-21,0.0020212544567922357
2023-07-24,0.0045375649061959854
2023-07-25,-0.0030336307270975153
2023-07-26,-0.006741749751827495
2023-07-27,0.015567905144579971
2023-07-28,0.0062366224769094284
2023-07-31,0.0009490970433266193
2023-08-02,0.0006428810596668688
2023-08-03,-0.004996930145597697
2023-08-04,0.003094711343629597
2023-08-07,-0.00036326389051477624
2023-08-08,-0.0039507942343650895
2023-08-09,-0.002367816965265555
2023-08-10,0.007286780711529838
2023-08-11,-0.008381013787067737
2023-08-15,0.0038507628301888796
2023-08-16,-0.0004297453073971196
2023-08-17,0.006883744653275826
2023-08-18,-0.004282233591011386
2023-08-22,-0.0008524741098743901
2023-08-23,0.0026376367906790514
2023-08-24,-0.003597343616793357
2023-08-25,-0.004393024285246646
2023-08-28,-0.012213444934701332
2023-08-29,0.009327711535277585
2023-08-30,0.012995573413727006
2023-08-31,0.00946681989442636
2023-09-04,-0.0016035733461102727
2023-09-05,-0.0006359953283631853
2023-09-06,-0.008836022496126804
2023-09-07,0.001094105490084166
2023-09-08,-0.005812885205605382
2023-09-11,-0.017534410026922104
2023-09-12,0.002206698966929202
2023-09-13,0.006987746779563083
2023-09-14,0.006991402735236412
2023-09-15,0.0009427645948708298
2023-09-18,0.008974238402035414
2023-09-19,0.0056360834960732555
2023-09-20,0.019127289422426422
2023-09-21,0.00027472243747767966
2023-09-22,0.014901104112521334
2023-09-25,0.019357425935619777
2023-09-26,0.0166890923690973
2023-09-27,0.009281133488845347
2023-10-02,0.0015760567966407566
2023-10-03,-0.006422397768988679
2023-10-04,-0.01148238707289608
2023-10-05,0.03478338008616242
2023-10-06,0.0012628791039953817
2023-10-09,-0.0015972799651955065
2023-10-10,0.0049209485269181485
2023-10-11,0.02369559686212949
2023-10-12,0.0010203659643786285
2023-10-13,-0.0032413262222339475
2023-10-16,0.009613275265716384
2023-10-17,-0.00995164308754353
2023-10-18,0.008117602350568744
2023-10-19,0.0005422952637129185
2023-10-20,-0.01254873497361116
2023-10-23,-0.00630541733384167
2023-10-24,-0.0018755856878959576
2023-10-25,4.897100243449135e-05
2023-10-26,-0.015433419907069253
2023-10-27,0.0065957822407130265
2023-10-30,-0.0030985328607766095
2023-10-31,0.014695388815881897
2023-11-02,-0.008857090208032693
2023-11-03,0.0018264535001550005
2023-11-07,-0.0022029149036165833
2023-11-08,-0.004475369351729274
2023-11-09,-0.0019161372384257473
2023-11-10,0.006805260524596034
2023-11-13,0.0012856304291936572
2023-11-14,-0.0006352059906007477
2023-11-15,-0.004108739071594285
2023-11-16,-0.014289601481282693
2023-11-17,-0.0036656070183243307
2023-11-20,0.006606683855465772
2023-11-21,0.00964380553916082
2023-11-22,-0.002522437869651598
2023-11-23,-0.002372963080574138
2023-11-24,-0.0011212254052313313
2023-11-27,-0.002091875821854493
2023-11-28,-0.00404276461429399
2023-11-29,-0.002516044581170466
2023-11-30,0.003638036095817155
2023-12-04,-0.004220610541333752
2023-12-05,0.006181745127651771
2023-12-06,-0.004221667507059455
2023-12-07,0.00569885507472337
2023-12-08,-0.0016505043268718186
2023-12-11,-0.004336275567481814
2023-12-12,0.0015592367510879064
2023-12-13,0.0038090130282066423
2023-12-14,0.010863467086492442
2023-12-15,0.004578858391207743
2023-12-18,0.004392362978158128
2023-12-19,0.007724248586080066
2023-12-20,9.653988633614549e-05
2023-12-21,-0.009108475915163013
2023-12-22,5.080517137752073e-05
2023-12-25,-0.007771657257611161
2023-12-26,-0.006299300477555736
2023-12-27,-0.005736068919610208
2023-12-28,0.006131769624525342
2023-12-29,-0.0006413472921992504
2024-01-02,0.0017655649231952892
2024-01-03,0.0005646322079019254
2024-01-04,0.005263283981431457
2024-01-05,0.00710093472232665
2024-01-08,-0.002184951829528938
2024-01-09,0.0068010128342855915
2024-01-10,0.009252681569551773
2024-01-12,-6.39911694578524e-05
2024-01-15,-0.011201391483822851
2024-01-16,0.009141263138355912
2024-01-17,0.008813117095427588
2024-01-18,-0.0011613998907919402
2024-01-19,0.0033783529289211508
2024-01-22,0.0018644781298699771
2024-01-23,0.003039349224662344
2024-01-24,-0.005204977681915956
2024-01-25,0.001273141224230205
2024-01-26,-9.667597555915283e-06
2024-01-29,-0.0014683685843248629
2024-01-30,0.0073090241719552355
2024-01-31,0.012615195490231514
2024-02-02,-0.009300469923340597
2024-02-05,-0.0012287952829014837
2024-02-06,0.00614065098335221
2024-02-07,0.0036780044285812776
2024-02-08,0.016305909004284146
2024-02-09,0.0026318128985515794
2024-02-12,0.010875706474723312
2024-02-13,0.017303605081977477
2024-02-14,0.00664689968206042
2024-02-15,-0.004372653218675498
2024-02-16,0.0023493848132364282
2024-02-19,0.0060574995193074885
2024-02-20,-0.004410703256000908
2024-02-21,0.00507892937279295
2024-02-22,0.0014036194500601253
2024-02-23,0.008582255448965188
2024-02-26,0.0032709993986243316
2024-02-27,0.011101938159487044
2024-02-28,-0.0003654989387580181
2024-02-29,-0.0031138375824529027
2024-03-04,-0.007359798525716973
2024-03-05,-0.0022174168231545266
2024-03-06,0.000575776699715952
2024-03-07,0.00030442990241068735
2024-03-08,0.0030994311038363767
2024-03-11,-0.006423015257160156
2024-03-12,-0.0018227626107158647
2024-03-13,0.008481234043612108
2024-03-14,0.0025634167503854415
2024-03-15,0.003630471081264171
2024-03-18,0.006941991020721624
2024-03-19,-0.00023418526647652922
2024-03-20,-0.004046758313840862
2024-03-21,0.0027951807519273515
2024-03-22,0.00044386369189519637
2024-03-25,0.0007481133862950691
2024-03-26,-0.00775099234735091
2024-03-27,0.014790986577493923
2024-03-28,0.005170544724266611
2024-03-29,0.007665831124698496
2024-04-01,0.007729463180319352
2024-04-02,0.009791533241355966
2024-04-03,0.0056651958386116415
2024-04-04,0.0029987346958148097
2024-04-05,0.0037576823913125276
2024-04-08,0.028204166303876933
2024-04-09,0.01644579287594291
2024-04-15,0.004137952027064883
2024-04-16,-0.0025797020899293492
2024-04-17,-0.01148176774020039
2024-04-18,0.009019111264094328
2024-04-19,-0.005172809543390596
2024-04-22,-0.016711156105819764
2024-04-23,0.0011932644982035692
2024-04-24,0.0057420209609259235
2024-04-25,0.0030090394419588847
2024-04-26,0.0016907492472458992
2024-04-29,0.006432063066384538
2024-04-30,-0.003048548072179716
2024-05-03,-0.005244082101280854
2024-05-06,-0.006305441255184894
2024-05-07,-0.0019542065092497283
2024-05-08,0.0051265429732214015
2024-05-09,0.00037269161254621565
2024-05-10,0.006839331272657299
2024-05-13,0.018086418332441737
2024-05-14,-0.01328265159125509
2024-05-15,-0.007407250656611286
2024-05-16,8.57983855323781e-05
2024-05-17,-0.00609756018436132
2024-05-20,0.003755828000728891
2024-05-21,-0.005165049989386465
2024-05-22,-0.013035666970371023
2024-05-23,0.0005687197252365241
2024-05-24,0.003004984248064603
2024-05-27,0.0004861232510754552
2024-05-28,-0.0028232141459974443
2024-05-29,0.0005678644339751432
2024-05-30,0.003881486130840082
2024-05-31,-7.267712587521257e-05
2024-06-04,-0.008384636047497026
2024-06-05,-0.023966480941713515
2024-06-06,0.008396057979469677
2024-06-07,-0.0012230821388600137
2024-06-10,-0.002350615452102789
2024-06-11,0.0018206626831592369
2024-06-12,0.009383579728872105
2024-06-13,0.0030668800789169963
2024-06-14,-0.003405604651988511
2024-06-19,0.005265754582481537
2024-06-20,-0.004984689488432543
2024-06-21,-0.00019524697361274307
2024-06-24,-0.0055455365670208576
2024-06-25,0.020457253469923987
2024-06-26,-0.013079439920124874
2024-06-27,0.0014976521172817064
2024-06-28,-8.52281618887083e-05
2024-07-01,-0.005304219130485456
2024-07-02,0.006741812312232503
2024-07-03,-0.0012171302961071617
2024-07-04,0.008849035843509477
2024-07-05,0.0006375470245265517
2024-07-08,-0.000693366076788501
2024-07-09,-0.002399446845157115
2024-07-10,0.005946395513431513
2024-07-11,0.013972113723558005
2024-07-12,0.013278918583699112
2024-07-15,0.0018568099175891336
2024-07-16,-0.0005606514006337659
2024-07-17,0.010683598577865267
2024-07-18,-0.0023785918826636585
2024-07-19,0.01074050702091159
2024-07-22,-0.001592248529903658
2024-07-23,0.004716574591006748
2024-07-24,0.007152750079703083
2024-07-25,-0.0021974193862929316
2024-07-26,0.009921616232632779
2024-07-29,0.008292480012062278
2024-07-31,0.0076336276379796566
2024-08-02,-0.0016531432598712956
2024-08-05,-0.045581671366159086
2024-08-06,0.019281244901817998
2024-08-07,0.003396351244413528
2024-08-08,0.0011195091235480937
2024-08-09,0.0010555558314291479
2024-08-12,0.00014360155738547077
2024-08-13,0.004072656512393896
2024-08-15,0.0028309223872425857
2024-08-16,0.0026986197885631234
2024-08-19,-0.0018504620513175374
2024-08-22,0.0036782742280323483
2024-08-23,0.0005297061203196048
2024-08-26,-0.002592821678715838
2024-08-27,0.006634461034989299
2024-08-28,0.01454822166342073
2024-08-29,0.031422476461098914
2024-08-30,-0.0027249898266632606
2024-09-03,-0.01095261680621575
2024-09-04,0.002093220760327728
2024-09-05,0.012080597498813074
2024-09-06,0.0030954756515996257
2024-09-09,0.006228519159593378
2024-09-10,0.001334345398606792
2024-09-11,0.00438479172152252
2024-09-12,0.0030249090131865843
2024-09-13,-0.0009622068958728286
2024-09-18,0.010844977260870633
2024-09-19,-0.0003198102118469679
2024-09-20,5.728739535951342e-05
2024-09-23,0.0010865982198349801
2024-09-24,-0.006912223388107158
2024-09-25,0.010385181124212708
2024-09-26,0.00880817104347654
2024-09-27,0.003833984052589867
2024-09-30,-0.0007771332822141232
2024-10-02,-0.007235188919629749
2024-10-03,0.007740069980988113
2024-10-04,0.003947503114588319
2024-10-07,-0.007671995837191939
2024-10-08,-0.011403959961419508
2024-10-09,0.010235231678653018
2024-10-10,0.0026155856136927096
2024-10-11,-0.0032867402981993214
2024-10-14,-0.005815115313709403
2024-10-15,-0.0172298993596484
2024-10-16,0.0026830494745657377
2024-10-17,0.0037937345063143732
2024-10-18,0.007263547332036862
2024-10-21,0.002483364266138565
2024-10-22,0.0032081295542203633
2024-10-23,0.0017260370376035198
2024-10-24,0.00041461055801080433
2024-10-25,0.005566000798290619
2024-10-28,0.012887829483001477
2024-10-29,0.0021007089130216277
2024-10-30,-0.012191711696153554
2024-10-31,0.0037748529292572857
2024-11-04,0.001919246634494267
2024-11-05,0.008142471403629482
2024-11-07,0.0094888413282609
2024-11-08,0.014439648119267923
2024-11-11,-0.00239857388469047
2024-11-12,0.0008764802943984009
2024-11-13,-0.008624598578244054
2024-11-14,-0.0008157159159704567
2024-11-15,0.008166569914945803
2024-11-19,-0.001030332254870755
2024-11-20,-0.009262477264272604
2024-11-21,-0.007111351194749414
2024-11-22,-0.0023574905675060997
2024-11-25,-0.00646299841147206
2024-11-26,0.014467728684399122
2024-11-27,-0.0023556058222825825
2024-11-28,-0.0030791755716089524
2024-11-29,0.002127478969378547
2024-12-03,0.0007507245584577977
2024-12-04,0.0024538620426931127
2024-12-05,0.003088121650492144
2024-12-06,0.0012317100483365422
2024-12-09,0.00019467237136385707
2024-12-10,-0.0023015015487860596
2024-12-11,-0.0039128223030814036
2024-12-12,0.0010096766651226318
2024-12-13,0.0020301281960876036
2024-12-16,-0.0025546356391425063
2024-12-17,0.007379529509980997
2024-12-18,0.002780904469651699
2024-12-19,-0.0029227204001307868
2024-12-20,0.0034119860430991034
2024-12-23,0.0036860967541560807
2024-12-24,-0.006927253415453542
2024-12-25,-0.002935088110203859
2024-12-26,0.002619275564018593
2024-12-27,-0.0017816859878954014
2024-12-30,0.013769086052573579
2024-12-31,0.0025515032789124835
2025-01-03,0.010168209152816608
2025-01-06,0.01632170632469468
2025-01-07,-0.004728775773574135
2025-01-08,0.010402737064286708
2025-01-09,-0.0006807586055724049
2025-01-10,-0.0006003361514084433
2025-01-13,0.0007880062954439643
2025-01-15,0.008749519973059507
2025-01-16,0.008268020408944442
2025-01-17,-0.0023568835305663688
2025-01-20,-0.004814374752449679
2025-01-21,-0.01670221559367697
2025-01-22,0.007110191497084253
2025-01-23,0.010915646049098419
2025-01-24,0.0003032135074722131
2025-01-27,-0.002073714960615446
2025-01-28,0.0005561619664603733
2025-01-29,0.004816306521770416
2025-01-30,0.006977310380100591
2025-01-31,-0.0042839966863885345
2025-02-04,0.00043036126074226
2025-02-05,0.0037791578152254687
2025-02-06,0.0037190533426157447
2025-02-07,0.0018084596278216097
2025-02-10,-0.005216577701381502
2025-02-11,-0.0022483406063459038
2025-02-12,7.533773564547101e-05
2025-02-13,0.0014051727417437633
2025-02-14,0.0066665138945031215
2025-02-17,0.009860924804239979
2025-02-18,-0.0013217781279183797
2025-02-19,0.016546958149692256
2025-02-20,0.011896220277159452
2025-02-21,-0.0056006554379423494
2025-02-24,0.0009904129236360966
2025-02-25,0.0007821072077191746
2025-02-26,0.008685311761952962
2025-02-27,-0.013411835951162162
2025-02-28,-0.005851565146708395
2025-03-04,-0.006144293155912282
2025-03-05,0.00758143689860362
2025-03-06,0.004196621546157826
2025-03-07,0.002170475055943181
2025-03-10,0.0021501579387428016
2025-03-11,-0.006440971411616583
2025-03-12,-0.0013130238254384316
2025-03-13,0.010035189786510136
2025-03-14,0.007910472723532284
2025-03-17,0.01683981300923339
2025-03-18,0.014731348833921258
2025-03-19,0.015333101602830643
2025-03-20,0.005211954008262515
2025-03-21,0.021496883337131685
2025-03-24,0.0071530395331959404
2025-03-25,-0.01314758366121498
2025-03-26,-0.006039765294322168
2025-03-27,-0.005924676965126717
2025-03-28,0.004221757425548085
2025-04-02,0.000798748381772533
2025-04-03,-0.027715480264397036
2025-04-04,0.004016055730193289
2025-04-07,-0.06359765996061473
2025-04-08,0.018620151453922658
2025-04-09,-0.028416852659388158
2025-04-10,0.03859840895485689
2025-04-11,-0.016519413556890343
2025-04-14,0.03377385215312953
2025-04-15,0.03697030176652315
2025-04-16,-0.0034308961457016843
2025-04-17,0.004228054000250989
2025-04-18,0.012976383560468645
2025-04-21,0.0002199268281214748
2025-04-22,0.0006330874570437248
2025-04-23,-0.0017186484674133874
2025-04-24,0.010875171456659841
2025-04-25,0.006361918612370624
2025-04-28,0.0023377679299448587
2025-04-29,-0.002324916895890805
2025-04-30,-0.0034468843897526432
2025-05-05,-0.004611779590610385
2025-05-06,0.0019083766697178363
2025-05-07,0.008621820588539242
2025-05-08,-0.008981492397118658
2025-05-09,0.012431152540448766
2025-05-12,0.008037895587327596
2025-05-13,0.007540847922457603
2025-05-14,0.0007991678603925974
2025-05-15,0.001339978933770295
2025-05-16,-0.009334061885754174
2025-05-19,0.00100799257805556
2025-05-20,-0.003662118122551683
2025-05-21,0.002497194625247411
2025-05-22,0.005653277157341522
2025-05-23,0.005492034784775117
2025-05-26,-0.0016221975027394073
2025-05-27,0.0010669750144535596
2025-05-28,-0.0023303429500327205
2025-05-29,-0.003767426894083605
2025-05-30,0.006680744315298681
2025-06-03,-0.006409746204767867
2025-06-04,0.009796901977369328
2025-06-05,0.010816387709017621
2025-06-06,-0.0021833039993111834
2025-06-10,0.008628949620531595
2025-06-11,-0.002592269917510036
2025-06-12,-0.0014002378469949142
2025-06-13,-0.020290535952902974
2025-06-16,0.001307274097577683
2025-06-17,-0.0016920686779065464
2025-06-18,-0.01812402593175632
2025-06-19,-0.01048838376250855
2025-06-20,0.011538897294774135
2025-06-23,-0.010969765176697106
2025-06-24,0.01984956748430101
2025-06-25,0.01335836094553829
2025-06-26,0.033637756237041724
2025-06-30,0.010332996354742973
2025-07-02,0.026135496114872106
2025-07-03,-0.02270158523143971
2025-07-04,-0.010695598477467016
2025-07-07,-0.013493990449263296
2025-07-08,-0.003216197860851011
2025-07-09,-0.008483232376972674
2025-07-10,0.01091410038756398
2025-07-11,0.008009765203827022
2025-07-14,-0.010865725981064011
2025-07-15,-0.007079335187300608
2025-07-16,-0.00201651806188704
2025-07-17,-0.0007150589097182367
2025-07-18,0.01563726129313789
2025-07-21,0.0009307903466351027
2025-07-22,0.007608705842363398
2025-07-23,-0.0059222432228266345
2025-07-24,0.0012883726503240371
2025-07-25,0.012390700516672471
2025-07-28,-0.005833164599264905
2025-07-29,-0.0020851873539587283
2025-07-31,-0.0026424682783229253
2025-08-01,0.004513733446879661
2025-08-04,0.018429651285785404
2025-08-05,0.009126653336655702
2025-08-06,0.020287528374525785
2025-08-07,0.008598453046018278
2025-08-08,0.002487097147801992
2025-08-11,-0.005110975098850613
2025-08-12,0.0008012194813897303
2025-08-13,-0.005951813839870993
2025-08-15,0.005134004333998526
2025-08-18,-0.009991848131121391
2025-08-19,-0.0011183110995509555
2025-08-22,0.011588075539198993
2025-08-25,0.009463428698833232
2025-08-26,0.0017143780336429447
2025-08-27,-0.0032708246190621035
2025-08-28,0.0024289859154940897
2025-08-29,-0.01351558998782991
2025-09-01,-0.004986677013975259
2025-09-02,0.009327865413532031
2025-09-03,-0.0005627800042105405
2025-09-04,0.0025093006295608313
2025-09-08,-0.004593991749872638
2025-09-09,-0.021016653323090585
2025-09-10,0.015474602635347208
2025-09-11,0.005191673020320794
2025-09-12,0.0020066652869106167
2025-09-15,-0.00262759200596626
2025-09-16,0.0013466113146372396
2025-09-17,-0.0047495053150062826
2025-09-18,0.0037343233567882026
2025-09-19,-9.320343242732407e-05
2025-09-22,0.004151984155771913
2025-09-23,-0.00692783822615444
2025-09-24,-0.0025188313496565017
2025-09-25,0.00337676408728877
2025-09-26,-0.006525296767201505
2025-09-29,-0.015927147976824815
2025-09-30,-0.005240363431686538
2025-10-01,-0.026791927200735456
2025-10-02,-0.004626397302993674
2025-10-03,0.02595872223008955
2025-10-06,0.009064968654530178
2025-10-07,0.0036179770529994482
2025-10-08,-0.00520183778603234
2025-10-09,-0.011397090934762497
2025-10-10,0.0028123052266052976
2025-10-13,-0.002072199875085529
2025-10-14,-0.015932225190928174
2025-10-15,-0.0004008979503712041
2025-10-16,0.0033872048766561825
2025-10-17,0.007586400877821479
2025-10-20,0.013429131725402162
2025-10-21,0.016922345726291452
2025-10-22,0.011980810602733573
2025-10-23,-0.0035644619164461443
2025-10-24,0.0008778994096322487
2025-10-27,0.0024746267136522273
2025-10-28,0.0018217920107449679
2025-10-29,0.012852149676606686
2025-10-30,0.010360191947635267
2025-10-31,0.006605014611299959
2025-11-03,0.010155206291465234
2025-11-04,-0.0011904129384755252
2025-11-05,-0.01543069912444762
2025-11-07,-0.0027368887305073385
2025-11-10,-0.0009636712344635503
2025-11-11,-0.019741515176106308
2025-11-12,0.0006361892339393603
2025-11-13,0.0027297721699521406
2025-11-14,-0.0016058282760394657
2025-11-17,-0.01197312658975818
2025-11-19,-0.02669939133366321
2025-11-20,0.0028595683347894785
2025-11-21,0.00660889715038285
2025-11-24,-0.0027926277455629853
2025-11-25,0.011812492934238063
2025-11-26,0.009016349952486402
2025-11-27,0.004505735375201497
2025-11-28,-0.005923033341959131
2025-12-01,-0.007503702507721124
2025-12-02,-0.00029021678390158973
2025-12-03,0.002925433057583061
2025-12-04,-0.005485181741343435
2025-12-05,0.0008703914138293377
2025-12-08,0.0018486622608638065
2025-12-09,0.0032005256641928228
2025-12-10,-6.085940947767298e-05
2025-12-11,0.001972277867484842
2025-12-12,0.0071130384673386325
2025-12-15,-0.004233860918269424
2025-12-16,-0.003798935209217632
2025-12-17,0.011964611426534636
2025-12-18,-0.006841941088018048
2025-12-19,-0.00456865224408778
2025-12-22,0.007152444214134345
2025-12-23,-0.003987172522232053
2025-12-24,-0.0077962570597520575
2025-12-25,-0.00444721131535075
2025-12-26,-0.013544530027919204
2025-12-29,-0.0015405212050792934
2025-12-30,0.00892404116465364
2025-12-31,-0.005790880394845888
2026-01-02,0.02651073772401435
2026-01-05,0.012775584169865928
2026-01-06,0.010442744870085107
2026-01-07,-0.001720117505443486
2026-01-08,0.002333832045286748
2026-01-09,0.002005638433641231
2026-01-12,0.006311900353231094
2026-01-13,-0.006408460278958418
2026-01-15,-0.00585607190685069
2026-01-16,-0.002441210801265703
2026-01-19,-0.0021558902903910365
2026-01-20,-0.011734725528857008
2026-01-21,-0.00620361979947791
2026-01-22,0.002509749440265801
2026-01-23,-1.923445797353818e-05
2026-01-26,-0.02003543484390837
2026-01-27,0.003104058488603009
2026-01-28,0.022148267888643613
2026-01-29,-0.008170506487811894
2026-01-30,-0.008027817560627084
2026-02-02,-0.009432554171709146
2026-02-03,0.0048737988514396
2026-02-04,-0.0011068011018434785
2026-02-05,-0.022672181260552753
2026-02-06,0.007247904066813527
2026-02-13,-0.005659255307259439
2026-03-24,-0.0006661110216283353
2026-03-25,0.0026545285260326404
2026-03-26,-0.015981183176678106
2026-03-27,-0.010868146535426584
2026-03-30,0.00019394693048066107
2026-03-31,-0.009717682620313145
2026-04-01,0.025554438798212103
2026-04-02,-0.0036222385777583336
2026-04-03,0.015192943626902355
2026-04-06,-0.0017100504721425333
2026-04-07,-0.00409706447608715
2026-04-08,0.027162044907900414
2026-04-09,-0.0004453738646377778
2026-04-10,0.00927906711065831
2026-04-13,-9.713415526163677e-05
2026-04-14,0.01588506341270594
2026-04-15,0.0035583625155938244
2026-04-16,-0.0007111727633843266
2026-04-17,0.02874732558893616
2026-04-20,-0.01587246559302704
2026-04-21,0.006116072577921218
2026-04-22,-0.006180139527985861
2026-04-23,0.002888738337780296
2026-04-24,-0.008587306153617372
2026-04-27,0.00599932023196179
2026-04-28,-0.0020554453522800735
2026-04-29,-0.007190071423759708
2026-04-30,-0.004643896455675271
2026-05-04,0.0021286091269596087
2026-05-05,-0.006836379745278062
2026-05-06,0.0066375615741995535
2026-05-07,0.007090380348536602
2026-05-08,0.00031945322106738237
2026-05-11,-0.004164249193730978
2026-05-12,-0.0013243791412110913
2026-05-13,0.0023359740655793074
2026-05-14,-0.0031159094765581805
2026-05-15,-0.007866099188453084
2026-05-18,0.0051018860622713685
