Strategie,n_months,Rendement_total,Rendement,Volatilite,Sharpe,Sortino,CVaR,Max_DD,Turnover,Liquidite,n_positions_moy,pct_mois_positifs,ret_mensuel_moyen,wealth_final_100,duree_DD_jours
C1 Ridge,84,0.8861297089004689,0.1009,0.1076,0.948,1.426,0.0159,-0.2219,0.9424,0.7106,39.65,0.6428571428571429,0.008119325363169725,188.61297089004688,465
EqualWeight C1,84,1.0728976552613791,0.1167,0.0996,1.159,1.697,0.0152,-0.2338,0.3503,0.6201,45.29,0.6666666666666666,0.009292775592408008,207.28976552613793,516
C2 Ridge + régime,84,1.0227740786860795,0.1126,0.1089,1.035,1.575,0.016,-0.226,0.9707,0.7026,38.65,0.6428571428571429,0.009014284335763458,202.27740786860795,414
EqualWeight C2,84,1.0047884262632758,0.1111,0.1003,1.101,1.612,0.0153,-0.2406,0.4382,0.6113,44.13,0.6428571428571429,0.008890666677197689,200.47884262632758,520
C3 Hybrid,84,1.0214947350884431,0.1125,0.1139,0.994,1.511,0.0165,-0.2417,0.9857,0.7118,31.57,0.6190476190476191,0.009039193410858902,202.14947350884432,548
EqualWeight C3,84,1.1586278809977246,0.1236,0.1051,1.162,1.733,0.0157,-0.2262,0.5431,0.6261,34.89,0.7023809523809523,0.00978628824450344,215.86278809977247,518
C4 Hybrid + régime,84,0.8131910903290616,0.0943,0.1146,0.844,1.282,0.0167,-0.2434,0.986,0.7131,31.52,0.5952380952380952,0.007780115379734589,181.31910903290617,510
EqualWeight C4,84,1.1073304773497323,0.1195,0.1046,1.132,1.689,0.0156,-0.2253,0.5506,0.6252,34.9,0.6785714285714286,0.00949670570489606,210.73304773497324,518
MASI,84,0.6716076229557029,0.0769,0.1238,0.661,0.979,0.0188,-0.3054,,,,0.5595238095238095,0.006969422602926537,167.1607622955703,626
