date,ret_net,ret_gross,wealth100_net,drawdown_net
2023-02-02,0.004751690243797473,0.007751690243797473,100.47516902437974,0.0
2023-02-03,0.01558258116101507,0.01558258116101507,102.04083150036884,0.0
2023-02-06,0.001145889945176414,0.001145889945176414,102.15775906318257,0.0
2023-02-07,0.001026349951430946,0.001026349951430946,102.26260867423535,0.0
2023-02-08,0.004089534518742563,0.004089534518742563,102.68081514238531,0.0
2023-02-09,0.014634106954844633,0.014634106954844633,104.18345717338961,0.0
2023-02-10,-0.001879577108352044,-0.001879577108352044,103.98763633221752,-0.0018795771083521817
2023-02-13,-0.002354871683259307,-0.002354871683259307,103.74275879200971,-0.004230022628702534
2023-02-14,-0.005972133868696269,-0.005972133868696269,103.12319314859597,-0.01017689423599255
2023-02-15,0.00021218200871214943,0.00021218200871214943,103.14507403486306,-0.009966871581141734
2023-02-16,-0.0023261196731435073,-0.0023261196731435073,102.90514624896272,-0.012269807118220677
2023-02-17,0.006156897034994625,0.006156897034994625,103.53872263878866,-0.006188454022292178
2023-02-20,-0.0011322391823161808,-0.0011322391823161808,103.42149204013005,-0.007313686394486374
2023-02-21,-0.007731725786710389,-0.007731725786710389,102.62186542322331,-0.014988864763504472
2023-02-22,0.0013525237682321305,0.0013525237682321305,102.76066393534855,-0.013656613791123817
2023-02-23,0.0024907737376107385,0.0024907737376107385,103.01661749833816,-0.011199855588488572
2023-02-24,0.012418343455940867,0.012418343455940867,104.29591323610181,0.0
2023-02-27,-0.0008029116296455726,-0.0008029116296455726,104.21217283444004,-0.0008029116296455197
2023-02-28,-0.0012033268711521224,-0.0012033268711521224,104.08677152656722,-0.0020052723356583924
2023-03-02,-0.006930530577282242,-0.0027146156284871856,103.36539497381176,-0.00892190531170256
2023-03-03,-0.001777430729006068,-0.001777430729006068,103.18167014446946,-0.010683477972046385
2023-03-06,0.0031128146957446526,0.0031128146957446526,103.50285556362664,-0.007603918963534739
2023-03-07,-0.0013014474201880966,-0.0013014474201880966,103.36815203927125,-0.008895470283004525
2023-03-08,-0.0033816059274586092,-0.0033816059274586092,103.01860168362482,-0.012246995235426494
2023-03-09,-0.005042569498944881,-0.005042569498944881,102.49912322495103,-0.01722780840974336
2023-03-10,-0.003929856078396315,-0.003929856078396315,102.09631642251516,-0.021089961680543334
2023-03-13,-0.000449980566982902,-0.000449980566982902,102.05037506416448,-0.02153045217461158
2023-03-14,-0.0040078887368894065,-0.0040078887368894065,101.64136851534948,-0.025452049254730214
2023-03-15,-0.0024186810852244354,-0.0024186810852244354,101.39553045984509,-0.02780916994984195
2023-03-16,0.002384014776288821,0.002384014776288821,101.637258902711,-0.025491452645629797
2023-03-17,-0.0005546589308210715,-0.0005546589308210715,101.58088488935644,-0.026031972514581447
2023-03-20,0.0038636323269547117,0.0038636323269547117,101.97335608001563,-0.022268918158168338
2023-03-21,-0.0038552327072534226,-0.0038552327072534226,101.58022506238756,-0.026038299003783294
2023-03-22,0.004967084206238425,0.004967084206238425,102.08478259396108,-0.021200549221283893
2023-03-23,5.0672331315565686e-05,5.0672331315565686e-05,102.08995546788695,-0.021150951171222676
2023-03-24,-0.003918239404921044,-0.003918239404921044,101.68994258152604,-0.024986316085813032
2023-03-27,-0.0010776917507276892,-0.0010776917507276892,101.58035216927395,-0.026037080289814107
2023-03-28,0.00851003708950044,0.00851003708950044,102.44480473379897,-0.01774861971928232
2023-03-29,-0.0006484787426915417,-0.0006484787426915417,102.37837145562992,-0.018385588859373914
2023-03-30,-0.010840307908678107,-0.010840307908678107,101.26855838586187,-0.029026591323733975
2023-03-31,-0.0048403698436239526,-0.0048403698436239526,100.77838110974366,-0.03372646173005134
2023-04-04,-0.000739554026117245,0.002908776429838386,100.70385005224838,-0.03444107321560941
2023-04-05,0.007059463286102396,0.007059463286102396,101.41476518446137,-0.027624745421406693
2023-04-06,-0.0023206651511102697,-0.0023206651511102697,101.17941547308978,-0.0298813027885092
2023-04-07,0.0020399399407486597,0.0020399399407486597,101.38581540389492,-0.027902318910800417
2023-04-10,0.006102787068285733,0.006102787068285733,102.00455144704944,-0.02196981375353868
2023-04-11,0.00010427946226527597,0.00010427946226527597,102.01518842682293,-0.021867825291637666
2023-04-12,0.004837868270530126,0.004837868270530126,102.50872447002521,-0.017135750679231454
2023-04-13,0.0024728284535131856,0.0024728284535131856,102.76221096062802,-0.0147052959975702
2023-04-14,-0.0026865953366312996,-0.0026865953366312996,102.4861304838793,-0.01735238415455065
2023-04-17,-0.0008648097989121847,-0.0008648097989121847,102.39749947398424,-0.018202187441611395
2023-04-18,0.004605466752666252,0.004605466752666252,102.86908775336785,-0.013680550258033164
2023-04-19,-0.002515832919712834,-0.002515832919712834,102.6102863159771,-0.016161965199047
2023-04-20,-0.0005085457539089379,-0.0005085457539089379,102.55810429056373,-0.016662291854179223
2023-04-21,0.001240176072925284,0.001240176072925284,102.68529439758947,-0.015442779956931552
2023-04-25,0.00016692103021866004,0.00016692103021866004,102.7024347327186,-0.015278436651452898
2023-04-26,-0.004426101080023235,-0.004426101080023235,102.2478633754271,-0.019636913826512004
2023-04-27,0.0047681217599044624,0.0047681217599044624,102.73539363769122,-0.014962423262721125
2023-04-28,-0.0004933276930016679,-0.0004933276930016679,102.68471142295832,-0.015448369577972909
2023-05-03,-0.0029961209741245598,-0.0003730244971710193,102.37705560534206,-0.01839820536798875
2023-05-04,0.0019452480487475636,0.0019452480487475636,102.57620437299488,-0.016488746392333775
2023-05-05,-0.01100882738124572,-0.01100882738124572,101.44696064562919,-0.02731605201081322
2023-05-08,0.003987569933380046,0.003987569933380046,101.8514874957325,-0.023437406745130063
2023-05-09,-0.00728854919074086,-0.00728854919074086,101.10913791896972,-0.030555131243905742
2023-05-10,0.009996190927314075,0.009996190927314075,102.11984416610387,-0.02086437524231488
2023-05-11,0.002960222363815137,0.002960222363815137,102.42214161259369,-0.017965916068699017
2023-05-12,0.013855566760313779,0.013855566760313779,103.8412584334413,-0.004359277257885319
2023-05-15,0.0027129663708955268,0.0027129663708955268,104.1229762754827,-0.0016581374595917575
2023-05-16,0.006959943389355814,0.006959943389355814,104.8476662958913,0.0
2023-05-17,0.0029935879921605194,0.0029935879921605194,105.16153701072075,0.0
2023-05-18,0.005439790764760205,0.005439790764760205,105.73359376855966,0.0
2023-05-19,0.0004869319975720789,0.0004869319975720789,105.78507883858386,0.0
2023-05-22,-0.002397852760727002,-0.002397852760727002,105.53142179524704,-0.002397852760727015
2023-05-23,0.0011707594013912026,0.0011707594013912026,105.65497369945601,-0.0012299006679985514
2023-05-24,0.005503639595941016,0.005503639595941016,106.23646059621643,0.0
2023-05-25,-0.00767511936279504,-0.00767511936279504,105.42108308045958,-0.007675119362795191
2023-05-26,0.006910549260918803,0.006910549260918803,106.14960066822651,-0.000817609392316343
2023-05-29,0.00932677357476592,0.00932677357476592,107.13963395871089,0.0
2023-05-30,0.0037676706879179833,0.0037676706879179833,107.54330081709138,0.0
2023-05-31,5.66406318006429e-05,5.66406318006429e-05,107.54939213759558,0.0
2023-06-02,0.008761158587861341,0.013120558495373897,108.49164941814114,0.0
2023-06-05,-0.005740432212028731,-0.005740432212028731,107.8688604590851,-0.005740432212028801
2023-06-06,-0.0075443726856270245,-0.0075443726856270245,107.05505757460787,-0.013241496937671626
2023-06-07,0.001957162662236936,0.001957162662236936,107.26458173609652,-0.011310250038833236
2023-06-08,-0.002874653905128751,-0.002874653905128751,106.95623318732686,-0.014152390889519806
2023-06-09,-0.0010769233120256983,-0.0010769233120256983,106.84104952644095,-0.01521407316187573
2023-06-12,0.006207518472988039,0.006207518472988039,107.50426731504976,-0.009100996329089561
2023-06-13,0.006201563259134726,0.006201563259134726,108.17096182943098,-0.0029558734744107307
2023-06-14,0.0016091743550627098,0.0016091743550627098,108.34502776716937,-0.001351455635139831
2023-06-15,0.015178377887224332,0.015178377887224332,109.98952954082128,0.0
2023-06-16,-0.0010710824827042853,-0.0010710824827042853,109.87172168244923,-0.0010710824827042664
2023-06-19,-0.004223292867967682,-0.004223292867967682,109.40770122387642,-0.005289851855661665
2023-06-20,0.02486511260136858,0.02486511260136858,112.128136034265,0.0
2023-06-21,-0.017605596603858034,-0.017605596603858034,110.15405330330319,-0.017605596603858187
2023-06-22,0.00631810470537583,0.00631810470537583,110.850018145795,-0.011398725901226148
2023-06-23,0.0009719238992449127,0.0009719238992449127,110.95775592766263,-0.010437880696105517
2023-06-26,-0.004456430485714723,-0.004456430485714723,110.46328040152011,-0.014847795492079818
2023-06-27,0.0026900092665436554,0.0026900092665436554,110.760427649413,-0.012197726932997699
2023-06-28,-0.009781585386807795,-0.009781585386807795,109.67701506888092,-0.02185999921228543
2023-07-03,0.006735434112443544,0.010477021383014878,110.41573737752684,-0.015271801684234476
2023-07-04,0.00845349547172095,0.00845349547172095,111.3491363134545,-0.006947406318896121
2023-07-05,0.008227321483379546,0.008227321483379546,112.26524145480192,0.0
2023-07-06,-0.0017172819941647694,-0.0017172819941647694,112.07245037708103,-0.0017172819941648765
2023-07-07,-0.0020560999555345864,-0.0020560999555345864,111.84201821684405,-0.0037698510462675916
2023-07-10,-0.008414727603031238,-0.008414727603031238,110.90089809897606,-0.012152856379640475
2023-07-11,-0.005686365954792371,-0.005686365954792371,110.27027500767015,-0.01777011674566209
2023-07-12,0.002077706455983131,0.002077706455983131,110.49938426995662,-0.015729331375964994
2023-07-13,0.001559974812027995,0.001559974812027995,110.67176052616236,-0.014193893924693501
2023-07-14,0.002836690140536985,0.002836690140536985,110.9857020180828,-0.011397467463108546
2023-07-17,0.0008312708384884771,0.0008312708384884771,111.0779611956596,-0.010575671006954779
2023-07-18,0.00895869558031616,0.00895869558031616,112.0730748356937,-0.0017117196437472781
2023-07-20,0.0008008207880911185,0.0008008207880911185,112.16282528380744,-0.0009122696363301763
2023-07-21,0.002690918974935827,0.002690918974935827,112.46464635864604,0.0
2023-07-24,0.006186841768997813,0.006186841768997813,113.16044733027329,0.0
2023-07-25,-0.0019093923468574863,-0.0019093923468574863,112.9443796381739,-0.001909392346857386
2023-07-26,-0.0043959766254912285,-0.0043959766254912285,112.44787878530389,-0.00629697532822282
2023-07-27,0.015174464056964697,0.015174464056964697,114.15421508021339,0.0
2023-07-28,0.00818429042029712,0.00818429042029712,115.08848632913092,0.0
2023-07-31,-0.001114611121600391,-0.001114611121600391,114.96020742230031,-0.001114611121600384
2023-08-02,0.0026473017664773264,0.006170967546361799,115.26454178248397,0.0
2023-08-03,-0.004956671584589329,-0.004956671584589329,114.69321330352003,-0.004956671584589345
2023-08-04,0.0029819109251205795,0.0029819109251205795,115.03521824930698,-0.001989541012619056
2023-08-07,0.005100816824453801,0.005100816824453801,115.62199182595776,0.0
2023-08-08,-0.0048194596263262,-0.0048194596263262,115.06475630443714,-0.004819459626326239
2023-08-09,-0.0003512489599536471,-0.0003512489599536471,115.02433992845789,-0.005169015756098516
2023-08-10,0.0066259716636083285,0.0066259716636083285,115.7864879454491,0.0
2023-08-11,-0.008359350868060552,-0.008359350868060552,114.81858806693263,-0.0083593508680605
2023-08-15,0.002808205559894568,0.002808205559894568,115.14102226432144,-0.005574620083750759
2023-08-16,-6.167368459445703e-05,-6.167368459445703e-05,115.13392109323041,-0.005635949960984488
2023-08-17,0.005464405011526989,0.005464405011526989,115.763059468649,-0.00020234206266922516
2023-08-18,-0.007859183255729079,-0.007859183255729079,114.85325637004102,-0.00805993507504743
2023-08-22,-0.001269008978458117,-0.001269008978458117,114.70750655650228,-0.009318715923529508
2023-08-23,0.002950053823009225,0.002950053823009225,115.04589987474714,-0.006396152814056144
2023-08-24,-0.0016871463951750026,-0.0016871463951750026,114.8518005994938,-0.00807250796306791
2023-08-25,-0.0046913584695907964,-0.0046913584695907964,114.31298963200362,-0.012725995404055168
2023-08-28,-0.010775100268375854,-0.010775100268375854,113.08125570674099,-0.0233639717959373
2023-08-29,0.011203792802967747,0.011203792802967747,114.34819466557873,-0.012421944092025683
2023-08-30,0.018942818923390194,0.018942818923390194,116.51427181134537,0.0
2023-08-31,0.007273688121134911,0.007273688121134911,117.36176028616224,0.0
2023-09-04,0.0015523925443976137,0.003468541330323716,117.54395180782787,0.0
2023-09-05,0.0008414482273732276,0.0008414482273732276,117.642858957715,0.0
2023-09-06,-0.011708071091596106,-0.011708071091596106,116.26548800161946,-0.011708071091596106
2023-09-07,0.005344871564184419,0.005344871564184419,116.88691210233534,-0.006425777663660592
2023-09-08,-0.005673302983108278,-0.005673302983108278,116.22377723521886,-0.012062625263180693
2023-09-11,-0.01378611118578885,-0.01378611118578885,114.62150331982177,-0.0256824397558989
2023-09-12,-0.004157278473960507,-0.004157278473960507,114.14498981141728,-0.029732949175903522
2023-09-13,0.006982700157654043,0.006982700157654043,114.94203004976889,-0.022957865287147494
2023-09-14,0.009881394089499132,0.009881394089499132,116.07781754613768,-0.013303326912004532
2023-09-15,0.0045015550493457315,0.0045015550493457315,116.60034823182951,-0.008861657521092692
2023-09-18,0.008804164308794627,0.008804164308794627,117.6269168561252,-0.00013551270116207714
2023-09-19,0.0028180607580512605,0.0028180607580512605,117.95839665460801,0.0
2023-09-20,0.017070759602929392,0.017070759602929392,119.97203608704581,0.0
2023-09-21,0.0013665899192148656,0.0013665899192148656,120.13598866215003,0.0
2023-09-22,0.017576934612207152,0.017576934612207152,122.24761107943752,0.0
2023-09-25,0.01992100298250161,0.01992100298250161,124.68290610435469,0.0
2023-09-26,0.018094581559353624,0.018094581559353624,126.93899111791715,0.0
2023-09-27,0.008620750960730209,0.008620750960730209,128.03330054755105,0.0
2023-10-02,-0.0038953836832635886,-0.002061452946247628,127.53456171768374,-0.003895383683263587
2023-10-03,-0.01051655584449451,-0.01051655584449451,126.19333737727658,-0.014370973507717322
2023-10-04,-0.011881003067721507,-0.011881003067721507,124.69403394877115,-0.026081234995107505
2023-10-05,0.04378159622251023,0.04378159622251023,130.15333779447224,0.0
2023-10-06,0.0032624816812724207,0.0032624816812724207,130.57796067478318,0.0
2023-10-09,-0.004160463920043339,-0.004160463920043339,130.0346957806429,-0.0041604639200433224
2023-10-10,0.0057800252999832425,0.0057800252999832425,130.78629961213068,0.0
2023-10-11,0.02177733669588686,0.02177733669588686,133.63447689399317,0.0
2023-10-12,0.001878019093882322,0.001878019093882322,133.88544499320105,0.0
2023-10-13,-0.002850872718848955,-0.002850872718848955,133.503754630619,-0.0028508727188488736
2023-10-16,0.006042188805069781,0.006042188805069781,134.31040952228287,0.0
2023-10-17,-0.010177277783309275,-0.010177277783309275,132.94349517538458,-0.010177277783309124
2023-10-18,0.01859452903029152,0.01859452903029152,135.4155168558117,0.0
2023-10-19,0.001314682830376143,0.001314682830376143,135.59354531078853,0.0
2023-10-20,-0.012919409758801804,-0.012919409758801804,133.8417567382698,-0.012919409758801903
2023-10-23,-0.006948196024407227,-0.006948196024407227,132.91179797620129,-0.019777839191685187
2023-10-24,-0.0009959525994636725,-0.0009959525994636725,132.77942412550746,-0.0207540940007942
2023-10-25,-0.001994020717856646,-0.001994020717856646,132.51465920289613,-0.022706730625232985
2023-10-26,-0.014189489203068834,-0.014189489203068834,130.6343438768883,-0.03657402291925804
2023-10-27,0.0031302764405489966,0.0031302764405489966,131.04326548585271,-0.03355823328098928
2023-10-30,-0.004669449149876916,-0.004669449149876916,130.4313656212327,-0.038070983967000815
2023-10-31,0.014096183349106962,0.014096183349106962,132.269950065504,-0.02451145618817374
2023-11-02,-0.007342086665946811,-0.005719256467650854,131.29881262882262,-0.03167357761847833
2023-11-03,0.0011517194612445875,0.0011517194612445875,131.45003202656554,-0.03055833723298418
2023-11-07,-0.004838321991680316,-0.004838321991680316,130.81403444580434,-0.03524880814960096
2023-11-08,-0.010072333865912643,-0.010072333865912643,129.4964318165192,-0.0449661042514552
2023-11-09,-0.0013441990709578877,-0.0013441990709578877,129.32236283317908,-0.0462498599268536
2023-11-10,0.004449841528954161,0.004449841528954161,129.89782685393664,-0.04200582294531019
2023-11-13,0.005798354289429148,0.005798354289429148,130.6510204754627,-0.03645103329953714
2023-11-14,-0.003889634179519128,-0.003889634179519128,130.14283580063227,-0.04019888629405566
2023-11-15,-0.008458504116758001,-0.008458504116758001,129.04202208824606,-0.04831736796560615
2023-11-16,-0.0008769644134926927,-0.0008769644134926927,128.92885682702953,-0.049151959766839504
2023-11-17,-0.0060498672985268365,-0.0060498672985268365,128.14885435227524,-0.054904464231314454
2023-11-20,0.008172061636381714,0.008172061636381714,129.19609468867372,-0.047181085260743605
2023-11-21,-0.0017619594193562951,-0.0017619594193562951,128.96845641269297,-0.04885991352250929
2023-11-22,0.000273211944722836,0.000273211944722836,129.00369213547737,-0.048600050689778906
2023-11-23,-0.0033988429527586853,-0.0033988429527586853,128.56522884558285,-0.05183370970274692
2023-11-24,0.001416317005401238,0.001416317005401238,128.74731796550017,-0.05049080566185071
2023-11-27,-0.004267299518975664,-0.004267299518975664,128.19791459747657,-0.05454264579011281
2023-11-28,-0.009133267753348346,-0.009133267753348346,127.02704871803694,-0.063177760955484
2023-11-29,-1.0153338100844818e-05,-1.0153338100844818e-05,127.02575896946335,-0.0631872728284174
2023-11-30,0.002516763570512603,0.002516763570512603,127.34545277215442,-0.060829536684279484
2023-12-04,-0.0027297641541077014,-0.001071730098634292,126.99782971998836,-0.06339325054963552
2023-12-05,0.004314726893252964,0.004314726893252964,127.54579067126596,-0.05935204821937967
2023-12-06,-0.005492112615911744,-0.005492112615911744,126.84529482521387,-0.0645181927024856
2023-12-07,0.006474480085509959,0.006474480085509959,127.66655216050036,-0.058461434370780885
2023-12-08,-0.001574601206322945,-0.001574601206322945,127.46552825346133,-0.059943982132020346
2023-12-11,-0.004038889112468417,-0.004038889112468417,126.9507091191834,-0.06374076414769769
2023-12-12,0.002953928252971351,0.002953928252971351,127.3257124055853,-0.06097512153880824
2023-12-13,0.0053211939441682185,0.0053211939441682185,128.0032372153748,-0.05597838804211719
2023-12-14,0.005493716987791547,0.005493716987791547,128.70645077415725,-0.0507922004756618
2023-12-15,0.004238312334618792,0.004238312334618792,129.25194891201835,-0.04676916135082143
2023-12-18,0.005076190484806045,0.005076190484806045,129.90805642522815,-0.04193038003784688
2023-12-19,0.004519138468225009,0.004519138468225009,130.49512892035176,-0.03760073076303816
2023-12-20,0.003765419779667507,0.003765419779667507,130.9864978599387,-0.0339768935187158
2023-12-21,-0.006667282537149121,-0.006667282537149121,130.1131738701548,-0.04041764250704094
2023-12-22,0.0016210654601628556,0.0016210654601628556,130.3240958422279,-0.03886209669112739
2023-12-25,-0.005716694391502764,-0.005716694391502764,129.57907281444895,-0.044356628352434035
2023-12-26,-0.005167078949929963,-0.005167078949929963,128.909527514958,-0.04929451310171418
2023-12-27,-0.0036656947407835675,-0.0036656947407835675,128.4369845379095,-0.05277950920507135
2023-12-28,-0.002321558027145839,-0.002321558027145839,128.13881062547313,-0.05497853653895335
2023-12-29,0.005612628627096544,0.005612628627096544,128.85800618223175,-0.049674482019911204
2024-01-02,0.005841353010972868,0.007762955218951497,129.61071128463232,-0.04412329519405378
2024-01-03,0.000389702686655091,0.000389702686655091,129.6612209270392,-0.0437507874740799
2024-01-04,0.0050666843612103595,0.0050666843612103595,130.31817340736566,-0.03890577454355515
2024-01-05,0.009224747016817888,0.009224747016817888,131.52032558874242,-0.03003992345439488
2024-01-08,0.0025843788195182445,0.0025843788195182445,131.86022393253012,-0.0275331791767921
2024-01-09,0.007558495175719473,0.007558495175719473,132.85688879899345,-0.020182793403052512
2024-01-10,0.013221669791528246,0.013221669791528246,134.61347871222353,-0.007227973841370194
2024-01-12,0.0013090797084270524,0.0013090797084270524,134.78969848568644,-0.005928356126831957
2024-01-15,-0.010384995437882108,-0.010384995437882108,133.3899080818391,-0.016251785613382697
2024-01-16,0.008856350412277956,0.008856350412277956,134.57125584927343,-0.007539366709321982
2024-01-17,0.014860032309336831,0.014860032309336831,136.5709890591017,0.0
2024-01-18,-0.002052168782591321,-0.002052168782591321,136.29072233874697,-0.0020521687825912904
2024-01-19,0.004005332727386281,0.004005332727386281,136.83661202936946,0.0
2024-01-22,0.0021203169141398377,0.0021203169141398377,137.12674901232896,0.0
2024-01-23,0.005866515261447208,0.005866515261447208,137.93120517816243,0.0
2024-01-24,-0.005904076030768494,-0.005904076030768494,137.11684885577503,-0.005904076030768479
2024-01-25,0.005010782987634196,0.005010782987634196,137.80391162933955,-0.0009228770868668912
2024-01-26,-0.0018549483338486568,-0.0018549483338486568,137.54829249306488,-0.0027761135314009477
2024-01-29,-0.0013345132702477832,-0.0013345132702477832,137.36473247143297,-0.004106922041301253
2024-01-30,0.011624659777969856,0.011624659777969856,138.96155075190524,0.0
2024-01-31,0.016134766391565164,0.016134766391565164,141.20366291069686,0.0
2024-02-02,-0.007488257278388227,-0.004496744489336132,140.14629355417077,-0.0074882572783881995
2024-02-05,-0.0032045513119712053,-0.0032045513119712053,139.69718756529386,-0.010668812085673496
2024-02-06,0.004066705141123343,0.004066705141123343,140.26529483616613,-0.0066454938575084554
2024-02-07,0.007212363224438728,0.007212363224438728,141.27693909030754,0.0
2024-02-08,0.014187744223246533,0.014187744223246533,143.28134016676398,0.0
2024-02-09,0.006954538551670363,0.006954538551670363,144.27779577068873,0.0
2024-02-12,0.007731397924141497,0.007731397924141497,145.39326482140996,0.0
2024-02-13,0.012580047278038617,0.012580047278038617,147.22231896677167,0.0
2024-02-14,0.0072197017070867765,0.0072197017070867765,148.28522019433734,0.0
2024-02-15,-0.0032776276303075006,-0.0032776276303075006,147.79919645946217,-0.003277627630307478
2024-02-16,0.006392193199350181,0.006392193199350181,148.74395747793977,0.0
2024-02-19,0.003368402574597545,0.003368402574597545,149.24498700726429,0.0
2024-02-20,-0.004075420979894493,-0.004075420979894493,148.6367508560708,-0.00407542097989444
2024-02-21,0.005192168377974284,0.005192168377974284,149.40849789367056,0.0
2024-02-22,0.0024694241710337436,0.0024694241710337436,149.777450849727,0.0
2024-02-23,0.01269798306169423,0.01269798306169423,151.67932238364057,0.0
2024-02-26,0.00434104717175569,0.00434104717175569,152.3377694770879,0.0
2024-02-27,0.01085510650556017,0.01085510650556017,153.99141218958115,0.0
2024-02-28,-0.00324683668528669,-0.00324683668528669,153.4914272232649,-0.0032468366852868025
2024-02-29,-0.005845820352612222,-0.005845820352612222,152.59414391405167,-0.009073676613922554
2024-03-04,-0.005571505813021863,-0.0031417967682045157,151.74396475420141,-0.014594628384944519
2024-03-05,-0.0015223345742726893,-0.0015223345742726893,151.5129596702189,-0.016094745051828063
2024-03-06,-0.00017650217813340073,-0.00017650217813340073,151.48621730282167,-0.01626840647240335
2024-03-07,-0.001490628405488026,-0.001490628405488026,151.26040764427015,-0.017734784729091624
2024-03-08,-0.000652610142269396,-0.000652610142269396,151.16169356811767,-0.018375820970975787
2024-03-11,-0.003994424904885054,-0.003994424904885054,150.55788953466458,-0.022296845038926705
2024-03-12,-0.001546410130116672,-0.001546410130116672,150.32506528911918,-0.02380877510200563
2024-03-13,0.005939718003014431,0.005939718003014431,151.2179537857213,-0.01801047450909421
2024-03-14,0.002504153489256313,0.002504153489256313,151.596626752332,-0.015551422012422988
2024-03-15,0.007087939117083667,0.007087939117083667,152.6711344131078,-0.00857371042774746
2024-03-18,0.0069479772663652755,0.0069479772663652755,153.73188998424027,-0.0016853031065227064
2024-03-19,-0.0025158658875689627,-0.0025158658875689627,153.3451211663974,-0.004196928997495686
2024-03-20,-0.0005044387761410121,-0.0005044387761410121,153.26776794114903,-0.004699250679909728
2024-03-21,0.003989924994456053,0.003989924994456053,153.8792948393019,-0.0007280753431965215
2024-03-22,0.0003079410033606976,0.0003079410033606976,153.92668058375116,-0.00042035854408761786
2024-03-25,0.0014673149792013534,0.0014673149792013534,154.15253950787042,0.0
2024-03-26,-0.006723265340083127,-0.006723265340083127,153.11613108191136,-0.006723265340083162
2024-03-27,0.010777219528526427,0.010777219528526427,154.76629723993975,0.0
2024-03-28,0.005341062094087818,0.005341062094087818,155.59291364357034,0.0
2024-03-29,0.008383707552142862,0.008383707552142862,156.89735912874386,0.0
2024-04-01,0.004895202478648838,0.009001174413964627,157.66540347004434,0.0
2024-04-02,0.008711338122585833,0.008711338122585833,159.03888010990582,0.0
2024-04-03,0.005100982558630756,0.005100982558630756,159.8501346634906,0.0
2024-04-04,-0.00023691284546457144,-0.00023691284546457144,159.8122641132396,-0.00023691284546456526
2024-04-05,0.005844328504197633,0.005844328504197633,160.74625948371695,0.0
2024-04-08,0.023815246945901775,0.023815246945901775,164.5744713489517,0.0
2024-04-09,0.011435571494961938,0.011435571494961938,166.45647448230818,0.0
2024-04-15,0.005439163558740841,0.005439163558740841,167.36185847242882,0.0
2024-04-16,-0.004286766354103549,-0.004286766354103549,166.64441728856897,-0.004286766354103522
2024-04-17,-0.011827691853313059,-0.011827691853313059,164.6733984718049,-0.016063755655932987
2024-04-18,0.009100792079012054,0.009100792079012054,166.17205683224108,-0.0071091564771536
2024-04-19,-0.006732856930437306,-0.006732856930437306,165.05324414775308,-0.013794148474134293
2024-04-22,-0.017977077468883555,-0.017977077468883555,162.08606919121837,-0.03152324746728108
2024-04-23,0.004066217496768716,0.004066217496768716,162.74514640174618,-0.027585210350918765
2024-04-24,0.0012120463283046556,0.0012120463283046556,162.94240105889185,-0.02640659857553529
2024-04-25,0.0050353021008122684,0.0050353021008122684,163.76286527325507,-0.02150426167600572
2024-04-26,0.0012679541113910895,0.0012679541113910895,163.97050907157148,-0.020263573981619043
2024-04-29,0.005782213069958,0.005782213069958,164.91862149221282,-0.014598529213981526
2024-04-30,-0.001383131486902977,-0.001383131486902977,164.69051735405031,-0.015961469015466134
2024-05-03,0.006133723405897679,0.008390419434210188,165.7006834350742,-0.009925648845661272
2024-05-06,-0.010946206859276893,-0.010946206859276893,163.88688947747033,-0.020763207499461034
2024-05-07,0.00243583131326004,0.00243583131326004,164.28609029469234,-0.018377951857191932
2024-05-08,0.0023999158747068775,0.0023999158747068775,164.68036309078408,-0.016022141520891875
2024-05-09,0.00739052743753928,0.00739052743753928,165.89743783263046,-0.008750026159870972
2024-05-10,0.012703450402404939,0.012703450402404939,168.0049077060233,0.0
2024-05-13,0.009824120109928208,0.009824120109928208,169.6554080983847,0.0
2024-05-14,-0.008929029909990727,-0.008929029909990727,168.14054988508252,-0.008929029909990671
2024-05-15,-0.007001599974974831,-0.007001599974974831,166.9632970152149,-0.015868112389371136
2024-05-16,0.0065161110155454605,0.0065161110155454605,168.05124839408748,-0.00945539975576215
2024-05-17,-0.006416560442861468,-0.006416560442861468,166.9729374012685,-0.01581128905457929
2024-05-20,0.00480236331439437,0.00480236331439437,167.77480211034103,-0.011084857294693995
2024-05-21,-0.006704942016574011,-0.006704942016574011,166.649881790349,-0.01771547598584511
2024-05-22,-0.011508864299701348,-0.011508864299701348,164.7319309152626,-0.02902045527642072
2024-05-23,0.0012014020623738477,0.0012014020623738477,164.92984019680304,-0.027853918448866977
2024-05-24,0.003834702889713557,0.003834702889713557,165.56229713160573,-0.02412602706071898
2024-05-27,-0.0027255466169418797,-0.0027255466169418797,165.11104937276556,-0.026785817066225293
2024-05-28,0.0007306089123960294,0.0007306089123960294,165.23168097697234,-0.026074778110503738
2024-05-29,-0.0005479482594165114,-0.0005479482594165114,165.14114256498053,-0.026608438740640006
2024-05-30,0.0023051100823063323,0.0023051100823063323,165.52181107771068,-0.02436466403874915
2024-05-31,-0.00043825790522705304,-0.00043825790522705304,165.44926983551838,-0.02479224393735291
2024-06-04,-0.005973395172953269,-0.003913453447542258,164.46097596571425,-0.03061754524004412
2024-06-05,-0.023242045122137095,-0.023242045122137095,160.63856654148842,-0.05314797599418308
2024-06-06,0.009231651948908338,0.009231651948908338,162.121525877371,-0.04440696766144192
2024-06-07,-0.005145886474917683,-0.005145886474917683,161.2872669100656,-0.04932434092207849
2024-06-10,0.005219537361070381,0.005219537361070381,162.1291118255676,-0.04436225380126113
2024-06-11,0.003975115974176788,0.003975115974176788,162.7735938478645,-0.04056348293082024
2024-06-12,0.006386456561929635,0.006386456561929635,163.81314033440307,-0.03443608329062886
2024-06-13,0.0048252568683059445,0.0048252568683059445,164.60358081492043,-0.029776989369738494
2024-06-14,-0.003940896777061736,-0.003940896777061736,163.95489509379408,-0.033600538105362454
2024-06-19,0.008686746661463516,0.008686746661463516,165.3791297313807,-0.025205670806109137
2024-06-20,-0.012141108441034656,-0.012141108441034656,163.37124378342807,-0.03704075446455779
2024-06-21,-0.001980681714172276,-0.001980681714172276,163.04765734824466,-0.03894807023368296
2024-06-24,-0.005514242582506951,-0.005514242582506951,162.14857301311693,-0.04424754370880102
2024-06-25,0.027468034865640364,0.027468034865640364,166.60247567005507,-0.017994901916472794
2024-06-26,-0.012149597818515512,-0.012149597818515512,164.57832259509487,-0.029925868913919684
2024-06-27,-0.0025920190097753373,-0.0025920190097753373,164.15173245433147,-0.03244031950258608
2024-06-28,0.004964510229040465,0.004964510229040465,164.96666540921572,-0.027636859571549377
2024-07-01,-0.006817748562712857,-0.004856512905759067,163.8419641632265,-0.03426618697464057
2024-07-02,0.004725201475759433,0.004725201475759433,164.61615045408192,-0.029702900136142185
2024-07-03,-0.0013094784975647643,-0.0013094784975647643,164.4005891447104,-0.03097348332466343
2024-07-04,0.006620934675380275,0.006620934675380275,165.48907470603154,-0.02455762205904477
2024-07-05,0.003029334098031522,0.003029334098031522,165.99039640289024,-0.02160268120288311
2024-07-08,0.0012498729573469374,0.0012498729573469374,166.1978633105335,-0.020379808852577952
2024-07-09,-0.0009640818781517198,-0.0009640818781517198,166.0376349623283,-0.021324242926334724
2024-07-10,0.0038100214920935385,0.0038100214920935385,166.67024192003112,-0.017595467258093134
2024-07-11,0.012298084367643328,0.012298084367643328,168.71996661673919,-0.005513773431278013
2024-07-12,0.014235440023510031,0.014235440023510031,171.1217695822804,0.0
2024-07-15,-0.0002491403404685026,-0.0002491403404685026,171.0791362463451,-0.0002491403404685233
2024-07-16,-0.00029948285160538284,-0.00029948285160538284,171.02790097877184,-0.0005485485788143674
2024-07-17,0.011447281397492891,0.011447281397492891,172.9857054880984,0.0
2024-07-18,0.002624905918491308,0.002624905918491308,173.4397766902485,0.0
2024-07-19,0.007391785806964255,0.007391785806964255,174.72180636995054,0.0
2024-07-22,0.000321028634426733,0.000321028634426733,174.77789707285402,0.0
2024-07-23,0.003473065253319681,0.003473065253319681,175.38491211422604,0.0
2024-07-24,0.007088154572425272,0.007088154572425272,176.6280674809629,0.0
2024-07-25,-0.00108760568404671,-0.00108760568404671,176.4359657908084,-0.0010876056840467552
2024-07-26,0.011283155486828287,0.011283155486828287,178.4267202262948,0.0
2024-07-29,0.008266325108177387,0.008266325108177387,179.90165350367116,0.0
2024-07-31,0.007266534939056044,0.007266534939056044,181.20891515444953,0.0
2024-08-02,-0.0021870440279422214,-3.880091530757745e-05,180.8126032787511,-0.00218704402794212
2024-08-05,-0.03978530461188419,-0.03978530461188419,173.61891877963822,-0.04188533642697512
2024-08-06,0.017036726088664186,0.017036726088664186,176.57681674269693,-0.025562199342148872
2024-08-07,0.001663880190483214,0.001663880190483214,176.87061941017367,-0.023940851588776346
2024-08-08,0.0008456723522581826,0.0008456723522581826,177.02019400293563,-0.023115425352796426
2024-08-09,0.0028497882101423955,0.0028497882101423955,177.5246640647623,-0.020331511209296882
2024-08-12,0.0010722870479535271,0.0010722870479535271,177.71502146273127,-0.019281025377478334
2024-08-13,-0.0005977758037226428,-0.0005977758037226428,177.60878772294276,-0.019867275450759503
2024-08-15,0.002050767017449099,0.002050767017449099,177.9730219668141,-0.01785725158653151
2024-08-16,0.0024196024773804133,0.0024196024773804133,178.40364593167186,-0.01548085655932907
2024-08-19,-6.785555634455169e-06,-6.785555634455169e-06,178.402435363807,-0.015487537068750057
2024-08-22,0.0023827322626851504,0.0023827322626851504,178.82752060228998,-0.013141707460308072
2024-08-23,0.005115450704984609,0.005115450704984609,179.7423039686256,-0.008093482512015915
2024-08-26,-0.0026117738359680643,-0.0026117738359680643,179.2728577219037,-0.010684118002117327
2024-08-27,0.0018698100647077576,0.0018698100647077576,179.60806391560104,-0.0088342852087826
2024-08-28,0.009085360740169251,0.009085360740169251,181.23986796811764,0.0
2024-08-29,0.02795363669395023,0.02795363669395023,186.3061813917579,0.0
2024-08-30,-0.002616888134272624,-0.002616888134272624,185.81863895633217,-0.0026168881342725214
2024-09-03,-0.004268236472454302,-0.0010492864086000312,185.02552106427692,-0.006873955109347962
2024-09-04,0.008888861365980393,0.008888861365980393,186.67018727018555,0.0
2024-09-05,0.017081505192175085,0.017081505192175085,189.85879504326553,0.0
2024-09-06,0.004722540739787103,0.004722540739787103,190.75541093766424,0.0
2024-09-09,0.001514986361852602,0.001514986361852602,191.0444027836844,0.0
2024-09-10,0.0026689532564528416,0.0026689532564528416,191.55429136462098,0.0
2024-09-11,0.007343174039597397,0.007343174039597397,192.96090786414317,0.0
2024-09-12,0.0025613800484118507,0.0025613800484118507,193.4551540836698,0.0
2024-09-13,0.004101844047593127,0.004101844047593127,194.2486769559241,0.0
2024-09-18,0.00992536881467855,0.00992536881467855,196.176666716475,0.0
2024-09-19,-0.007322650734711135,-0.007322650734711135,194.7401335038104,-0.007322650734711167
2024-09-20,0.0017471640990713287,0.0017471640990713287,195.08037647371663,-0.005588280508113552
2024-09-23,0.0005351118484116183,0.0005351118484116183,195.18476629456032,-0.005056159014814043
2024-09-24,-0.0018923190897579202,-0.0018923190897579202,194.81541443527118,-0.006938910238347473
2024-09-25,0.005083856412849328,0.005083856412849328,195.8058280292698,-0.001890330248811689
2024-09-26,0.007810561010777636,0.007810561010777636,197.33518139535826,0.0
2024-09-27,0.001299658873869322,0.001299658873869322,197.59164981498537,0.0
2024-09-30,-0.008536002523432411,-0.008536002523432411,195.90500699355547,-0.008536002523432451
2024-10-02,-0.000660575534112297,0.0019225603229684769,195.77559693892545,-0.009190939383118546
2024-10-03,0.00477233708700515,0.00477233708700515,196.70990408092766,-0.004462464556995838
2024-10-04,0.001308997399923955,0.001308997399923955,196.96739683390888,-0.0031593085115743103
2024-10-07,-0.0037491506973678867,-0.0037491506973678867,196.22893638071028,-0.0068966144852328215
2024-10-08,-0.011785693154532432,-0.011785693154532432,193.91624234848697,-0.018601026257637154
2024-10-09,0.007421805575904087,0.007421805575904087,195.35545099720736,-0.011317273882129553
2024-10-10,0.0015345561185874884,0.0015345561185874884,195.65523489983454,-0.009800084755423488
2024-10-11,0.0016190783175502588,0.0016190783175502588,195.97201604837608,-0.008196873542610894
2024-10-14,-0.0071608393845170055,-0.0071608393845170055,194.56869191759364,-0.01529901643223408
2024-10-15,-0.016856854027165455,-0.016856854027165455,191.28887587968225,-0.03189797717264209
2024-10-16,0.00037656057217485607,0.00037656057217485607,191.3609077282342,-0.03153342812100257
2024-10-17,0.007917075550112675,0.007917075550112675,192.87592649205678,-0.023866005103677868
2024-10-18,0.002221847758785581,0.002221847758785581,193.30446743705687,-0.021697183974842993
2024-10-21,0.004075898407231709,0.004075898407231709,194.09235680799435,-0.017709721085215735
2024-10-22,6.581544079277323e-05,6.581544079277323e-05,194.1051310820122,-0.017645071217522457
2024-10-23,0.0005801588884469699,0.0005801588884469699,194.21774289910257,-0.017075149273979684
2024-10-24,0.002127683056603798,0.002127683056603798,194.6309766999608,-0.014983796723175291
2024-10-25,0.0019628578147764275,0.0019628578147764275,195.01300963357386,-0.01305034997089205
2024-10-28,0.012288676967134649,0.012288676967134649,197.40946151334958,-0.0009220445388576914
2024-10-29,-0.0001948987710749597,-0.0001948987710749597,197.37098665190206,-0.0011167636045851248
2024-10-30,-0.009120649031667342,-0.009120649031667342,195.57083515361614,-0.010227227027363783
2024-10-31,0.0032382597694351964,0.0032382597694351964,196.20414432116894,-0.007022085675764123
2024-11-04,0.00994858929508589,0.01316600263270628,198.156098771014,0.0
2024-11-05,0.010278771311793625,0.010278771311793625,200.19289999431842,0.0
2024-11-07,0.014632501743572402,0.014632501743572402,203.1222229525361,0.0
2024-11-08,0.017997944569114015,0.017997944569114015,206.77800546199109,0.0
2024-11-11,-0.0010967118967157572,-0.0010967118967157572,206.55122956342177,-0.0010967118967157852
2024-11-12,0.003029396003833007,0.003029396003833007,207.17695503284799,0.0
2024-11-13,-0.013076262447053497,-0.013076262447053497,204.46785479585708,-0.01307626244705351
2024-11-14,-0.0035790480172050894,-0.0035790480172050894,203.7360545255678,-0.01660850989307494
2024-11-15,0.011417806819321082,0.011417806819321082,206.0622734382714,-0.0053803358312696226
2024-11-19,-0.0023291686428130337,-0.0023291686428130337,205.5823196525122,-0.007696972764576704
2024-11-20,-0.014805011148609265,-0.014805011148609265,202.5386711180998,-0.022388030145595872
2024-11-21,-0.008333206906755534,-0.008333206906755534,200.85087446505335,-0.030534672964913634
2024-11-22,0.0006787005307415933,0.0006787005307415933,200.9871920601527,-0.02987669633291934
2024-11-25,-0.007572070583804413,-0.007572070583804413,199.46530285543258,-0.03722253846327994
2024-11-26,0.010367774236287229,0.010367774236287229,201.5333140834104,-0.02724067910228134
2024-11-27,0.001799726364900826,0.001799726364900826,201.89601890217213,-0.025489978505758848
2024-11-28,-0.0016900211725238638,-0.0016900211725238638,201.55481035557918,-0.027136921074920717
2024-11-29,0.001107447983208828,0.001107447983208828,201.77802182381348,-0.02605952582022697
2024-12-03,0.0013839162171489887,0.0035811432260271876,202.0572657004797,-0.024711673803471945
2024-12-04,0.0020914656407939906,0.0020914656407939906,202.47986152916502,-0.02267189177936435
2024-12-05,0.0010378181317830752,0.0010378181317830752,202.68999880078093,-0.021657602947951715
2024-12-06,-0.0005371823434639129,-0.0005371823434639129,202.5811173122284,-0.02218315120951031
2024-12-09,-0.00027385461324771576,-0.00027385461324771576,202.52563953869557,-0.022450930864462926
2024-12-10,-0.0009920187711195785,-0.0009920187711195785,202.32473030264023,-0.023420677890735653
2024-12-11,-0.0014930997976005,-0.0014930997976005,202.0226392887758,-0.024878808278917752
2024-12-12,-0.0011171611497980977,-0.0011171611497980977,201.79694744478272,-0.02596817579065336
2024-12-13,0.0029895411011410505,0.0029895411011410505,202.4002277132537,-0.023056267618359882
2024-12-16,-0.002579023581090379,-0.002579023581090379,201.8782327531632,-0.02557582854157059
2024-12-17,0.0052425878035709285,0.0052425878035709285,202.93659711400136,-0.02046732426477793
2024-12-18,0.002000705707266799,0.002000705707266799,203.34261352206067,-0.018507567649980072
2024-12-19,-0.003704335915526053,-0.003704335915526053,202.58936417563396,-0.02214334531795137
2024-12-20,0.002441459143724519,0.002441459143724519,203.0839778312219,-0.01975594824712601
2024-12-23,0.0013622843814202902,0.0013622843814202902,203.36063596233805,-0.01842057708544298
2024-12-24,-0.006819760535158472,-0.006819760535158472,201.97376512279737,-0.02511471369595919
2024-12-25,-0.002249784055300945,-0.002249784055300945,201.519367766435,-0.027307995068833635
2024-12-26,0.002362945038947759,0.002362945038947759,201.99554695675056,-0.025009577321357446
2024-12-27,-0.0025350805194138326,-0.0025350805194138326,201.48347198065215,-0.027481256548505306
2024-12-30,0.009933730349533841,0.009933730349533841,203.4849544611958,-0.017820517591190632
2024-12-31,0.00033324158393434333,0.00033324158393434333,203.55276410972726,-0.017493214544764935
2025-01-03,0.009753760660798473,0.012694313130985239,205.53816905269753,-0.007910078511824015
2025-01-06,0.010927090390649907,0.010927090390649907,207.78410320466506,0.0
2025-01-07,-0.001959822631723656,-0.001959822631723656,207.37688321669214,-0.0019598226317236733
2025-01-08,0.008294901835007844,0.008294901835007844,209.0970541058245,0.0
2025-01-09,-0.0035178401839755084,-0.0035178401839755084,208.36148408654012,-0.003517840183975496
2025-01-10,-0.00023115590926179772,-0.00023115590926179772,208.31332009823095,-0.003748182923690946
2025-01-13,0.002951934902709559,0.002951934902709559,208.92824745852826,-0.0008073124129754916
2025-01-15,0.004575411570287977,0.004575411570287977,209.88418017931002,0.0
2025-01-16,0.0035570415105006716,0.0035570415105006716,210.6307469206052,0.0
2025-01-17,0.0013159585525633992,0.0013159585525633992,210.9079282534482,0.0
2025-01-20,-0.003054375149609331,-0.003054375149609331,210.26373631853525,-0.0030543751496093785
2025-01-21,-0.015098294653897055,-0.015098294653897055,207.08911247256873,-0.018106553947514037
2025-01-22,0.006816707131786699,0.006816707131786699,208.50077830247585,-0.011413273891153541
2025-01-23,0.009720857998238078,0.009720857998238078,210.52758476087635,-0.001803362707706202
2025-01-24,0.0034012397614854198,0.0034012397614854198,211.2436395530545,0.0
2025-01-27,0.000670115905525341,0.000670115905525341,211.38519727586007,0.0
2025-01-28,0.0003464499252261991,0.0003464499252261991,211.45843166165022,0.0
2025-01-29,0.0071574929072064815,0.0071574929072064815,212.9719438864375,0.0
2025-01-30,0.006155833064903137,0.006155833064903137,214.28296362051032,0.0
2025-01-31,-0.004570960559136948,-0.004570960559136948,213.30348464530599,-0.004570960559136861
2025-02-04,-0.0034316451589154794,-0.00018867662136154138,212.5715027748431,-0.007986919803378068
2025-02-05,0.0005159891545780609,0.0005159891545780609,212.68118736484732,-0.007475051812796951
2025-02-06,0.005900502635099857,0.005900502635099857,213.93611327132973,-0.0016186557406161484
2025-02-07,0.0049624761857763895,0.0049624761857763895,214.99776613871632,0.0
2025-02-10,0.00030081616571252294,0.00030081616571252294,215.06244094236294,0.0
2025-02-11,-0.0028469692153456154,-0.0028469692153456154,214.45016479362292,-0.0028469692153457737
2025-02-12,-0.0003900869492108514,-0.0003900869492108514,214.3665105830808,-0.0032359455990208508
2025-02-13,0.003335876072489494,0.003335876072489494,215.081610696478,0.0
2025-02-14,0.002875379122388184,0.002875379122388184,215.70005186948427,0.0
2025-02-17,0.011821376563184882,0.011821376563184882,218.24992340733198,0.0
2025-02-18,-0.0008626743319263017,-0.0008626743319263017,218.06164480046357,-0.0008626743319264385
2025-02-19,0.013042546548647048,0.013042546548647048,220.90572395324816,0.0
2025-02-20,0.005579471357479713,0.005579471357479713,222.1382611127486,0.0
2025-02-21,-0.013906985758297772,-0.013906985758297772,219.04898747908058,-0.01390698575829774
2025-02-24,0.005620985402662216,0.005620985402662216,220.28025864016848,-0.008364171319577784
2025-02-25,0.0041622038111292356,0.0041622038111292356,221.19710997219713,-0.004236780894191772
2025-02-26,0.006854995584756912,0.006854995584756912,222.71341518441753,0.0
2025-02-27,-0.01677792244881738,-0.01677792244881738,218.97674677614214,-0.016777922448817262
2025-02-28,-0.0036680444318406957,-0.0036680444318406957,218.17353033942734,-0.020384424715641614
2025-03-04,-0.007863427111978023,-0.0051394286085403315,216.45793868584033,-0.028087560389648547
2025-03-05,0.001307289539917194,0.001307289539917194,216.74091188491636,-0.026816989423630644
2025-03-06,-0.00157083241640127,-0.00157083241640127,216.40044823456716,-0.02834569684373489
2025-03-07,0.007333743956218104,0.007333743956218104,217.98747371393029,-0.02121983297042951
2025-03-10,-0.00021471490027526795,-0.00021471490027526795,217.94066855525057,-0.021429991656384595
2025-03-11,-0.006514079849424996,-0.006514079849424996,216.52098563784457,-0.027804474828987402
2025-03-12,-0.003999244519232274,-0.003999244519232274,215.65506527273368,-0.031692522454649596
2025-03-13,0.008555051834092971,0.008555051834092971,217.50000553442658,-0.02340860179290949
2025-03-14,0.007489158161996774,0.007489158161996774,219.12889747610907,-0.016094754352091067
2025-03-17,0.016096544319538806,0.016096544319538806,222.65611548602493,-0.000257279959292811
2025-03-18,0.01502040840838404,0.01502040840838404,226.00050127524932,0.0
2025-03-19,0.018210845561764676,0.018210845561764676,230.11616150085428,0.0
2025-03-20,0.004550667338263772,0.004550667338263772,231.16334360100285,0.0
2025-03-21,0.015345002300211425,0.015345002300211425,234.71054564028483,0.0
2025-03-24,0.007070584039021727,0.007070584039021727,236.37008627807913,0.0
2025-03-25,-0.005035037094652118,-0.005035037094652118,235.17995412560288,-0.0050350370946522505
2025-03-26,-0.008769975611226945,-0.008769975611226945,233.11743166367185,-0.013760855553357487
2025-03-27,-0.00048471755896215316,-0.00048471755896215316,233.0044355512443,-0.01423890298400654
2025-03-28,-0.0034897539078176097,-0.0034897539078176097,232.1913074117405,-0.017678966624492753
2025-04-02,0.002576999447130259,0.005872419598530339,232.789664282569,-0.01514752586457968
2025-04-03,-0.032321072544579756,-0.032321072544579756,225.26565265566373,-0.046979014126819374
2025-04-04,0.004161963541570133,0.004161963541570133,226.20320008918463,-0.04301257552926396
2025-04-07,-0.06295898562864034,-0.06295898562864034,211.9616760656172,-0.10326353303330649
2025-04-08,0.013783383959324632,0.013783383959324632,214.88322523149162,-0.0909034699987763
2025-04-09,-0.03057036341164412,-0.03057036341164412,208.31416694509875,-0.11869488129717831
2025-04-10,0.027731851330939816,0.027731851330939816,214.0911044529488,-0.09425465876811534
2025-04-11,-0.010166200970383576,-0.010166200970383576,211.91461125910874,-0.10346264793506743
2025-04-14,0.03187378289693473,0.03187378289693473,218.66913157106987,-0.07488661101635707
2025-04-15,0.03154245908162962,0.03154245908162962,225.56649370606578,-0.04570625979847298
2025-04-16,-0.0030318988292055288,-0.0030318988292055288,224.88259891789036,-0.04859958187210811
2025-04-17,0.00751091042200084,0.00751091042200084,226.57167197382938,-0.041453698556095486
2025-04-18,0.011939473353307944,0.011939473353307944,229.27681841397535,-0.030009160532094126
2025-04-21,0.0009113208635743462,0.0009113208635743462,229.48576316212993,-0.029125187642611072
2025-04-22,0.0007669975743671231,0.0007669975743671231,229.66177818582705,-0.028380529016518885
2025-04-23,0.004381766220045572,0.004381766220045572,230.66810240751732,-0.02412311963982483
2025-04-24,0.005664320542633875,0.005664320542633875,231.97468047851459,-0.018595440179319245
2025-04-25,0.006822462464386786,0.006822462464386786,233.5573190287674,-0.01189984440756442
2025-04-28,0.010872080158895191,0.010872080158895191,236.09657292294486,-0.0011571403109466027
2025-04-29,-0.001619375292237161,-0.001619375292237161,235.71424396617155,-0.002774641758754637
2025-04-30,-0.0038076029081045713,-0.0038076029081045713,234.8167377253643,-0.006571679932829477
2025-05-05,-0.007758808106111478,-0.004999922442065284,232.9948397172501,-0.014279499635407311
2025-05-06,0.0023403753525112047,0.0023403753525112047,233.5401350973867,-0.011972543671888936
2025-05-07,0.010419367914110324,0.010419367914110324,235.97347568767736,-0.0016779220951638196
2025-05-08,-0.009732616870956215,-0.009732616870956215,233.6768362571013,-0.011394208393228578
2025-05-09,0.011157586441588251,0.011157586441588251,236.28410575703674,-0.0003637538167212684
2025-05-12,0.004117876662352556,0.004117876662352556,237.25709456181852,0.0
2025-05-13,0.006365797232050855,0.006365797232050855,238.76742511766454,0.0
2025-05-14,-0.00109096497130802,-0.00109096497130802,238.50693822057173,-0.001090964971308117
2025-05-15,0.003692712249554766,0.003692712249554766,239.38767571294264,0.0
2025-05-16,-0.012317109008997388,-0.012317109008997388,236.4391116157758,-0.012317109008997407
2025-05-19,0.0023524391195254893,0.0023524391195254893,236.99532023132664,-0.00999364513854406
2025-05-20,-0.005516818148996471,-0.005516818148996471,235.6878601474472,-0.015455330164665604
2025-05-21,0.0037184568370978665,0.0037184568370978665,236.5642552824334,-0.011794343305688293
2025-05-22,0.0026467400765083577,0.0026467400765083577,237.1903793775588,-0.009178819790283121
2025-05-23,0.004564668084779766,0.004564668084779766,238.27307473232034,-0.0046560499712561265
2025-05-26,-0.004904676020692934,-0.004904676020692934,237.10442249630398,-0.00953788957530377
2025-05-27,0.0008283203588060194,0.0008283203588060194,237.30082091662058,-0.008717469644613174
2025-05-28,-0.0019875842767574166,-0.0019875842767574166,236.82916553610508,-0.010687727215771714
2025-05-29,-0.004110408294007273,-0.004110408294007273,235.85570096982264,-0.014754204587187236
2025-05-30,0.00337843465042483,0.00337843465042483,236.65252404247937,-0.011425616052779142
2025-06-03,-0.002650852755574076,-0.00043996027203594453,236.02519304700778,-0.014046181182555628
2025-06-04,0.01693822356819748,0.01693822356819748,240.02304053456496,0.0
2025-06-05,0.013961840917890857,0.013961840917890857,243.37420404313698,0.0
2025-06-06,-0.0010879899758705156,-0.0010879899758705156,243.10941534875258,-0.0010879899758705625
2025-06-10,0.006180794929390231,0.006180794929390231,244.61202479042714,0.0
2025-06-11,-0.0023609696044231978,-0.0023609696044231978,244.03450323502054,-0.002360969604423113
2025-06-12,-0.003973132177522616,-0.003973132177522616,243.06492189779175,-0.006324721337640282
2025-06-13,-0.011484223041420988,-0.011484223041420988,240.27351012117194,-0.01773630986854491
2025-06-16,-0.0032482209454669127,-0.0032482209454669127,239.4930486729555,-0.020926919360801488
2025-06-17,-0.0006402858900817856,-0.0006402858900817856,239.3397046531175,-0.0215538060396937
2025-06-18,-0.015507836792708205,-0.015507836792708205,235.628063575342,-0.0367273899260766
2025-06-19,-0.01449354209817289,-0.01449354209817289,232.21297831640183,-0.05068862205219982
2025-06-20,0.014794498875186362,0.014794498875186362,235.64845296290753,-0.03664403593894949
2025-06-23,-0.009832479668081302,-0.009832479668081302,233.33144434033494,-0.04611621386870457
2025-06-24,0.016394137716453157,0.016394137716453157,237.1567121724293,-0.030478111713376443
2025-06-25,0.014379788472758653,0.014379788472758653,240.56697552836374,-0.016536592040105158
2025-06-26,0.026414418618383284,0.026414418618383284,246.9214123257283,0.0
2025-06-30,0.016643184005522754,0.016643184005522754,251.03097082596895,0.0
2025-07-02,0.018909192732306075,0.021229310862074215,255.77776383509513,0.0
2025-07-03,-0.010631017376877924,-0.010631017376877924,253.05858598314526,-0.010631017376877994
2025-07-04,-0.011560178810165925,-0.011560178810165925,250.13318347973237,-0.022068299725233165
2025-07-07,-0.010805923343266506,-0.010805923343266506,247.43026347344318,-0.03263575471335245
2025-07-08,0.00359785120590631,0.00359785120590631,248.3204807452588,-0.029155322096897307
2025-07-09,-0.006511145113519284,-0.006511145113519284,246.70363006046756,-0.0354766326774123
2025-07-10,0.006908867928535329,0.006908867928535329,248.4080728580456,-0.02881286811859418
2025-07-11,0.0040178342103206815,0.0040178342103206815,249.4061353112945,-0.024910799235497882
2025-07-14,-0.009448108892970371,-0.009448108892970371,247.04971898629847,-0.03412354818468033
2025-07-15,-0.010434577596121581,-0.010434577596121581,244.47185952343597,-0.0442020609694137
2025-07-16,-0.00197727513249804,-0.00197727513249804,243.98847139500472,-0.04609193646595178
2025-07-17,-0.0018326333572957164,-0.0018326333572957164,243.54132998353063,-0.047840100202977576
2025-07-18,0.01954238972001265,0.01954238972001265,248.300709566999,-0.029232620365376105
2025-07-21,-0.00840870082449314,-0.00840870082449314,246.21282318574075,-0.0373955128309007
2025-07-22,0.0037238382471810093,0.0037238382471810093,247.1296799136662,-0.03381092942467245
2025-07-23,-0.010787503027778698,-0.010787503027778698,244.46376774334354,-0.04423369694891055
2025-07-24,0.007693338230487401,0.007693338230487401,246.3445101936924,-0.036880663510236
2025-07-25,0.006152563115917915,0.006152563115917915,247.86016034091895,-0.030955011004321742
2025-07-28,-0.005794394206512073,-0.005794394206512073,246.4239608638144,-0.03657003967440786
2025-07-29,0.002886302183828989,0.002886302183828989,247.13521488020342,-0.03378928967595374
2025-07-31,0.0017457759073976097,0.0017457759073976097,247.56665758421082,-0.03210250229640055
2025-08-01,0.0016798322092602118,0.0016798322092602118,247.98252802955966,-0.030476596904495667
2025-08-04,0.012889791464591528,0.012889791464591528,251.1789711027229,-0.017979642418553543
2025-08-05,0.005616525170621122,0.005616525170621122,252.58972411625203,-0.012464100362135078
2025-08-06,0.017832286527941627,0.017832286527941627,257.09397645070675,0.0
2025-08-07,0.007486443869797546,0.007486443869797546,259.018696074668,0.0
2025-08-08,0.001646518398941648,0.001646518398941648,259.4451751234248,0.0
2025-08-11,6.711309631380903e-05,6.711309631380903e-05,259.462587292451,0.0
2025-08-12,-0.0037689409116489618,-0.0037689409116489618,258.4846881321622,-0.0037689409116489214
2025-08-13,-0.0016447223244541735,-0.0016447223244541735,258.05955259506163,-0.005407464374846183
2025-08-15,0.005050075447212712,0.005050075447212712,259.36277280554066,-0.00038469703070465044
2025-08-18,-0.007465677923054213,-0.007465677923054213,257.42645387854424,-0.007847502929629546
2025-08-19,-0.004581535495042856,-0.004581535495042856,256.2470454427367,-0.012393084811452959
2025-08-22,0.01378342522908463,0.01378342522908463,259.7790074337705,0.0
2025-08-25,0.003126885359241368,0.003126885359241368,260.5913066087534,0.0
2025-08-26,-0.0026811683170112157,-0.0026811683170112157,259.8926174537855,-0.002681168317011151
2025-08-27,0.0009897168133686752,0.0009897168133686752,260.14983754694987,-0.0016941051010055386
2025-08-28,-0.0016477324541673618,-0.0016477324541673618,259.72118021667734,-0.0033390461232172264
2025-08-29,-0.01312050517841698,-0.01312050517841698,256.31350712669985,-0.01641574132968371
2025-09-01,-0.003931178494022731,-0.003931178494022731,255.3058929797558,-0.020282386614427717
2025-09-02,0.0056959222959626155,0.0056959222959626155,256.7600955078699,-0.014701991216597432
2025-09-03,0.008181805373665453,0.008181805373665453,258.86085663703903,-0.006640474673671459
2025-09-04,-0.003623359130648706,-0.003623359130648706,257.9229107885757,-0.010239772979779405
2025-09-08,-0.005186087451896427,-0.005186087451896427,256.5853000173785,-0.01537275607351507
2025-09-09,-0.027498726940481645,-0.027498726940481645,249.52953091525902,-0.04244875179240848
2025-09-10,0.021992371247076613,0.021992371247076613,255.0172769962563,-0.021389929253725515
2025-09-11,0.0015584935316917635,0.0015584935316917635,255.41471977292457,-0.019864771788419167
2025-09-12,-0.0039925069571139895,-0.0039925069571139895,254.39497472728186,-0.023777968505966363
2025-09-15,-0.002666737314882926,-0.002666737314882926,253.71657015545796,-0.026381296224962103
2025-09-16,-0.0014593410776382336,-0.0014593410776382336,253.34631114255265,-0.02780213799333786
2025-09-17,-0.004239076483093984,-0.004239076483093984,252.27235675290962,-0.03192335908708466
2025-09-18,0.0066847259517740665,0.0066847259517740665,253.958728323011,-0.025452032042267758
2025-09-19,0.007065251406688009,0.007065251406688009,255.75301058553586,-0.018566605640769507
2025-09-22,0.0011294495811205619,0.0011294495811205619,256.041870716212,-0.017458126104612837
2025-09-23,-0.007498050560143443,-0.007498050560143443,254.12205582406813,-0.024825274752538484
2025-09-24,-0.00530111334106285,-0.00530111334106285,252.77492600368086,-0.029994786498415027
2025-09-25,0.003229082891878146,0.003229082891878146,253.59115719273512,-0.02686255925846437
2025-09-26,-0.007538399804354626,-0.007538399804354626,251.67948566296735,-0.034198458351360594
2025-09-29,-0.016929795225584694,-0.016929795225584694,247.41860350821284,-0.050549280680026065
2025-09-30,0.005574523931440469,0.005574523931440469,248.79784443455293,-0.045256544923453546
2025-10-01,-0.0370485938709626,-0.0370485938709626,239.58023414012627,-0.08062844744154407
2025-10-02,0.004113472327696208,0.004113472327696208,240.56574080352462,-0.07684663800122382
2025-10-03,0.01862723945158057,0.01862723945158057,245.04681646131874,-0.059650839276740975
2025-10-06,0.015756799802271206,0.015756799802271206,248.90797009048362,-0.04483394580699096
2025-10-07,-0.003191084498300904,-0.003191084498300904,248.11368372562436,-0.04788196139582934
2025-10-08,-0.002986999535143471,-0.002986999535143471,247.3725682676732,-0.05072593753454169
2025-10-09,-0.017322567158045095,-0.017322567158045095,243.0874403407983,-0.06716980123298988
2025-10-10,0.0015097218955395805,0.0015097218955395805,243.45443477201147,-0.06576148705709095
2025-10-13,-0.0011545091596861852,-0.0011545091596861852,243.17336439710098,-0.06684007397761504
2025-10-14,-0.021570453225062264,-0.021570453225062264,237.9280047147923,-0.08696875651338343
2025-10-15,-0.0021875612799892434,-0.0021875612799892434,237.40752262425312,-0.08896606830905518
2025-10-16,0.011386885881250256,0.011386885881250256,240.11085499172583,-0.07859222889494366
2025-10-17,0.005903137040488595,0.005903137040488595,241.52826227365085,-0.0731530325519395
2025-10-20,0.01824041397272558,0.01824041397272558,245.93383776363532,-0.05624696017632136
2025-10-21,0.016298073270541294,0.016298073270541294,249.9420854712125,-0.04086560398397887
2025-10-22,0.006664380788179396,0.006664380788179396,251.60779470378435,-0.03447356714188765
2025-10-23,-0.0016365008523078152,-0.0016365008523078152,251.19603833330427,-0.036053651972185796
2025-10-24,0.004555237273104552,0.004555237273104552,252.34029588997635,-0.03166264763837645
2025-10-27,0.002866061795842118,0.002866061795842118,253.0635187715781,-0.02888733294728596
2025-10-28,0.005556053083688478,0.005556053083688478,254.46955311541797,-0.023491779418898795
2025-10-29,0.006330577536959034,0.006330577536959034,256.08049235221046,-0.017309918413032088
2025-10-30,0.005213722147644667,0.005213722147644667,257.4156248867669,-0.012186445370391374
2025-10-31,0.00818813388384599,0.00818813388384599,259.5233784871337,-0.004098095732806173
2025-11-03,0.005870012034744812,0.005870012034744812,261.04678384215083,0.0
2025-11-04,-0.0008196749751738293,-0.0008196749751738293,260.8328103260858,-0.0008196749751738786
2025-11-05,-0.014429443670282626,-0.014429443670282626,257.069137982124,-0.015237291191574243
2025-11-07,-0.009143684284284066,-0.009143684284284066,254.71857894518246,-0.024241650495854694
2025-11-10,-0.0029472974159532243,-0.0029472974159532243,253.96784753566206,-0.02711750055794304
2025-11-11,-0.021978761842179034,-0.021978761842179034,248.38594869910492,-0.04850025331360386
2025-11-12,0.00252984707292822,0.00252984707292822,249.01432716437785,-0.04609310446455728
2025-11-13,0.005003695508705061,0.005003695508705061,250.26031903481348,-0.041320044815643775
2025-11-14,-0.006061231376826732,-0.006061231376826732,248.74343333670498,-0.047130825840342006
2025-11-17,-0.0076466516402777275,-0.0076466516402777275,246.84137895417254,-0.054417084473900146
2025-11-19,-0.02703931720570594,-0.02703931720570594,240.1669566091368,-0.0799850008711066
2025-11-20,-0.004021235412712257,-0.004021235412712257,239.2011887382568,-0.08368459776583015
2025-11-21,0.008873493965580822,0.008873493965580822,241.32373904308548,-0.07555367857353645
2025-11-24,-0.0018704171157331313,-0.0018704171157331313,240.8723629911466,-0.0772827787957091
2025-11-25,0.014557980720771082,0.014557980720771082,244.3789782077383,-0.06384987927869346
2025-11-26,0.0066285989946452024,0.0066285989946452024,245.99886845699857,-0.057644515529643114
2025-11-27,0.0016301209818717485,0.0016301209818717485,246.399876373987,-0.056108362082026075
2025-11-28,-0.003762752995385625,-0.003762752995385625,245.47273450109813,-0.05965999316992143
2025-12-01,-0.005277887736082738,-0.005277887736082738,244.1771569661321,-0.06462300215971784
2025-12-02,-0.0033223879114659943,-0.0033223879114659943,243.36590573157167,-0.06773068739000587
2025-12-03,0.004297349177698074,0.004297349177698074,244.41173400644698,-0.0637244006260681
2025-12-04,0.0005349542362900066,0.0005349542362900066,244.5424830989527,-0.06322353602784814
2025-12-05,0.0010533470750578751,0.0010533470750578751,244.80007120825235,-0.06223678527954013
2025-12-08,0.0028237048356969598,0.0028237048356969598,245.49131435310207,-0.05958881875539512
2025-12-09,0.001683523184160686,0.001683523184160686,245.90460467232563,-0.0580056147291258
2025-12-10,-0.0016706041788808969,-0.0016706041788808969,245.49379541215396,-0.05957931448564169
2025-12-11,0.004509970422171568,0.004509970422171568,246.60096516828943,-0.05533804500957362
2025-12-12,0.008879683177172979,0.008879683177172979,248.79070361016892,-0.0469497461397298
2025-12-15,-0.005604680864978937,-0.005604680864978937,247.39631111426036,-0.05229128866090382
2025-12-16,-0.001136981309432587,-0.001136981309432587,247.11502613250084,-0.05336881575248287
2025-12-17,0.010464253386065612,0.010464253386065612,249.7009003814556,-0.04346302717736528
2025-12-18,-0.003981690955205393,-0.003981690955205393,248.7066685649001,-0.04727166179037279
2025-12-19,-0.007491386319341617,-0.007491386319341617,246.84351083048398,-0.054408917829285475
2025-12-22,0.004975312889668453,0.004975312889668453,248.07163453164986,-0.04970430632980616
2025-12-23,-0.0019225768929783907,-0.0019225768929783907,247.59469773929595,-0.05153132287195328
2025-12-24,-0.005603345295792428,-0.005603345295792428,246.2073391544553,-0.0568459203721452
2025-12-25,-0.0040918102216745845,-0.0040918102216745845,245.1999054474518,-0.06070512787578053
2025-12-26,-0.020649364027082437,-0.020649364027082437,240.1366833404612,-0.08010096961904534
2025-12-29,0.003056650004938303,0.003056650004938303,240.87069713477968,-0.07728916024328858
2025-12-30,0.0062146181739732844,0.0062146181739732844,242.3676165467711,-0.07155486468921446
2025-12-31,0.003067806760670216,0.003067806760670216,243.1111535593808,-0.06870657442619665
2026-01-02,0.020188511610668078,0.020188511610668078,248.01920590569728,-0.04990514629106102
2026-01-05,0.01767043962233515,0.01767043962233515,252.4018143088334,-0.03311655254310597
2026-01-06,0.00998346527990021,0.00998346527990021,254.92165905856945,-0.02346370521570984
2026-01-07,-0.01002674740219287,-0.01002674740219287,252.36562397584126,-0.0332551879725852
2026-01-08,0.005119569269685889,0.005119569269685889,253.65762726907312,-0.028305870941301325
2026-01-09,0.0006102272247496976,0.0006102272247496976,253.8124160589981,-0.027712916729620174
2026-01-12,0.007060961612734249,0.007060961612734249,255.604575785626,-0.020847634958090833
2026-01-13,-0.005734434640646374,-0.005734434640646374,254.13882805193316,-0.026462520198658024
2026-01-15,-0.0036308470812005445,-0.0036308470812005445,253.21608882988107,-0.02999728591563411
2026-01-16,-0.0046787321864263905,-0.0046787321864263905,252.03135856495172,-0.034535668834941524
2026-01-19,-0.00432533064481554,-0.00432533064481554,250.94123960629622,-0.038711621293006204
2026-01-20,-0.010332569786692756,-0.010332569786692756,248.34837173570497,-0.04864420055113294
2026-01-21,-0.013019972897419147,-0.013019972897419147,245.11488266658793,-0.0610308272757597
2026-01-22,0.00808594573431424,0.00808594573431424,247.09686830650276,-0.05343837349891756
2026-01-23,-0.007327267702897115,-0.007327267702897115,245.2863234038735,-0.06037408393358079
2026-01-26,-0.014984636964077331,-0.014984636964077331,241.6107968954132,-0.07445403716787458
2026-01-27,0.010541281477168311,0.010541281477168311,244.1576843134107,-0.0646975966536043
2026-01-28,0.02576763806732018,0.02576763806732018,250.44905115415366,-0.040597062840679765
2026-01-29,-0.00018638319683770543,-0.00018638319683770543,250.4023716593546,-0.040775879427162987
2026-01-30,-0.013792596860439644,-0.013792596860439644,246.94867269415911,-0.05400607102103394
2026-02-02,-0.008140209408619314,-0.008140209408619314,244.93845878524806,-0.061706659702205235
2026-02-03,0.0016393796728199344,0.0016393796728199344,245.34000591567246,-0.06016844067297866
2026-02-04,-0.0011669538663272158,-0.0011669538663272158,245.05370544720444,-0.06126518074483167
2026-02-05,-0.024842088144431125,-0.024842088144431125,238.9660596963655,-0.08458531386901524
2026-02-06,0.013151315489840514,0.013151315489840514,242.1087777387965,-0.07254640652767319
2026-02-13,-0.002403235246319394,-0.002403235246319394,241.52693339069137,-0.07477529569283137
2026-03-24,-0.0010687058490564936,-0.0010687058490564936,241.26881214427206,-0.07576408874601592
2026-03-25,0.0065279770587009355,0.0065279770587009355,242.8438094149299,-0.06973069792052233
2026-03-26,-0.01816547744480139,-0.01816547744480139,238.43243567239335,-0.08662948394503822
2026-03-27,-0.009643767206866721,-0.009643767206866721,236.13304876820257,-0.095437816575488
2026-03-30,0.004949830209358481,0.004949830209358481,237.30186726642333,-0.09096038735373002
2026-03-31,-0.013890862688549978,-0.013890862688549978,234.00553961248895,-0.10358773179145209
2026-04-01,0.02486140595880351,0.02486140595880351,239.82324632940387,-0.08130166248506754
2026-04-02,-0.0014279659145910494,-0.0014279659145910494,239.48078690811894,-0.08261353239683022
2026-04-03,0.008932216085756941,0.008932216085756941,241.6198810451694,-0.07441923823404939
2026-04-06,0.0030254778460810203,0.0030254778460810203,242.35089664244427,-0.07161891414456778
2026-04-07,-0.006451427134423787,-0.006451427134423787,240.78738749179328,-0.07760829707294137
2026-04-08,0.021681317545669036,0.021681317545669036,246.00797530099484,-0.057609629660289485
2026-04-09,-0.0025805805038863726,-0.0025805805038863726,245.37313191613256,-0.060041543877038306
2026-04-10,0.009517335815252161,0.009517335815252161,247.7084304126186,-0.05109564359773
2026-04-13,-0.0022011319741587375,-0.0022011319741587375,247.1631914661687,-0.0531843073170255
2026-04-14,0.013186272999235717,0.013186272999235717,250.422352784204,-0.04069933711334739
2026-04-15,0.0029970285386513237,0.0029970285386513237,251.17287572221448,-0.03782428564952889
2026-04-16,0.00044627997007218344,0.00044627997007218344,251.28496914567472,-0.03739488590052442
2026-04-17,0.029506783121474103,0.029506783121474103,258.69958023194243,-0.008991505567169322
2026-04-20,-0.011390237967231789,-0.011390237967231789,255.75293045107767,-0.020279328146307285
2026-04-21,0.002483211218516353,0.002483211218516353,256.3880189971422,-0.017846474782947985
2026-04-22,0.0011198338310211462,0.0011198338310211462,256.6751309746837,-0.016746626038153134
2026-04-23,-0.00039242806771586314,-0.00039242806771586314,256.5744044490046,-0.017132482259772153
2026-04-24,-0.015172730448192335,-0.015172730448192335,252.68147017039436,-0.032045266172728515
2026-04-27,0.006394627428678058,0.006394627428678058,254.2972740302647,-0.025855556282077696
2026-04-28,-0.0036149359504735533,-0.0036149359504735533,253.37800567226526,-0.02937702605262782
2026-04-29,-0.002201288156663595,-0.002201288156663595,252.82024766921984,-0.03151364690976377
2026-04-30,-0.006868549822004049,-0.006868549822004049,251.0837392020924,-0.03816574367789505
2026-05-04,0.0029815265425685586,0.0029815265425685586,251.8323520349308,-0.035298009313118994
2026-05-05,-0.007704279109015706,-0.007704279109015706,249.8921653061738,-0.042730342706393754
2026-05-06,0.008680620020411312,0.008680620020411312,252.0613842392745,-0.03442064855435867
2026-05-07,0.005342343030348748,0.005342343030348748,253.40798261858524,-0.029262192435914436
2026-05-08,0.0013123005304114975,0.0013123005304114975,253.74053004858607,-0.02798829269615777
2026-05-11,-0.005949858509569388,-0.005949858509569388,252.23080979665383,-0.03377162482426066
2026-05-12,-0.002044828917499165,-0.002044828917499165,251.7150409428974,-0.035747396546728316
2026-05-13,0.00605142301506373,0.00605142301506373,253.23827513489695,-0.02991229614985602
2026-05-14,-0.004142057518030514,-0.004142057518030514,252.18934763352135,-0.03393045521673754
2026-05-15,-0.007860745156363305,-0.007860745156363305,250.20695144062475,-0.04152448171160261
2026-05-18,0.002356595771154485,0.002356595771154485,250.79658808430318,-0.03926574235844904
