sell_mode,cell,configuration,mois,date_rebalance,ret_month,turnover,liquidite_ponderee,n_titres,w_BUY,w_NEUTRAL,w_SELL,n_BUY,n_NEUTRAL,n_SELL,contrib_BUY,contrib_NEUTRAL,contrib_SELL,n_days
exclude,1,C1 Ridge,2023-01,2023-01-31,0.04976921390266664,0.9996758889422436,0.5141034247962223,51,0.842676134122434,0.15699975481980966,0.0,32,19,0,0.03988107446478463,0.011102564680657444,0.0,19
exclude,1,C1 Ridge,2023-02,2023-02-28,-0.029342438408580307,1.1911276244785256,0.47272052297998524,48,0.9477805137464114,0.05216999599759028,0.0,37,11,0,-0.026114336763215607,-0.000579028251314104,0.0,22
exclude,1,C1 Ridge,2023-03,2023-03-31,0.011609997444249842,1.213189764009993,0.5315614537854402,40,0.9721574372258718,0.027351360884564267,0.0,33,7,0,0.014445077868529683,-2.334624725340485e-06,0.0,18
exclude,1,C1 Ridge,2023-04,2023-04-28,0.04728558553872486,0.6130833663128802,0.6613632610195204,50,0.8421752864197787,0.15763222340708047,0.0,34,16,0,0.045234601660327875,0.003346816437277469,0.0,21
exclude,1,C1 Ridge,2023-05,2023-05-31,0.044859900597403524,0.9824975663075777,0.7258679877669443,43,0.982947993879395,0.016744196164269677,0.0,31,12,0,0.047236707431051,1.937515270049775e-05,0.0,19
exclude,1,C1 Ridge,2023-06,2023-06-28,0.06394961747830696,0.7467811441088414,0.7477288200467743,53,0.9269971714873944,0.07288776279262023,0.0,35,18,0,0.06524884677446649,0.0015898384304505017,0.0,20
exclude,1,C1 Ridge,2023-07,2023-07-31,0.023747457896442503,1.0622510295894612,0.9829285888188924,34,0.973024715714863,0.026793431285301216,0.0,25,9,0,0.02661647518342978,-0.00027616308685883843,0.0,20
exclude,1,C1 Ridge,2023-08,2023-08-31,0.07101088077505469,0.8062995781684511,0.927925530875286,35,0.8831890101380184,0.1166550925624266,0.0,24,11,0,0.07437229071541872,-1.353568168081127e-05,0.0,18
exclude,1,C1 Ridge,2023-09,2023-09-27,0.037269638360542645,0.8345689582520649,0.9740401282808994,39,0.9190347334122924,0.08076978964495365,0.0,27,12,0,0.03622295488296916,0.0005637621071065229,0.0,22
exclude,1,C1 Ridge,2023-10,2023-10-31,-0.02374761156995575,0.7334428789728453,0.9612388160440262,40,0.9427431447958342,0.05720373966166705,0.0,28,12,0,-0.020854609616804902,-0.0020190310785596975,0.0,20
exclude,1,C1 Ridge,2023-11,2023-11-30,0.017886390400216445,1.0105521004670948,0.8709877937795784,42,0.9297430829085714,0.07018945867585709,0.0,24,18,0,0.02020580171876218,-0.0011736644711644539,0.0,20
exclude,1,C1 Ridge,2023-12,2023-12-29,0.07182915767128906,0.8449689975720102,0.8377123898802696,40,0.9287136632596027,0.0709527435788702,0.0,28,12,0,0.07406204761710561,0.001483001627449639,0.0,21
exclude,1,C1 Ridge,2024-01,2024-01-31,0.06870451838906555,1.1098312045288818,0.965738615494263,39,0.8848724046860876,0.11481294487757775,0.0,20,19,0,0.07445569149956456,-0.002554283285370925,0.0,20
exclude,1,C1 Ridge,2024-02,2024-02-29,0.01888921699502255,0.8947380659060836,0.9730539045609085,36,0.9550655660120406,0.044625019850441046,0.0,24,12,0,0.023010328176003264,-0.0006214307376712435,0.0,20
exclude,1,C1 Ridge,2024-03,2024-03-29,0.07947524578265108,1.2116380471504384,0.9854871398335109,32,0.9894096028212543,0.01034391316574519,0.0,22,10,0,0.08883903402453207,8.078257966210789e-05,0.0,19
exclude,1,C1 Ridge,2024-04,2024-04-30,0.014501237943614687,0.7892924752213621,0.9808209908602255,37,0.6570283096771925,0.3428138100667086,0.0,26,11,0,-0.0009626008062052011,0.016888500209093323,0.0,21
exclude,1,C1 Ridge,2024-05,2024-05-31,-0.010136486379329623,1.0162817217436844,0.9810131758289851,42,0.9700571870227348,0.029829120698513692,0.0,28,14,0,-0.008753382395810224,-0.00016944701364448228,0.0,17
exclude,1,C1 Ridge,2024-06,2024-06-28,0.10381047238205854,0.6187365442182446,0.8985484444366061,43,0.899585620281035,0.10036164294054672,0.0,28,15,0,0.10683222024240656,-0.0003422015166167824,0.0,22
exclude,1,C1 Ridge,2024-07,2024-07-31,0.007580655923969948,0.5169817639939392,0.9721493598068832,39,0.9401078149960304,0.059635526036543034,0.0,29,10,0,0.009931760093212486,-0.0011960985032621796,0.0,18
exclude,1,C1 Ridge,2024-08,2024-08-30,0.036817812166426656,0.8582725770488575,0.9258111404207691,44,0.992600908187753,0.007310219838354776,0.0,35,9,0,0.03990645270970817,-3.172902727580978e-05,0.0,18
exclude,1,C1 Ridge,2024-09,2024-09-30,0.00017300405207976155,0.7375841058877999,0.7829162320506418,39,0.9519608875852295,0.04770189828638524,0.0,30,9,0,0.003449433901925078,-0.0010199505927462427,0.0,22
exclude,1,C1 Ridge,2024-10,2024-10-31,0.018271951062104552,0.9495530382612394,0.7767048712678097,41,0.9159220190576166,0.0840003905341271,0.0,29,12,0,0.017316942161687124,0.0014476263322260546,0.0,18
exclude,1,C1 Ridge,2024-11,2024-11-29,0.016969348894953606,0.930660618255999,0.922230186892854,40,0.9682624885423733,0.03152255160717201,0.0,29,11,0,0.01825024357965937,0.001909935912470825,0.0,21
exclude,1,C1 Ridge,2024-12,2024-12-31,0.030376761202462133,0.8717559353358616,0.8208897502558781,42,0.9714968989728258,0.028357625675821924,0.0,33,9,0,0.029125611025171638,0.0028050290300815606,0.0,20
exclude,1,C1 Ridge,2025-01,2025-01-31,0.0192973124123057,0.9055039780460453,0.9307895210991894,39,0.6381607082175137,0.3617452366601471,0.0,27,12,0,0.01734372604893855,0.003911693365084003,0.0,19
exclude,1,C1 Ridge,2025-02,2025-02-28,0.050285683760794564,0.679785790758496,0.9371519757668667,40,0.6648928142798103,0.3349391508123819,0.0,25,15,0,0.03630617408570039,0.01784911524043006,0.0,19
exclude,1,C1 Ridge,2025-03,2025-03-28,0.006412299766866081,1.0487673122350327,0.9564422706668516,37,0.8834768083085293,0.11636834084078018,0.0,27,10,0,0.010496068370689109,-0.0035607702432002954,0.0,21
exclude,1,C1 Ridge,2025-04,2025-04-30,-0.0012517999136193447,1.276561896282645,0.9448540319575733,35,0.9635424673864729,0.0363561585942167,0.0,25,10,0,0.004054756033553944,-0.002224866585100419,0.0,20
exclude,1,C1 Ridge,2025-05,2025-05-30,0.041247829137845526,1.1372306883885472,0.9564513765841933,41,0.8946765295031277,0.10524633739758209,0.0,28,13,0,0.04102022806546631,0.004036807949571509,0.0,18
exclude,1,C1 Ridge,2025-06,2025-06-30,-0.04612265936741633,1.17897502943172,0.8613467392270499,36,0.5798625165702702,0.41987591090878923,0.0,23,13,0,-0.06415183574397551,-0.033132942438492935,0.0,188
exclude,2,C2 Ridge + régime,2023-01,2023-01-31,0.036276197218470196,0.9999727048508843,0.4099828136358415,47,0.6947068900838601,0.305265814767024,0.0,25,22,0,0.02458576898029484,0.013278275238019341,0.0,19
exclude,2,C2 Ridge + régime,2023-02,2023-02-28,-0.01814448104974864,0.8217279507876296,0.45274700521907296,52,0.8705897477568921,0.12939055802108893,0.0,36,16,0,-0.01466920843991584,-0.001232721935795138,0.0,22
exclude,2,C2 Ridge + régime,2023-03,2023-03-31,0.005486350167632326,1.0330904981319924,0.5674554880690656,46,0.915790152297704,0.08390344459161962,0.0,32,14,0,0.005394367555629279,0.002260615788446084,0.0,18
exclude,2,C2 Ridge + régime,2023-04,2023-04-28,0.04792218186184849,1.0281125479663518,0.6266156157988103,51,0.9162834962363913,0.08351409214354989,0.0,38,13,0,0.049402529472445056,0.000640966609472273,0.0,21
exclude,2,C2 Ridge + régime,2023-05,2023-05-31,0.03544940151322695,0.9488809684921822,0.6433269203875763,53,0.9477470160586845,0.052210881937310535,0.0,37,16,0,0.03704620239756067,0.0003816467811734883,0.0,19
exclude,2,C2 Ridge + régime,2023-06,2023-06-28,0.04936482730130831,0.783728122618006,0.6652003847164418,51,0.9529723170097216,0.046678495583851,0.0,36,15,0,0.051510735730558456,0.0007705169404967884,0.0,20
exclude,2,C2 Ridge + régime,2023-07,2023-07-31,0.013977335854201911,1.0427745201791814,0.9247585774413997,44,0.9253068041655422,0.07424999620250027,0.0,28,16,0,0.015389217198914344,0.0008595281737369606,0.0,20
exclude,2,C2 Ridge + régime,2023-08,2023-08-31,0.07187666556713057,0.7388283871298995,0.9340658196155993,35,0.7984919011229126,0.20135299469429022,0.0,20,15,0,0.072419992741013,0.002333115905790458,0.0,18
exclude,2,C2 Ridge + régime,2023-09,2023-09-27,0.033210921392785364,0.9407339970222385,0.9605481617831554,37,0.8938812340637265,0.1059393603476349,0.0,22,15,0,0.03190332647227595,0.0009545131879563026,0.0,22
exclude,2,C2 Ridge + régime,2023-10,2023-10-31,-0.022464966144033927,0.9371196005162427,0.9516645283151719,37,0.9045568310966071,0.09528031610451232,0.0,22,15,0,-0.017320146661122894,-0.0032145927095290822,0.0,20
exclude,2,C2 Ridge + régime,2023-11,2023-11-30,0.021815659369584184,0.823779144614548,0.8836640254463286,34,0.9158265290962256,0.08390741291084948,0.0,24,10,0,0.02415005305325356,-0.0012189085076859812,0.0,20
exclude,2,C2 Ridge + régime,2023-12,2023-12-29,0.07352109044932953,0.9361867474130149,0.8843320795739165,43,0.8787716999183341,0.12097472930354736,0.0,24,19,0,0.07716537082517314,0.0007933959101314744,0.0,21
exclude,2,C2 Ridge + régime,2024-01,2024-01-31,0.0739195754707862,1.1117418999353408,0.9811242877695919,38,0.9451693540552991,0.05466212261355031,0.0,22,16,0,0.07490770387703252,0.0009370165365726675,0.0,20
exclude,2,C2 Ridge + régime,2024-02,2024-02-29,0.02020388437791909,0.9274239254177846,0.9177204672990317,36,0.9093812017626356,0.09051099033972682,0.0,24,12,0,0.023263000883595893,0.0006259777529176111,0.0,20
exclude,2,C2 Ridge + régime,2024-03,2024-03-29,0.08996572528132107,0.944734759785697,0.9773438707621152,38,0.9164185312401036,0.08321915173130356,0.0,22,16,0,0.09321643570336105,0.0021425593038296464,0.0,19
exclude,2,C2 Ridge + régime,2024-04,2024-04-30,0.010190789374346254,0.9205581171681536,0.9715006711696414,41,0.61365292454091,0.3862708594528459,0.0,25,16,0,-0.009865915917770857,0.022169121564867875,0.0,21
exclude,2,C2 Ridge + régime,2024-05,2024-05-31,-0.01462360773225424,0.7509072129445858,0.9303066582068671,43,0.885346085631182,0.11450070355016684,0.0,27,16,0,-0.00996149107378161,-0.004210561488911494,0.0,17
exclude,2,C2 Ridge + régime,2024-06,2024-06-28,0.10724462236320309,0.37344540455782316,0.9448709604830922,45,0.9312369689527367,0.06857347419956143,0.0,26,19,0,0.10696561651980806,0.00289021210456746,0.0,22
exclude,2,C2 Ridge + régime,2024-07,2024-07-31,0.01611936397340097,0.6146500099267734,0.9332311310966876,40,0.9356720679789496,0.06416147296902729,0.0,27,13,0,0.017984136228275806,-0.00033984467770482006,0.0,18
exclude,2,C2 Ridge + régime,2024-08,2024-08-30,0.04017487628914562,0.6923650069721834,0.8912106794609289,41,0.9798053699145014,0.01979605494340288,0.0,33,8,0,0.0426044624419011,-2.1417538908616972e-05,0.0,18
exclude,2,C2 Ridge + régime,2024-09,2024-09-30,-0.0024886808603018507,0.9735450788792693,0.7900539091461832,42,0.9354702576919065,0.0643878745003695,0.0,28,14,0,0.002167242126497013,-0.0011842131010884034,0.0,22
exclude,2,C2 Ridge + régime,2024-10,2024-10-31,0.010776486931719287,0.8507498468277254,0.7056178963182437,40,0.944024956221965,0.055905683818912075,0.0,28,12,0,0.008813151412925931,0.0013532344858990658,0.0,18
exclude,2,C2 Ridge + régime,2024-11,2024-11-29,0.023830742515375203,0.7359535494190556,0.8472062517919556,41,0.9233762824719249,0.07651886354946574,0.0,28,13,0,0.026432249110069812,-7.662016553139729e-05,0.0,21
exclude,2,C2 Ridge + régime,2024-12,2024-12-31,0.05020584155649099,0.7213539653853098,0.8192071040498892,41,0.9118987252895865,0.08793075114927178,0.0,31,10,0,0.04214642004477017,0.009187946895262566,0.0,20
exclude,2,C2 Ridge + régime,2025-01,2025-01-31,0.01793148080398188,0.9259747077517722,0.939579385894508,41,0.7650030764644167,0.23484981346654635,0.0,29,12,0,0.016426214730203025,0.0037713508543935413,0.0,19
exclude,2,C2 Ridge + régime,2025-02,2025-02-28,0.06922017834009186,0.8733594979760351,0.9391396399054333,45,0.6611063699740067,0.33889230686564087,0.0,30,15,0,0.05428781828811672,0.02040631721673727,0.0,19
exclude,2,C2 Ridge + régime,2025-03,2025-03-28,0.007324911312645899,0.8069248891015397,0.9654578702939374,40,0.90613313435367,0.09370373228421405,0.0,31,9,0,0.007817845394366828,-8.772789479565333e-05,0.0,21
exclude,2,C2 Ridge + régime,2025-04,2025-04-30,0.018793606035800492,1.0268896223337383,0.9444512314393735,32,0.8559606424298672,0.1436472324976878,0.0,20,12,0,0.020008799663640768,0.0016713133679007559,0.0,20
exclude,2,C2 Ridge + régime,2025-05,2025-05-30,0.060928283263061545,0.8690423194248047,0.9391573222076689,34,0.8251310635477571,0.17458188807618563,0.0,24,10,0,0.05832312859719149,0.005840181735060919,0.0,18
exclude,2,C2 Ridge + régime,2025-06,2025-06-30,-0.06327132681538505,1.224871429773922,0.8239502501265861,41,0.5244485570439164,0.4755326164389974,0.0,25,16,0,-0.0884962629512147,-0.03320269071872649,0.0,189
exclude,3,C3 Hybrid,2023-01,2023-01-31,0.04259454102394189,0.999817056760659,0.42869125367473637,33,0.8928920140121378,0.10692504274852135,0.0,18,15,0,0.0399393553355393,0.0046103224164992075,0.0,19
exclude,3,C3 Hybrid,2023-02,2023-02-28,-0.035354849080244444,1.406798464945551,0.6249463536778395,39,0.6795353649846981,0.32031285899002576,0.0,21,18,0,-0.02267059764438174,-0.009251243976768476,0.0,22
exclude,3,C3 Hybrid,2023-03,2023-03-31,0.012932070898690196,1.2798270310479047,0.5492958724134183,34,0.9362839526588979,0.06360041588844981,0.0,23,11,0,0.017607217120523006,-0.0018008490742592912,0.0,18
exclude,3,C3 Hybrid,2023-04,2023-04-28,0.05500360720585529,0.6807939823557861,0.7540758195037952,37,0.48239130702491834,0.5175583785911185,0.0,17,20,0,0.018831004759726138,0.03778278033324887,0.0,21
exclude,3,C3 Hybrid,2023-05,2023-05-31,0.026833984458073168,1.360059192115056,0.6694800049594671,37,0.8439036114720653,0.1560203821169407,0.0,22,15,0,0.027339093154155388,0.0029239914443760636,0.0,19
exclude,3,C3 Hybrid,2023-06,2023-06-28,0.057618730604616086,1.238827483869945,0.8248924030569669,38,0.7808833722055811,0.21894809669195603,0.0,20,18,0,0.05862301490749606,0.0036390376840534718,0.0,20
exclude,3,C3 Hybrid,2023-07,2023-07-31,0.021609354393456792,1.138027547915054,0.9350461418901014,32,0.8606679564063466,0.13904143065810556,0.0,23,9,0,0.0232444753050636,0.0014273538818271065,0.0,20
exclude,3,C3 Hybrid,2023-08,2023-08-31,0.07516029133756019,0.7238806065109775,0.9480034320208713,27,0.8940756248582401,0.10561068226736824,0.0,22,5,0,0.07998894169568291,-0.0022154574031730584,0.0,18
exclude,3,C3 Hybrid,2023-09,2023-09-27,0.03420200135395857,0.7583070679542115,0.9787030505135824,31,0.9611403886484033,0.038725742592936464,0.0,26,5,0,0.03465137844730148,-0.0008102997415963266,0.0,22
exclude,3,C3 Hybrid,2023-10,2023-10-31,-0.030519887241610477,0.6250357894794671,0.9863474458534788,37,0.9365703714064141,0.063429628593586,0.0,25,12,0,-0.029195038286002905,-0.0006070292457113787,0.0,20
exclude,3,C3 Hybrid,2023-11,2023-11-30,0.0142045763996963,0.7027367197055305,0.8765860328706837,32,0.9454159523650103,0.054350182540211796,0.0,25,7,0,0.016764840608634278,-0.0016578973286735944,0.0,20
exclude,3,C3 Hybrid,2023-12,2023-12-29,0.07543881617157,0.8521270786575881,0.8723159518510603,36,0.9149876681714408,0.08491182468128924,0.0,27,9,0,0.0747347729427379,0.005075859558782556,0.0,21
exclude,3,C3 Hybrid,2024-01,2024-01-31,0.08733288369520897,1.0524873728538338,0.8838693619574569,27,0.8210111733717567,0.17883259204363855,0.0,14,13,0,0.0813020547615931,0.008335185598306222,0.0,20
exclude,3,C3 Hybrid,2024-02,2024-02-29,0.03759110437745683,0.854186555322108,0.9979465855831862,28,0.7395417918377447,0.260233020401418,0.0,18,10,0,0.039339466026891576,0.0014237962970200804,0.0,20
exclude,3,C3 Hybrid,2024-03,2024-03-29,0.053810323202933885,1.2704494118532523,0.9976445771524276,32,0.9046934189680288,0.09517339789391427,0.0,21,11,0,0.05359755395681321,0.008508458011026518,0.0,19
exclude,3,C3 Hybrid,2024-04,2024-04-30,0.011191322386307379,0.4884288718519302,0.9806360786281735,32,0.5864716526922864,0.41329022232962526,0.0,24,8,0,-0.007471694639142421,0.020028801365658957,0.0,21
exclude,3,C3 Hybrid,2024-05,2024-05-31,-0.006036101854745901,0.7766719967494649,0.9776240067250409,35,0.8451762538538226,0.15479922959745054,0.0,21,14,0,0.0009332304219444611,-0.006420648422742241,0.0,17
exclude,3,C3 Hybrid,2024-06,2024-06-28,0.10256908173254176,0.5142335788003116,0.9428645201111442,34,0.9014146129216016,0.09836707078407995,0.0,19,15,0,0.09968827616744816,0.005626692004859526,0.0,22
exclude,3,C3 Hybrid,2024-07,2024-07-31,0.01886320437460509,0.6427979742122784,0.9944609261755895,35,0.8789443136436536,0.12103945685350594,0.0,19,16,0,0.02185152259144482,-0.0008665254305122151,0.0,18
exclude,3,C3 Hybrid,2024-08,2024-08-30,0.05768740285010443,0.9279201857435705,0.9669040795923071,29,0.8788306474582215,0.12098657383122119,0.0,19,10,0,0.05417184415118405,0.005308080528024664,0.0,18
exclude,3,C3 Hybrid,2024-09,2024-09-30,-0.004833218329521105,0.9492209336058579,0.7197314414912063,34,0.8177551624918792,0.18205160370015214,0.0,20,14,0,-0.0008436842421901446,-0.0022051957238881626,0.0,22
exclude,3,C3 Hybrid,2024-10,2024-10-31,0.016028888145959153,1.0989587534458722,0.7410018480668368,28,0.6790494549001993,0.32095054509980087,0.0,17,11,0,0.006111231759852783,0.01055669011901737,0.0,18
exclude,3,C3 Hybrid,2024-11,2024-11-29,0.020824955267682244,0.7955407628310865,0.9920517596370206,31,0.8786323283190626,0.1213461858261132,0.0,17,14,0,0.025236553714834558,-0.0011858641975371804,0.0,21
exclude,3,C3 Hybrid,2024-12,2024-12-31,0.06883192779348701,0.9136181830020864,0.8399112687655484,35,0.9299937331927326,0.07000492044771747,0.0,24,11,0,0.06776473394559782,0.003952393765090296,0.0,20
exclude,3,C3 Hybrid,2025-01,2025-01-31,0.015011538100331956,0.9406881438254369,0.9053108840454651,40,0.5916256058768723,0.4083743941231276,0.0,23,17,0,0.015563283826358494,0.0011721126118874596,0.0,19
exclude,3,C3 Hybrid,2025-02,2025-02-28,0.06450363562745154,0.9636557016789092,0.871419005875868,35,0.5089425984219421,0.49099643397560483,0.0,14,21,0,0.04652990637696503,0.02403434626480758,0.0,19
exclude,3,C3 Hybrid,2025-03,2025-03-28,-0.0012281770547104554,1.0961077252252498,0.920885090958705,42,0.717518313409661,0.2824405682467937,0.0,20,22,0,-0.010083410275240894,0.009276422345149728,0.0,21
exclude,3,C3 Hybrid,2025-04,2025-04-30,0.006150782087494644,1.2123101689894935,0.8762148497177984,35,0.37570720538515767,0.6241676276285966,0.0,12,23,0,-0.00014735174202033148,0.009572841946812152,0.0,20
exclude,3,C3 Hybrid,2025-05,2025-05-30,0.05223895144584434,0.8121930304970698,0.8718641238567936,33,0.5719139188881843,0.42795386384725254,0.0,19,14,0,0.023330306269316533,0.0320886322879386,0.0,18
exclude,3,C3 Hybrid,2025-06,2025-06-30,-0.004623167849867493,0.8998505947032213,0.8603511759724414,30,0.7044671554530043,0.2951531381635594,0.0,17,13,0,0.06497409917882797,-0.047603419936223225,0.0,189
exclude,4,C4 Hybrid + régime,2023-01,2023-01-31,0.04086819306995437,0.999846258189768,0.45590425702295356,37,0.7123494997454037,0.28749675844436423,0.0,20,17,0,0.023461834595883274,0.01954086604446361,0.0,19
exclude,4,C4 Hybrid + régime,2023-02,2023-02-28,-0.031784677949248885,1.4052198934566296,0.6787841467900889,40,0.599031380831564,0.40096861916843596,0.0,21,19,0,-0.02081818136792211,-0.008000361678250736,0.0,22
exclude,4,C4 Hybrid + régime,2023-03,2023-03-31,0.018916064062774574,1.2161101519852102,0.5769978000170997,39,0.931957364700143,0.06804263529985684,0.0,23,16,0,0.019629236810770882,0.0024084831046030037,0.0,18
exclude,4,C4 Hybrid + régime,2023-04,2023-04-28,0.047375065667131455,0.8743215144000933,0.6337440094931912,34,0.5330041494513156,0.46685630651455856,0.0,16,18,0,0.014610403498810556,0.034628855921333336,0.0,21
exclude,4,C4 Hybrid + régime,2023-05,2023-05-31,0.019783241209518243,1.4529719303272883,0.6492990051156279,34,0.8864212435041788,0.11348150029020888,0.0,21,13,0,0.02012619650977698,0.003407052771553362,0.0,19
exclude,4,C4 Hybrid + régime,2023-06,2023-06-28,0.048171070271006755,1.2470006260950643,0.7222494727162411,38,0.8379422829308307,0.16178505317980907,0.0,18,20,0,0.05264549330559213,0.00039358475307653515,0.0,20
exclude,4,C4 Hybrid + régime,2023-07,2023-07-31,0.020890966554577783,1.1743360281158686,0.9934637646924591,28,0.934068874364796,0.06576913782813612,0.0,22,6,0,0.023998476750371325,0.00011130316201108086,0.0,20
exclude,4,C4 Hybrid + régime,2023-08,2023-08-31,0.0909289074272277,0.638621412597659,0.939660457948058,27,0.9289371473592448,0.07087337469426343,0.0,22,5,0,0.09563836362806054,-0.0030619771484446555,0.0,18
exclude,4,C4 Hybrid + régime,2023-09,2023-09-27,0.03309058607645832,0.6111911717795305,0.9849587463448669,33,0.9464198815093178,0.0533423623240212,0.0,25,8,0,0.030695116632250097,0.0009381423386484861,0.0,22
exclude,4,C4 Hybrid + régime,2023-10,2023-10-31,-0.03723023889688337,0.5407993126553821,0.9621191443939113,35,0.8994249380891849,0.10045399070415753,0.0,24,11,0,-0.033700414557892584,-0.0032893803547519394,0.0,20
exclude,4,C4 Hybrid + régime,2023-11,2023-11-30,0.01187780162718921,0.5525990362038443,0.8684970540548701,34,0.933040223510149,0.06682150327274482,0.0,24,10,0,0.01539514473866092,-0.003314148721319347,0.0,20
exclude,4,C4 Hybrid + régime,2023-12,2023-12-29,0.09580851325105533,0.6404455871455741,0.988165699956955,32,0.8840724846082939,0.11578453352369282,0.0,22,10,0,0.08658383145534466,0.013219411351058719,0.0,21
exclude,4,C4 Hybrid + régime,2024-01,2024-01-31,0.080667362474665,0.9970710775821577,0.9603584614949773,32,0.7732935669215074,0.22670643302582627,0.0,17,15,0,0.07855424431194628,0.004825233016346826,0.0,20
exclude,4,C4 Hybrid + régime,2024-02,2024-02-29,0.028200504597030385,0.8098678549815874,0.9790304265014967,30,0.7341847298765172,0.26576601545017386,0.0,18,12,0,0.026926046778247576,0.004764094744201379,0.0,20
exclude,4,C4 Hybrid + régime,2024-03,2024-03-29,0.04967061775093429,1.3685952245300876,0.9794516903880552,31,0.9008417909070134,0.09912199228682522,0.0,22,9,0,0.05452727617579287,0.003057414490532121,0.0,19
exclude,4,C4 Hybrid + régime,2024-04,2024-04-30,0.004607221050106469,0.7522053800943947,0.9722691285423076,35,0.5934051794797168,0.4065751966840403,0.0,24,11,0,-0.013136253479603429,0.020188650868718492,0.0,21
exclude,4,C4 Hybrid + régime,2024-05,2024-05-31,-0.0029164717138439045,0.6864939685817417,0.9768161394141759,31,0.9364867721460495,0.06318760293123707,0.0,18,13,0,-0.0013036523175263908,-0.0012674251366501955,0.0,17
exclude,4,C4 Hybrid + régime,2024-06,2024-06-28,0.09845857221284171,0.6535029761554356,0.9099972894773616,33,0.8840971289339802,0.11585287149345222,0.0,20,13,0,0.09596829294815859,0.006002912425232997,0.0,22
exclude,4,C4 Hybrid + régime,2024-07,2024-07-31,0.025438968197884826,0.7160022302125936,0.9903554837702797,33,0.8446735281878183,0.15520798556426382,0.0,18,15,0,0.02823606104860706,-0.00043283036997951603,0.0,18
exclude,4,C4 Hybrid + régime,2024-08,2024-08-30,0.05428120634860201,1.0728277428809372,0.9548186356581705,33,0.8851091763183722,0.11472930592800916,0.0,19,14,0,0.057161312442081405,0.0008356242358550034,0.0,18
exclude,4,C4 Hybrid + régime,2024-09,2024-09-30,0.0015273671222550966,0.8609068494554317,0.7209594415931604,32,0.7533342399984551,0.24651590987229738,0.0,21,11,0,0.010202373496894065,-0.005498402599583468,0.0,22
exclude,4,C4 Hybrid + régime,2024-10,2024-10-31,0.028408812398449834,1.072388984509103,0.7623800311098512,28,0.7642265714725686,0.23577046616923536,0.0,18,10,0,0.02267182177325647,0.0057501679873305294,0.0,18
exclude,4,C4 Hybrid + régime,2024-11,2024-11-29,0.008795526169731227,0.73240640296458,0.9130869224728916,32,0.852869879752173,0.14710099506222107,0.0,18,14,0,0.013417201863451161,-0.001898928173472842,0.0,21
exclude,4,C4 Hybrid + régime,2024-12,2024-12-31,0.04790281022781451,0.9801385616764655,0.776865968268863,32,0.8887608067851415,0.11117075815136772,0.0,21,11,0,0.04189101024666716,0.007979473809206647,0.0,20
exclude,4,C4 Hybrid + régime,2025-01,2025-01-31,0.022831677197379552,1.080942902333172,0.9133155476442515,39,0.6531191933623031,0.346879089858963,0.0,22,17,0,0.025470637021585328,0.0004727947038105879,0.0,19
exclude,4,C4 Hybrid + régime,2025-02,2025-02-28,0.06425059570603131,0.9079963402010665,0.856671918158986,35,0.48746922947277055,0.5125267837308946,0.0,15,20,0,0.046383128778079416,0.02408266346650666,0.0,19
exclude,4,C4 Hybrid + régime,2025-03,2025-03-28,0.011307269463067371,1.0984458216401405,0.9661905097093516,37,0.6194038235607271,0.380547868176487,0.0,20,17,0,-0.006124547685188024,0.018533072730835282,0.0,21
exclude,4,C4 Hybrid + régime,2025-04,2025-04-30,0.007818294812610427,0.9195165150719574,0.86995706625707,39,0.4079565971489658,0.5918601062156202,0.0,16,23,0,0.0035936605641111465,0.006530093216577727,0.0,20
exclude,4,C4 Hybrid + régime,2025-05,2025-05-30,0.060757994519538894,0.7368503008453282,0.8667056188234029,35,0.5250527060177258,0.47488242461146224,0.0,20,15,0,0.02771391073470984,0.03614076856906961,0.0,18
exclude,4,C4 Hybrid + régime,2025-06,2025-06-30,-0.0009334182629856524,0.7732835353017345,0.8635506842267265,36,0.5988026698648282,0.4010353011358449,0.0,21,15,0,0.058773679605351896,-0.05637846140718911,0.0,189
