date,ret_net,wealth100
2018-08-02,-0.003151231744894752,99.68487682551053
2018-08-03,-0.004178908859831753,99.26830281055317
2018-08-06,0.0016496679160764244,99.4320625447831
2018-08-07,0.0011573003394339256,99.54713530451677
2018-08-08,0.0037418524017383365,99.91962599184215
2018-08-09,-0.004406082201393556,99.4793719061896
2018-08-10,-0.0004396642415470269,99.4356343835909
2018-08-13,-0.002944399738047694,99.14285612775925
2018-08-15,-0.0057285392702947115,98.57491238306218
2018-08-16,0.0021062197104920475,98.78253280648342
2018-08-17,0.01143921550866396,99.91252748774845
2018-08-24,0.0022687355945304895,100.13920259519942
2018-08-27,-0.0054083419454989115,99.59761554541498
2018-08-28,-0.005349364766783959,99.06483156996066
2018-08-29,-0.0008486337264470979,98.98076181278559
2018-08-30,0.004709423470687889,99.4469041356133
2018-08-31,0.006456953637553293,100.08902818501517
2018-09-04,-0.007498865084508526,99.33847406621618
2018-09-05,-0.0003738608850478777,99.30133529638248
2018-09-06,-0.004337895393246196,98.8705764914571
2018-09-07,-0.020102204426694185,96.88305995104072
2018-09-10,0.010884639050979772,97.93759708876223
2018-09-12,0.0016517567709435376,98.09936617788352
2018-09-13,0.0031268386533337233,98.40610706791605
2018-09-14,-0.005437295338437293,97.87104400068192
2018-09-17,-0.003677457195120951,97.51112742572762
2018-09-18,-0.008119960915619243,96.71934088219274
2018-09-19,-0.007004310015123559,96.04188863419544
2018-09-20,0.0026255493331659102,96.29405135085496
2018-09-21,-0.002134452881318088,96.08851623549533
2018-09-24,0.00462294504849774,96.53272816584372
2018-09-25,0.004904649939539634,97.0061874052059
2018-09-26,-0.003890960554679658,96.6287401564524
2018-09-27,0.00686087525370058,97.29169788858806
2018-09-28,-9.473628293222907e-05,97.28248083476993
2018-10-01,-0.008621023194749701,96.44380631105058
2018-10-02,-0.0025524561158780483,96.19763772779338
2018-10-03,8.061126587555614e-05,96.20539234114486
2018-10-04,-0.0009060633760414156,96.11822415856686
2018-10-05,0.0003223715647005889,96.14920994088509
2018-10-08,0.006868715738420083,96.80963153244271
2018-10-09,-0.0022472545654209134,96.5920756460047
2018-10-10,-0.0008333460594770077,96.51158102038839
2018-10-11,0.001589083948789268,96.66494602466017
2018-10-12,0.0031502885350469566,96.96946849586259
2018-10-15,-0.0012126926596883669,96.85187433320377
2018-10-16,-0.0023294898442119496,96.62625887555167
2018-10-17,-0.007084263668598834,95.94173298036698
2018-10-18,0.0009453705385758334,96.03243346814652
2018-10-19,-0.006086950867246239,95.44788876396383
2018-10-22,0.002285734077888084,95.6660572559741
2018-10-23,0.004769156967055518,96.12230369944716
2018-10-24,-0.00029588335460929965,96.0938627097758
2018-10-25,0.00030510700346471467,96.12318162027853
2018-10-26,0.0031465477203047273,96.42563779827425
2018-10-29,-0.0039204994809234495,96.04760113533841
2018-10-30,-0.003739390673763107,95.68844163141561
2018-10-31,0.0009056731052845953,95.77510407948778
2018-11-02,0.00013388353485327105,95.78792678897287
2018-11-05,-0.0015794830261500077,95.6366313844996
2018-11-07,0.01930010946362135,97.48242883895244
2018-11-08,0.0037625769794371235,97.84921398160151
2018-11-09,-0.008814823806370853,96.9866904007618
2018-11-12,0.0056728649334014895,97.53688279574294
2018-11-13,0.001151278055889404,97.64917486854553
2018-11-14,-0.0037365103349602125,97.28430771744887
2018-11-15,0.009122094174183987,98.17174433411773
2018-11-16,-0.004144337638538501,97.76488747903288
2018-11-19,-0.006837663009342557,97.09640412430495
2018-11-22,0.010376692460064911,98.10394364888106
2018-11-23,-0.0013499043937308167,97.9715127043071
2018-11-26,-0.004032443303171732,97.57644813400101
2018-11-27,-0.0066215731491554,96.93033854504696
2018-11-28,0.004138632720915116,97.3314976157989
2018-11-29,3.1207696463775264e-05,97.33453510763283
2018-11-30,-0.0040813826395564145,96.93727562581526
2018-12-04,-0.0018437554247213415,96.75854699802244
2018-12-05,-0.0048733104360135305,96.28701256116346
2018-12-06,0.002627717083533424,96.54002758899283
2018-12-07,-0.005996432675420801,95.96113181307217
2018-12-10,0.0031875248667027935,96.26701030696327
2018-12-11,0.005904130426825014,96.8353832916161
2018-12-12,-0.0005602281045203943,96.78113338838413
2018-12-13,-0.0017262472642822567,96.6140652216383
2018-12-14,-0.00015532408197041058,96.59905873065232
2018-12-17,-0.0010199099124691934,96.50053639311774
2018-12-18,0.0027073968492774074,96.76180164130204
2018-12-19,-0.0005069047405340842,96.71275262534745
2018-12-20,0.00044464676068260044,96.75575563751902
2018-12-21,-0.008039524215409356,95.97788539709096
2018-12-24,0.001777555306615647,96.14849139659631
2018-12-25,0.003958425119538514,96.52908800014634
2018-12-26,0.004834796949571615,96.99578654035439
2018-12-27,0.003023910934589038,97.28909315988284
2018-12-28,-0.010406557263632469,96.27664864078763
2018-12-31,0.022568036041811096,98.4494235172977
2019-01-03,-0.006046621573464013,97.85413710916292
2019-01-04,-0.002385272422887382,97.620728334451
2019-01-07,0.0009921007815094746,97.71757793532313
2019-01-08,0.006214278205990382,98.32482215022877
2019-01-09,0.0001399893398854153,98.33858657717593
2019-01-10,0.0009575118088801601,98.43274693509217
2019-01-14,-0.004487421437725791,97.9910377163214
2019-01-15,-0.0003481080394914291,97.95692624829424
2019-01-16,-0.005285719060488561,97.43915345611676
2019-01-17,-0.001140559241679681,97.32801832914095
2019-01-18,-0.007054797901327792,96.64138882969212
2019-01-21,0.008125640927896593,97.42666205409544
2019-01-22,-0.0004933732838452131,97.37859434190374
2019-01-23,0.004371430252049776,97.80427807511201
2019-01-24,0.005414214601482719,98.33381142555375
2019-01-25,-0.005645662578235346,97.77865190621323
2019-01-28,0.012146032346215056,98.9662745750354
2019-01-29,0.0008139669390078479,99.04682985061626
2019-01-30,0.008710242754905456,99.90955178271894
2019-01-31,-0.0032378626551099144,99.5860583761129
2019-02-04,0.0032226595213485764,99.90699033533225
2019-02-05,-0.002415365360096178,99.66567845164482
2019-02-06,0.0003564128542883488,99.70120058057636
2019-02-07,-0.00043455335522142054,99.65787508934446
2019-02-08,0.008019474067221104,100.45707883421781
2019-02-11,-0.005244462355774429,99.9302354659007
2019-02-12,0.00231807054779456,100.16188080156839
2019-02-13,0.002133536874876008,100.37557986771546
2019-02-14,-0.007042252986157845,99.66870964065471
2019-02-15,-0.005853774616362351,99.08527147811466
2019-02-18,0.0016958388922377284,99.25330413513517
2019-02-19,0.00753680555419486,100.00135698901305
2019-02-20,-0.0029664863383494344,99.70470432968874
2019-02-21,-0.00042687556332068834,99.66214282786228
2019-02-22,-0.008095104867505138,98.85536733035048
2019-02-25,0.0033778459000962575,99.1892855275898
2019-02-26,0.0006123223202497399,99.25002134104795
2019-02-27,-0.0009637694944320255,99.15436719815773
2019-02-28,-0.0040716343844003,98.75064686731027
2019-03-04,-0.00084185289227512,98.66751334963098
2019-03-05,0.0021243686769019145,98.87711952441875
2019-03-06,-0.006743588734320619,98.2103328951118
2019-03-07,0.003281419374148107,98.53260218421536
2019-03-08,-0.0019031742247632775,98.34507747543951
2019-03-11,-0.0012877424293051133,98.2184343464611
2019-03-12,0.001318790659773094,98.34796390029474
2019-03-13,0.00040849575300664465,98.38813862586487
2019-03-14,-0.004640178289293318,97.93160012108915
2019-03-15,-0.007392843145726128,97.20760716238397
2019-03-18,-0.0019265505935264174,97.02033178910999
2019-03-19,0.007106802649572565,97.70983614013126
2019-03-20,0.003380434567107048,98.04013784776573
2019-03-21,-0.0022203492464201806,97.8224545015765
2019-03-22,-0.012523330726742958,96.59739155135149
2019-03-25,0.013489040786881651,97.90039770589406
2019-03-26,0.004605032253019194,98.3512321949131
2019-03-27,0.003110999046756307,98.65720278451879
2019-03-28,-0.004514582427508593,98.21180671048064
2019-03-29,-0.002754699999425059,97.94126264659175
2019-04-01,-0.000553172081448873,97.8870842744738
2019-04-02,-0.004259509993155915,97.47013326080578
2019-04-03,-0.0029189066117560566,97.18562704438207
2019-04-04,0.0017034634179330195,97.35117920480106
2019-04-05,0.00016672817402479956,97.36741038914903
2019-04-08,-4.069174242718534e-05,97.36344833956467
2019-04-09,-0.0015025385136047968,97.2171560086171
2019-04-10,-0.0025293859302526014,96.97125630202973
2019-04-11,0.005302037196939878,97.4854015099771
2019-04-12,0.002995439215551714,97.77741310460388
2019-04-15,5.0354786813537974e-05,97.78233666539595
2019-04-16,0.002726229314694909,98.04891373807253
2019-04-17,-0.0033845822878062204,97.717059121296
2019-04-18,0.005535860077231213,98.25800708775003
2019-04-19,0.0035967441432042642,98.61141599926583
2019-04-22,0.003024408990434933,98.90965725237353
2019-04-23,-0.002347217249517602,98.67749479872688
2019-04-24,-0.002425746133385905,98.43812824726666
2019-04-25,-9.259647048156379e-05,98.42901322403016
2019-04-26,-0.001020115304931669,98.32860428119102
2019-04-29,0.0006499370738620842,98.39251168653448
2019-04-30,0.0012666263503226874,98.51713823451108
2019-05-03,-0.006826651756950242,97.84459603969276
2019-05-06,0.002205544796242769,98.06039667932858
2019-05-07,0.002333843571527525,98.28925430574006
2019-05-08,0.0016029275638097388,98.44680486069302
2019-05-09,-0.002517736251333441,98.19894177126731
2019-05-10,0.0022447888551939805,98.4193776613473
2019-05-13,0.0019923521917430734,98.61546372414087
2019-05-14,0.001135805900173852,98.72747174968713
2019-05-15,0.003656533287616095,99.08847203654204
2019-05-16,0.004507369093611778,99.53510035293276
2019-05-17,0.0006582320306875404,99.60061754416276
2019-05-20,0.000962879725775608,99.69652095947077
2019-05-21,-0.005492608579377847,99.14892699311466
2019-05-22,0.0018233471773117223,99.32970990928104
2019-05-23,-0.0018942411386719247,99.14155548647854
2019-05-24,-0.012599337093386637,97.89243760894169
2019-05-27,-0.0015697150033408059,97.73877438091334
2019-05-28,0.0026834996278957833,98.0010563455955
2019-05-29,-0.0009448916731707395,97.90845596349263
2019-05-30,-0.0021742457500778843,97.69557891921733
2019-05-31,-0.0026105979039323284,97.44053504566736
2019-06-04,0.0036945938762000413,97.80053824974073
2019-06-10,0.002510906378368542,98.0461062450399
2019-06-11,0.0008865269989214678,98.13302676536524
2019-06-12,-0.0036802073289069416,97.77187688105553
2019-06-13,0.00538055104976272,98.29794345584516
2019-06-14,0.008240550081414773,99.10797258179312
2019-06-17,0.000576056663422077,99.16506438979712
2019-06-18,0.004730561988865214,99.63417087402286
2019-06-19,-0.0050658470408388515,99.12943940433425
2019-06-20,0.004404440796429888,99.56604915137393
2019-06-21,0.003011084591445556,99.86585094780473
2019-06-24,-0.009115783762186651,98.95549544533779
2019-06-25,0.0036296261057068295,99.31466689490934
2019-06-26,0.0026097902875024817,99.57385734797822
2019-06-27,-9.937702646637187e-06,99.5728678125925
2019-06-28,-0.006618265536065808,98.91386813322119
2019-07-01,-0.007343731689326968,98.18747122529733
2019-07-02,-0.00594442826075598,97.60380284649351
2019-07-03,0.0011518145208713395,97.71622432390436
2019-07-04,0.002291392813904724,97.94013057812205
2019-07-05,0.005236653238000771,98.4530090800442
2019-07-08,-0.0016154179536803461,98.29396632158243
2019-07-09,-0.00021424395526862386,98.27290743345867
2019-07-10,0.0014763742467933613,98.41799502315094
2019-07-11,-0.003407729046288387,98.08261316283307
2019-07-12,0.001288024827389171,98.20894600372202
2019-07-15,0.0015572850272332472,98.36188532487397
2019-07-16,-0.00038037410449466596,98.32447101082711
2019-07-17,0.002473975119720702,98.5677233057676
2019-07-18,0.005947085749027501,99.15391400835341
2019-07-19,-0.0005065865531913448,99.10368396882049
2019-07-22,-0.0005030414298739043,99.05383070993105
2019-07-23,0.0021396682666437127,99.26577304819058
2019-07-24,0.0011194640623488827,99.37689751373931
2019-07-25,0.004753722088410505,99.84930766652808
2019-07-26,0.00408576776838285,100.25726874948731
2019-07-29,-0.0030318005518230546,99.95330870676834
2019-07-31,0.0023746689913091185,100.19066472953304
2019-08-02,-0.0026560073547560103,99.9245575871335
2019-08-05,0.00020028783339609189,99.9445712602757
2019-08-06,-0.0017627104525504648,99.76839791983953
2019-08-07,-0.002530450025619976,99.5159389747672
2019-08-08,-0.001445766638426956,99.37206215020574
2019-08-09,0.0024396671569114946,99.61449690654818
2019-08-15,0.0004222161390693992,99.65655575482741
2019-08-16,0.0006106607610006165,99.71741210300334
2019-08-19,-0.002835872774235165,99.43462620890325
2019-08-22,0.0006773519536195154,99.5019784472233
2019-08-23,0.0015730361085030567,99.65849865218827
2019-08-26,-7.575548625027299e-05,99.65094897416391
2019-08-27,0.007919995366883847,100.44018402834487
2019-08-28,-0.003178817881327297,100.12090297535177
2019-08-29,0.005784558704947781,100.70005821620506
2019-08-30,0.0012936749315144841,100.83033135712142
2019-09-03,-0.006359127767650139,100.18913839716699
2019-09-04,0.0015028727917960395,100.33970992729758
2019-09-05,-0.0012816221119551863,100.21111233634758
2019-09-06,0.00011589862251194326,100.22272666622776
2019-09-09,0.004099462173833137,100.63358594315437
2019-09-10,-0.008943372185268656,99.73358232972652
2019-09-11,0.0016859434717012378,99.90172751176469
2019-09-12,0.00372119728903599,100.2734815493515
2019-09-13,0.0023172110540231917,100.50583636922306
2019-09-16,-0.0024043091773609925,100.26418926446219
2019-09-17,-0.002989949254204308,99.96440442654752
2019-09-18,-0.00036670006898061654,99.92774747254869
2019-09-19,-0.0011943699746804117,99.80839677133004
2019-09-20,0.00013712415769476162,99.82208291366817
2019-09-23,0.005774777416673295,100.39853322376331
2019-09-24,-0.003164072068365718,100.0808650290851
2019-09-25,-0.004954281584049726,99.58503624255574
2019-09-26,0.006100222208721046,100.19252709229886
2019-09-27,0.005088475279963601,100.70235428964511
2019-09-30,0.0025972487914440235,100.96390335761947
2019-10-02,-0.001846935881529505,100.777429501769
2019-10-03,-0.003938506983318489,100.3805168919154
2019-10-04,0.003038478739427436,100.68552095834424
2019-10-07,-0.0033919168553354566,100.34400404271739
2019-10-08,-0.003322998224218575,100.01056109547247
2019-10-09,-0.002468039009772071,99.76373112929964
2019-10-10,-0.0017249342193440837,99.59164525562527
2019-10-11,0.0032039581927132948,99.91073272336783
2019-10-14,0.0007893942929322513,99.98960168558233
2019-10-15,0.0039673208361423,100.38629251574712
2019-10-16,-0.0017738689851149348,100.20822038492277
2019-10-17,0.00960387589280617,101.17060769693853
2019-10-18,0.005966107367443554,101.77420240488797
2019-10-21,-0.004303294149894589,101.33623807506882
2019-10-22,0.001508524482323843,101.48910627115167
2019-10-23,0.002424157552265955,101.7351318545916
2019-10-24,0.0016560151448446556,101.90360677370556
2019-10-25,0.0038255596500184697,102.2934450999704
2019-10-28,-0.002551770866007474,102.03241566698075
2019-10-29,-0.008021067197700417,101.2140068045722
2019-10-30,0.00551538759552126,101.77224128219513
2019-10-31,-0.003012870395106514,101.46561470939237
2019-11-04,0.0008384793609836653,101.55069153317572
2019-11-05,-0.0013793384351208026,101.41061876123092
2019-11-07,-0.0005981326774994576,101.3499617563044
2019-11-08,0.004020588047730118,101.75744820117971
2019-11-12,-0.0024426272127827287,101.50889268910018
2019-11-13,-4.8541440359743226e-05,101.50396530123973
2019-11-14,-0.0011909837788290332,101.38307572507914
2019-11-15,0.0091620353517275,102.31195104893918
2019-11-19,-0.0015426878514341674,102.15411564499945
2019-11-20,-0.0024489827273933345,101.9039419802527
2019-11-21,0.006631530446178271,102.57972107408034
2019-11-22,0.0040456772765395475,102.99472552066351
2019-11-25,4.9647218034705295e-05,102.99983892225785
2019-11-26,0.001578504416496087,103.16242462289502
2019-11-27,0.0029526932695411938,103.4670316197486
2019-11-28,0.0008114914864198242,103.55099423503316
2019-11-29,0.0041020135604157935,103.9757618175798
2019-12-03,-0.0006847682233889598,103.90456251988446
2019-12-04,0.008320542783735597,104.7691048777565
2019-12-05,0.0006867632835243523,104.84105645223426
2019-12-06,0.0016197246228414413,105.01087009285466
2019-12-09,-0.0010494582005658585,104.90066557408714
2019-12-10,0.0018928943246729825,105.09923144860676
2019-12-11,0.0038218662514981788,105.50090665433858
2019-12-12,-0.002275943178238281,105.26079258554068
2019-12-13,0.007156113986041083,106.01405081554383
2019-12-16,-0.0023567491674710704,105.76420228954406
2019-12-17,0.004895030581012909,106.28192129412781
2019-12-18,-0.004143466727727874,105.84154568948661
2019-12-19,0.007681663320877534,106.65458480883451
2019-12-20,0.004187301841696931,107.10117974822997
2019-12-23,-0.0010335164123858414,106.99048892117429
2019-12-24,0.0009239851567532963,107.08934654485122
2019-12-25,-0.007080154715990517,106.33113740287936
2019-12-26,-0.003484632486967405,105.96061246710909
2019-12-27,-0.00224437109775092,105.72279753098792
2019-12-30,0.005154592945455179,106.26775551731495
2019-12-31,-0.006289653913006351,105.59936811299906
2020-01-03,0.0004463813027586203,105.64650569650782
2020-01-06,-0.003421702963701798,105.28501473486133
2020-01-07,0.0022513653324519388,105.52204976706207
2020-01-08,0.002294715731109695,105.7641928746415
2020-01-09,0.009094938273823025,106.72611168041708
2020-01-10,-0.0020803680042572005,106.50408209245836
2020-01-13,-0.0006250885401363638,106.43750761126462
2020-01-14,-0.0004993770905493541,106.38435515838837
2020-01-15,0.0010428708610162047,106.49530030245104
2020-01-16,0.003015395590227826,106.81642576136305
2020-01-17,0.01194724639459702,108.09258791892424
2020-01-20,6.538915836598649e-06,108.09329472725919
2020-01-21,-4.570311458200725e-05,108.08835452702472
2020-01-22,0.008339843781359798,108.98979451836435
2020-01-23,-0.0005569265184465483,108.92909521155703
2020-01-24,-0.001867434767097987,108.72567723201043
2020-01-27,-0.001408241537788455,108.57256521710814
2020-01-28,-0.003946395877092707,108.14409489336998
2020-01-29,0.00011511343504277137,108.15654373161274
2020-01-30,-0.0007197520236652086,108.07869784038928
2020-01-31,-0.0015301827310776233,107.91331768335657
2020-02-04,-0.002523958162877532,107.64094898430648
2020-02-05,-1.2756894797737722e-05,107.63957582004436
2020-02-06,-0.002390263180013329,107.38228890524945
2020-02-07,0.00265138302068137,107.66700048277474
2020-02-10,-0.003889697433043932,107.24820842737334
2020-02-11,-0.005010522275053582,106.71083889008841
2020-02-12,-0.0010852214207481617,106.59503400189887
2020-02-13,0.0046302491647109666,107.08859556904851
2020-02-14,0.008805361423411665,108.03154935735952
2020-02-17,0.002712129048779348,108.32454486055624
2020-02-18,-0.00409761716085945,107.88067234659336
2020-02-19,0.0039951014245435046,108.31166657436593
2020-02-20,-0.002105408751946192,108.08362624362238
2020-02-21,0.002509511841492938,108.35486338355223
2020-02-24,-0.00963002303920433,107.31140355275876
2020-02-25,-0.0010451266717228758,107.19924954272577
2020-02-26,0.003043178745695316,107.52547602048867
2020-02-27,0.0018366363796155807,107.72296122148339
2020-02-28,-0.009199416015529486,106.7319728867822
2020-03-03,-0.01644650624387448,104.97660482827871
2020-03-04,0.001287830297358181,105.11179688049037
2020-03-05,0.000541010743057264,105.16866349182476
2020-03-06,-0.021757769088373652,102.88042799623676
2020-03-09,-0.053255696758573716,97.4014591204769
2020-03-10,0.04323261667444824,101.61237906616442
2020-03-11,0.003675869620806512,101.98589292347162
2020-03-12,-0.05639511241258245,96.23438702755485
2020-03-13,-0.010854517854842687,95.1898091553144
2020-03-16,-0.06848021577511855,88.67119048476613
2020-03-17,-0.023360560009914214,86.59978181829621
2020-03-18,-0.02583763225453729,84.36224850235192
2020-03-19,0.020343224539148243,86.07844866626267
2020-03-20,0.024604556939692757,88.19637075775213
2020-03-23,0.02773479473174222,90.64247899680302
2020-03-24,0.021248619332052805,92.56850652831969
2020-03-25,-0.017253047317629482,90.97141770506431
2020-03-26,0.0009065650916789506,91.05388921669625
2020-03-27,-0.011926879941396773,89.96790041181147
2020-03-30,0.002332910914825268,90.17778750866611
2020-03-31,-0.0002501158386824581,90.15523261571285
2020-04-02,-0.005041807640070447,89.70068727511861
2020-04-03,-0.009636071459929911,88.83632504253075
2020-04-06,-0.00456134741678565,88.43111170078127
2020-04-07,-0.009555397466780443,87.58611728005104
2020-04-08,0.00628345580299262,88.13646077693599
2020-04-09,-0.001915453400611019,87.96763949342298
2020-04-10,-0.003502378413389006,87.65954353178444
2020-04-13,-0.0006243050865991724,87.60481723286858
2020-04-14,0.0030945482311320535,87.87591456507519
2020-04-15,0.0028359152062223374,88.12512320745098
2020-04-16,-0.0025413837194475644,87.90116345405725
2020-04-17,-0.004136903681975012,87.53752480731427
2020-04-20,-0.002425610451781271,87.3251928722186
2020-04-21,0.00034798863653138915,87.35558104702103
2020-04-22,-0.006187315568226717,86.81508450043731
2020-04-23,-0.007369903038207724,86.17526574541527
2020-04-24,0.0049911490680036195,86.60537934272547
2020-04-27,-0.002755967188692518,86.36669775889266
2020-04-28,0.0009022884894423557,86.44462543615164
2020-04-29,0.010170535346481211,87.32381355466336
2020-04-30,0.01016820279728844,88.21173979991977
2020-05-05,0.0038901668346552434,88.55489818451665
2020-05-06,0.005727110141580126,89.06206183999579
2020-05-07,0.005827150029180748,89.58103983624561
2020-05-08,0.007423090576877093,90.2460080089209
2020-05-11,0.004572620783709073,90.65866878078927
2020-05-12,-0.003237049782142474,90.36520215676308
2020-05-13,-0.0036744133405112235,90.03316305244027
2020-05-14,0.004484345705698089,90.4369028805449
2020-05-15,0.0039615899852042885,90.79517680928937
2020-05-18,-0.000381694040984188,90.76052083135116
2020-05-19,0.0003711271029152267,90.79420452050637
2020-05-20,-0.005695858840883607,90.27705354798725
2020-05-21,-0.0009055367026086518,90.19530436259619
2020-05-22,-0.00034885316967107915,90.16383944477985
2020-05-26,0.00900952403681839,90.97617272350944
2020-05-27,0.011916658400362023,92.06030469642783
2020-05-28,0.0007512434272455734,92.12946439524126
2020-05-29,0.001526951195645674,92.27014159105377
2020-06-02,0.0031701731224844983,92.56265391393356
2020-06-03,0.00883579715356418,93.38051874791265
2020-06-04,0.0022966583622537535,93.59498189716663
2020-06-05,-0.0037301215408770674,93.24586123907402
2020-06-08,0.008486693720836295,94.03721030414563
2020-06-09,-0.006844406044379149,93.39358145354339
2020-06-10,-6.399169204033425e-06,93.39298381221309
2020-06-11,-0.006088553181485602,92.8243556634948
2020-06-12,-0.0019517974235373037,92.64318132526927
2020-06-15,0.004970329249152496,93.1036484391448
2020-06-16,0.003014764901069693,93.38433405062067
2020-06-17,0.019817341582451322,95.23496329695156
2020-06-18,-0.010968786922747324,94.19035127695163
2020-06-19,0.00037338323069063557,94.22552037461132
2020-06-22,0.0015022958931198544,94.36707498689718
2020-06-23,0.0009382947845628355,94.45561912119183
2020-06-24,-0.003699991025426188,94.10613417814236
2020-06-25,-0.007616789092744264,93.38934760177395
2020-06-26,-0.004314166174583997,92.9864504372839
2020-06-29,-0.0011932827235362974,92.87549131245414
2020-06-30,0.0014647528491847743,93.01153095297349
2020-07-02,-0.0022828853768448853,92.799196289083
2020-07-03,0.003702399769561779,93.14277601203922
2020-07-06,-0.0030702779102227923,92.85680180435263
2020-07-07,-0.0031120451749499915,92.56782724233611
2020-07-08,-0.0001973892293250386,92.54955535025645
2020-07-09,-0.007940482134247822,91.81466725946517
2020-07-10,-0.005495418025188659,91.3101072820308
2020-07-13,0.0006987015236133837,91.37390579311004
2020-07-14,-0.006247770212402847,90.80302262630494
2020-07-15,0.007416235641499261,91.47643923906202
2020-07-16,-0.0029138790848538118,91.20988795600641
2020-07-17,-0.0013168211470727712,91.0897808467238
2020-07-20,-0.0011835149339906445,90.98197473075777
2020-07-21,0.0002713109317443606,91.00665913509391
2020-07-22,0.0027778027576334757,91.2594576838024
2020-07-23,-0.0011791688676299691,91.15184737242487
2020-07-24,0.00030734502015323335,91.17986243879255
2020-07-27,-0.001640989437371117,91.03023724762954
2020-07-28,-0.006525846160596182,90.43618792338894
2020-07-29,-0.0005706726069067342,90.384578468268
2020-08-04,-0.009630188176357638,89.51415796937783
2020-08-05,-0.0014245783143178581,89.38663804111023
2020-08-06,0.0014391054225028315,89.5152748366145
2020-08-07,-0.0006220615727920856,89.45959082396072
2020-08-10,-0.0022985068508287933,89.25396734157951
2020-08-11,0.004571488900515652,89.66199086260853
2020-08-12,-0.003589578931896791,89.34014206921618
2020-08-13,0.0005341668910074472,89.38786461514748
2020-08-17,-0.0009173286177468437,89.30586656885671
2020-08-18,0.0005299825959192972,89.3531971238517
2020-08-19,-0.0013999097189158663,89.22811071478182
2020-08-24,0.001140943105850076,89.32991491254987
2020-08-25,-0.0012054359361763248,89.22223342293871
2020-08-26,-0.0024355552748791063,89.00492774168897
2020-08-27,-0.0017690840105843966,88.84747054715794
2020-08-28,-0.0003855684196189468,88.81321376835193
2020-08-31,0.002207073647885264,89.00923107204405
2020-09-02,-0.001657616246219744,88.8616879245555
2020-09-03,-0.0002660251430183457,88.83804848131652
2020-09-04,-0.006722693638906257,88.24081749789833
2020-09-07,0.003884802912845059,88.58361568274601
2020-09-08,-0.000596196929750212,88.53080240304978
2020-09-09,0.001547927507362002,88.6678416673383
2020-09-10,-0.0006192003136509841,88.61293851196712
2020-09-11,-0.001249732067267077,88.50219608113395
2020-09-14,0.0013836249474647013,88.62464992753722
2020-09-15,-0.0005780039371785305,88.57342453094805
2020-09-16,-0.00145992817944873,88.44411369252504
2020-09-17,-0.0006510114363811781,88.3865355630306
2020-09-18,0.0008065466340690647,88.45782342578599
2020-09-21,0.0008039208919140363,88.5289365180912
2020-09-22,0.002844612911182713,88.78076707392385
2020-09-23,-0.0031552867771293116,88.5006382935121
2020-09-24,-0.002973185608707975,88.23750946937636
2020-09-25,-0.0005684380128851006,88.18735191483165
2020-09-28,0.0014017388950692917,88.31096755606384
2020-09-29,0.0008334789430323112,88.38457288796062
2020-09-30,-0.0005663856514913027,88.3345131340637
2020-10-02,-0.0013298441882658735,88.21704199514907
2020-10-05,0.004135725152627549,88.5818834346188
2020-10-06,0.0007305151874495834,88.64659384580067
2020-10-07,0.004619447860882338,89.05609216411615
2020-10-08,-0.003540003353346136,88.74083329921928
2020-10-09,0.0024789998701817777,88.96082181344786
2020-10-12,0.00274767931923269,89.20525762376663
2020-10-13,-0.002042569331801173,89.0230497003089
2020-10-14,0.003746268004343111,89.35655390305021
2020-10-15,-0.0004130030445739825,89.31964937423561
2020-10-16,-0.0018567304642417668,89.15380686018707
2020-10-19,0.0007147893316788617,89.2175330502093
2020-10-20,-0.001064695839605161,89.1225435139509
2020-10-21,-0.0002053541931843577,89.10424182593306
2020-10-22,0.0014552049224199003,89.23390675724664
2020-10-23,0.002938864706953729,89.49615313647912
2020-10-26,0.003842659744395538,89.84005640141491
2020-10-27,0.0016730248724497485,89.99036105031676
2020-10-28,-0.0032592389483038177,89.69706096060965
2020-11-03,-0.003460541658241848,89.3866605445336
2020-11-04,0.00038658554167512495,89.42121613511874
2020-11-05,-0.00013153040751042743,89.40945452612041
2020-11-09,0.011598915521127316,90.44650723595896
2020-11-10,0.0014398667044521597,90.57673815026202
2020-11-11,-0.003409685354918433,90.26789997269478
2020-11-12,-0.0006244375541082161,90.21153330602134
2020-11-13,0.0028388742121295495,90.46763250156047
2020-11-16,0.0025088855221856586,90.69460543497006
2020-11-17,-8.983623194678452e-05,90.68645777335988
2020-11-19,0.0012047057066152734,90.79570826655218
2020-11-20,0.004151081471792122,91.17260864885571
2020-11-23,0.003623806169360113,91.50300051055409
2020-11-24,0.0027510311336224587,91.75472811377851
2020-11-25,0.003927380929266348,92.11508388314257
2020-11-26,0.000684207869657939,92.17810974844963
2020-11-27,-0.003708733207630239,91.83624573180896
2020-11-30,0.0020905766756691055,92.0282364451169
2020-12-02,-0.0034365976497641865,91.71197242403767
2020-12-03,-0.0006891584666904612,91.64876834174476
2020-12-04,0.001820938921631143,91.81565515113779
2020-12-07,0.00048199678233975954,91.85991000148906
2020-12-08,-2.001323987677787e-05,91.85807158707513
2020-12-09,-0.002931339604071597,91.5888043838783
2020-12-10,0.0028981586380535922,91.85424326845244
2020-12-11,0.011828719252043814,92.94076132418391
2020-12-14,-0.0030326490064895633,92.65890461669174
2020-12-15,0.00046884226133403375,92.70234702706496
2020-12-16,-0.00042407828679958553,92.66303397455542
2020-12-17,0.006573370328222911,93.27214241260687
2020-12-18,0.0024300630448829586,93.49879959900082
2020-12-21,-0.019385320103987386,91.68629543943561
2020-12-22,0.008999675591572002,92.51144235458356
2020-12-23,0.003520163321562795,92.83709774078503
2020-12-24,-0.0007925028654079061,92.7635240748093
2020-12-25,-0.0028718461801512207,92.4971215025377
2020-12-28,-0.001828030942006254,92.32803390238455
2020-12-29,-0.0004229687225725587,92.28898203182722
2020-12-30,-0.001440184373149019,92.15606888209116
2020-12-31,0.004646462812328153,92.58426862908215
2021-01-05,-0.002250721322114198,92.37588724158631
2021-01-06,0.0028609775246786783,92.64017257880674
2021-01-07,0.0008196936537246901,92.71610914034954
2021-01-08,0.0025876125017442334,92.9560225034742
2021-01-12,0.0014422701142333895,93.09009019666897
2021-01-13,0.0017695534630584088,93.2548180881529
2021-01-14,0.0032451389890472805,93.55744293424728
2021-01-15,0.004290348294828371,93.95883695000875
2021-01-18,0.0015823705271623024,94.10751464436487
2021-01-19,0.0030166568574885094,94.391404723758
2021-01-20,0.0007072582491894843,94.45816382340145
2021-01-21,0.0005516894882823154,94.51027539946526
2021-01-22,0.004353051797682542,94.92168352369238
2021-01-25,0.00034951505598377914,94.95486008122323
2021-01-26,0.006329354683687173,95.55586306961719
2021-01-27,0.0012531079564010784,95.6756048819105
2021-01-28,-0.0028882444646277836,95.3992703457104
2021-01-29,0.002569163499932373,95.64436666900278
2021-02-02,-0.0008501489938280019,95.5630547069138
2021-02-03,0.0026595384860603442,95.81720832875233
2021-02-04,-0.003942772251406491,95.4394228985465
2021-02-05,-0.00407242981113217,95.0507525475772
2021-02-08,-0.002034056244428043,94.85741397082023
2021-02-09,-0.0011426354575638433,94.74902652620435
2021-02-10,-0.0026293855768718005,94.4998948024337
2021-02-11,0.0006596657541674034,94.56223314680729
2021-02-12,0.0017172131037703367,94.72461665268878
2021-02-15,-0.0012909823539651105,94.60232884410405
2021-02-16,0.0016431961599422996,94.75777902758227
2021-02-17,-0.004256617524687864,94.35443140477298
2021-02-18,0.0019351249003080279,94.53701901443875
2021-02-19,-0.0034994754088717773,94.2061890411697
2021-02-22,0.0018046641454623933,94.37619957281294
2021-02-23,-0.0031903746779045924,94.07510413549896
2021-02-24,-0.00743933750756858,93.37524768477533
2021-02-25,0.0007061707352683325,93.44118655208874
2021-02-26,0.002514027244913352,93.67610024087773
2021-03-02,-0.002353398551440721,93.45564304226623
2021-03-03,0.0006899867602611875,93.5201261986371
2021-03-04,-0.002988128839763479,93.24067601244462
2021-03-05,8.75512037810673e-05,93.24883934587088
2021-03-08,0.0001389459467264928,93.26179589413492
2021-03-09,-0.0008868474166813089,93.17908691137114
2021-03-10,0.0010963699397764507,93.28124566127659
2021-03-11,-0.0015578675972870535,93.1359258312263
2021-03-12,0.004910308634842297,93.5932519720494
2021-03-15,-0.0010001512741187196,93.49964456184065
2021-03-16,-0.002560140128442808,93.26027236980275
2021-03-17,0.0021293632773440744,93.45885736902211
2021-03-18,0.0029459668722177086,93.73418406674656
2021-03-19,-0.005332381898378045,93.2343576003698
2021-03-22,-0.0009455715675196855,93.14619784270694
2021-03-23,-0.004781197448061083,92.7008474792848
2021-03-24,0.0043259893406063675,93.10187035734538
2021-03-25,0.002046575231174546,93.29241033919473
2021-03-26,0.0017761464816474187,93.4581113255831
2021-03-29,-0.002696437709118196,93.20610734998183
2021-03-30,0.0019566536285509284,93.38847941813128
2021-03-31,-0.001000740046294519,93.29502182691502
2021-04-02,-0.005780732540482406,92.75570825837515
2021-04-05,-0.0023857807407850853,92.53441347601444
2021-04-06,-0.0022104325866909164,92.32987239307671
2021-04-07,-0.0027506041756878157,92.07590946053159
2021-04-08,0.0019155508757675431,92.25228554953581
2021-04-09,-0.002128257121439779,92.0559489658459
2021-04-12,0.0025550486705679405,92.29115639586895
2021-04-13,0.003995217798454234,92.65987966654164
2021-04-14,0.0018651297612607824,92.83270236578257
2021-04-15,0.0021455504354479715,93.03187961076728
2021-04-16,-0.0007356269917075895,92.9634428490363
2021-04-19,-0.0003036694741658796,92.9352126892297
2021-04-20,0.0008487353312346311,93.01409008775484
2021-04-21,0.0022876975362048596,93.22687819248094
2021-04-22,0.0023466338620717724,93.44564754170264
2021-04-23,0.0012229452770279412,93.5599264550226
2021-04-26,0.002250803094551695,93.77051142701359
2021-04-27,0.004641325422241588,94.20573088555638
2021-04-28,0.006385063815787673,94.80724048907356
2021-04-29,0.0037658785350714362,95.16427304100071
2021-04-30,-0.00035199652279876666,95.13077554779561
2021-05-04,-0.001007364714037398,95.03494416128974
2021-05-05,0.005933545646125439,95.59883834044773
2021-05-06,0.006062276494402766,96.17838493101124
2021-05-07,0.0013494605357342246,96.3081738658663
2021-05-10,0.00305207745040871,96.60211387161236
2021-05-11,0.0004191873534785108,96.64260825606664
2021-05-12,0.0006388332177922373,96.70434676447469
2021-05-17,0.004047525154552093,97.09576004055845
2021-05-18,0.0020550795100299857,97.29529954752859
2021-05-19,0.0019519685243969882,97.48521690981714
2021-05-20,-0.0032523907310300056,97.1681568939272
2021-05-21,0.007205254486991922,97.8682781923799
2021-05-24,-0.0024340380365485,97.63006308068813
2021-05-25,8.294418674037754e-05,97.63816092687179
2021-05-26,0.005895987725414181,98.21383432522863
2021-05-27,0.0008072921968837874,98.29312158730544
2021-05-28,-0.001240251559751271,98.17121338994396
2021-05-31,0.0004160107282607022,98.21205366792054
2021-06-02,0.004512219866300387,98.65520804759109
2021-06-03,0.0061662554385180585,99.26354126075267
2021-06-04,0.004281488757688183,99.6885369967089
2021-06-07,0.0029400361402363196,99.98162489824651
2021-06-08,0.002982509305313748,100.2798210248659
2021-06-09,0.0052501647554485205,100.80630660689334
2021-06-10,0.0022561650332532175,101.03374227099123
2021-06-11,0.008024629062262364,101.84450057548813
2021-06-14,0.004019907491180586,102.25390604628709
2021-06-15,0.0017246636233223065,102.43025963838772
2021-06-16,-0.0024113845294679932,102.18326089494632
2021-06-17,0.0027129652839247755,102.46048053435256
2021-06-18,0.003984762401678044,102.8687612048437
2021-06-21,0.004552488407025773,103.33707004767385
2021-06-22,0.004569335834317747,103.80925182485609
2021-06-23,0.003449601306655079,104.16735235559402
2021-06-24,-0.0022693492109424115,103.93096025671989
2021-06-25,-0.000570445229565881,103.87167333623724
2021-06-28,0.002030355433431213,104.08256975257504
2021-06-29,-0.00594114299766543,103.4642003221105
2021-06-30,-0.002859761568606725,103.1683173783027
2021-07-02,-0.002682718887268823,102.89154578470419
2021-07-05,-0.005790418370383833,102.29576068783524
2021-07-06,-0.0035537240488131864,101.93222978298724
2021-07-07,0.0031449067013039444,102.2527971355106
2021-07-08,0.0020037764413116674,102.45768888146895
2021-07-09,-0.002645658711222462,102.18662080434797
2021-07-12,0.00203728824316177,102.39480440552111
2021-07-13,0.0004006499101713072,102.4358288747082
2021-07-14,-0.0018741137694775099,102.24385247732629
2021-07-15,-0.0029798496479414753,101.93918116951754
2021-07-16,0.0029987996204961062,102.24487634732237
2021-07-19,0.0003098071285813569,102.2765525388757
2021-07-20,0.006823282693351611,102.9744143697499
2021-07-23,0.002342552064996381,103.21563729677356
2021-07-26,-0.002335974326603961,102.97452821794424
2021-07-27,-0.0012423690798068117,102.84659584807858
2021-07-28,0.0032795751074189113,103.18388898370469
2021-07-29,0.0036181049371799695,103.55721912187408
2021-08-03,0.00404981362590976,103.97660655893517
2021-08-04,0.004607661794509312,104.4556955964995
2021-08-05,0.002854885742428174,104.75390467257337
2021-08-06,0.0022159580549046235,104.98603493141528
2021-08-09,0.004756554206705746,105.48540669751367
2021-08-11,0.0109520472504106,106.64068785589362
2021-08-12,-0.0018553327372407933,106.4428338965927
2021-08-13,0.006362675542202228,107.12009511246924
2021-08-16,0.0034304592098730073,107.4875662293103
2021-08-17,-0.0016455146986983575,107.31069385915266
2021-08-18,0.00017044446663599575,107.3289843731318
2021-08-19,-0.0023790697302515777,107.07364123523104
2021-08-23,0.00017032247054160477,107.09187828233611
2021-08-24,-0.00019431030821650584,107.0710692264596
2021-08-25,0.002620875012016736,107.35168911630512
2021-08-26,0.0012525221296649232,107.4861494825802
2021-08-27,-0.004190780944438821,107.0356985755375
2021-08-30,0.005472325739435532,107.62143278389087
2021-08-31,-0.002886521467333902,107.31078120781494
2021-09-02,-0.003820520539894235,106.9007981640584
2021-09-03,0.006612801108549058,107.60771188066246
2021-09-06,-0.0012690320824173128,107.47115424197038
2021-09-07,0.002101527385183475,107.69700781572715
2021-09-08,-0.002860388929709881,107.38895248680818
2021-09-09,0.010668127785720726,108.53459155471215
2021-09-10,-0.0023404225404855873,108.28057475021511
2021-09-13,0.001825581917027492,108.47824980944442
2021-09-14,-0.0012225562129443987,108.34562905117056
2021-09-15,0.004994248668536629,108.88673406480112
2021-09-16,-0.0011963299479141633,108.75646960390884
2021-09-17,0.00198881990379024,108.97276663532305
2021-09-20,-0.0030628116336121687,108.63900357792546
2021-09-21,-0.0016499453182582757,108.45975516259183
2021-09-22,0.0008214571591672364,108.54885020495166
2021-09-23,0.0019222031367090145,108.75750314530177
2021-09-24,0.003904913681843038,109.18219180733695
2021-09-27,0.002048032051124806,109.40580043557044
2021-09-28,-0.0003703606682110389,109.36528083021496
2021-09-29,-0.001348914815016907,109.21775638265458
2021-09-30,-0.0016433250451571447,109.03827610821509
2021-10-04,-0.007453292850589833,108.22558190445707
2021-10-05,0.006448321986450444,108.92345530374799
2021-10-06,0.0017822492150418546,109.11758404646275
2021-10-07,0.00344442839265086,109.49343175108986
2021-10-08,0.003913808355492483,109.9219680591488
2021-10-11,0.0048224735844843,110.45206384646858
2021-10-12,0.0038558939036860257,110.87795528610371
2021-10-13,0.0022527920176444887,111.127740258705
2021-10-14,0.006183757583567734,111.8149272652745
2021-10-15,0.0012661526347721083,111.95650203003828
2021-10-18,0.0021929020384447314,112.2020116715571
2021-10-21,0.0043884063128628945,112.69439968789247
2021-10-22,0.0047395989903125605,113.22852595086708
2021-10-25,0.00046311270330901916,113.28096351961187
2021-10-26,0.012459673311666518,114.69240731749704
2021-10-27,0.00789272633520802,115.59764310118024
2021-10-28,0.00476820233449988,116.14883605287798
2021-10-29,0.00046711743506248205,116.20309119926051
2021-11-02,-0.005620428854962287,115.54997999244839
2021-11-03,0.014882899419566253,117.26969872260888
2021-11-04,0.013135812351492183,118.81013147954509
2021-11-05,-0.0019400620154189,118.5796324564147
2021-11-08,-0.004497112390419756,118.04636652204354
2021-11-09,-0.0018464311177671855,117.8284020375579
2021-11-10,-0.004532404221384167,117.29435609076391
2021-11-11,-0.003186169056511878,116.92063644288402
2021-11-12,0.0008598749147266084,117.02117356517512
2021-11-15,-0.000650387344490935,116.94506447485085
2021-11-16,-0.001560622490965954,116.76255737702392
2021-11-17,-0.0021327748950129097,116.51352912597271
2021-11-19,0.004506089638658873,117.03854953233082
2021-11-22,0.0032117539193190795,117.41444855250269
2021-11-23,-0.00035338438312559504,117.37295612003093
2021-11-24,-0.0011728133822589296,117.23529954637809
2021-11-25,0.005442550423850789,117.87335857561449
2021-11-26,-0.004261209399169682,117.3710755121404
2021-11-29,-0.01018225569525704,116.17597321004847
2021-11-30,-0.0018979770592860298,115.95547387805556
2021-12-02,-0.0063565606027942995,115.21839588112397
2021-12-03,0.0006448418846274668,115.29269352866771
2021-12-06,-0.0069343149279902224,114.49321768284366
2021-12-07,0.0018409815486856234,114.70399758404743
2021-12-08,-0.0030032644388836875,114.35951114710548
2021-12-09,0.002423383107430576,114.63664805459337
2021-12-10,0.0014571124133551786,114.80368653749915
2021-12-13,-0.013808306635534513,113.21844203089957
2021-12-14,-0.007780502488888739,112.33754566089004
2021-12-15,-0.0023864634323999645,112.06945621608477
2021-12-16,0.003639527942130313,112.47733613344258
2021-12-17,-0.006618430366446761,111.73291271643997
2021-12-20,-0.0032063073284910276,111.3746626595636
2021-12-21,-0.005496469725186788,110.76249519810241
2021-12-22,-0.0017812341450106485,110.56520125966898
2021-12-23,-0.005165796931827447,109.9940438822349
2021-12-24,0.003400431102826998,110.36807105017779
2021-12-27,0.0035306641273911954,110.757743639444
2021-12-28,0.00019653495530132473,110.77951140763945
2021-12-29,0.011312773629930875,112.03273494302839
2021-12-30,-0.006982665755251555,111.25044780127453
2021-12-31,-0.00016633852579609943,111.23194256579312
2022-01-04,-0.00012014967259862345,111.21857808431133
2022-01-05,0.0059711900892323285,111.88268535550688
2022-01-06,0.008338870336894766,112.81566056163004
2022-01-07,0.006469666195115465,113.54554022704524
2022-01-10,0.009738290269970551,114.65127965663682
2022-01-12,0.0039429580967372795,115.10334484806025
2022-01-13,-0.0023556820268527544,114.83219796737103
2022-01-14,0.003381537378679711,115.22050733707363
2022-01-17,0.007798894055329686,116.1190998667968
2022-01-18,0.003748899419101475,116.55441869283403
2022-01-19,0.01780497467583177,118.62966716601623
2022-01-20,0.012143632488586235,120.07026224632365
2022-01-21,0.00706241020633433,120.91824769188932
2022-01-24,-0.00731876781519911,120.03327511241164
2022-01-25,-0.010160235854986325,118.81370872682307
2022-01-26,0.004084686816237677,119.29902551644783
2022-01-27,0.0011885822646473352,119.44082222236638
2022-01-28,-0.0028931096072348696,119.09526683209882
2022-01-31,0.005016063524927945,119.69265625604686
2022-02-02,-0.005272205556647884,119.06161196864377
2022-02-03,0.0016973571399698916,119.26370204581507
2022-02-04,0.005544578946290031,119.9249690572349
2022-02-07,-0.002995620683870086,119.56571933941458
2022-02-08,8.37941578035782e-05,119.5757382481688
2022-02-09,0.003604479562119565,120.00674655280967
2022-02-10,0.004478381412051251,120.54418253589252
2022-02-11,-0.005223697669284218,119.91449617053401
2022-02-14,-0.0007802573676439288,119.82093200140962
2022-02-15,-0.007294447035701219,118.94690455915698
2022-02-16,-0.0032652932217312716,118.55850803795404
2022-02-17,-0.0010721277283336377,118.43139817405668
2022-02-18,0.0019758857206785036,118.66540508258878
2022-02-21,-0.008936537694552294,117.60494721702892
2022-02-22,-0.005083476155516019,117.00710527208045
2022-02-23,0.004674143642418303,117.5540132893057
2022-02-24,-0.022983672709395768,114.85219032218833
2022-02-25,0.0067414948651706805,115.62646577349898
2022-02-28,-0.011340828889201782,114.31516581009858
2022-03-02,-0.016380148912802515,112.44266637113745
2022-03-03,-0.008065000499652586,111.53581621067197
2022-03-04,-0.005475358491143181,110.92511763231627
2022-03-07,-0.018898680473471912,108.82877927770085
2022-03-08,0.0008068509151898526,108.91658787786007
2022-03-09,0.011637815701854516,110.18413905445745
2022-03-10,-0.011473875641141277,108.91989994532038
2022-03-11,-0.009886779432631021,107.84303291873675
2022-03-14,0.00653521809784084,108.54781065919335
2022-03-15,0.012192270660325242,109.87125494633597
2022-03-16,0.00347085503291707,110.25260214453935
2022-03-17,0.012339217172731417,111.6130329462596
2022-03-18,0.006153475854732444,112.29984104956785
2022-03-21,0.0021889265051026584,112.54565714816007
2022-03-22,-0.003727514822242291,112.1261415429613
2022-03-23,-0.009993585004015523,111.00559941627945
2022-03-24,-0.0009348900245838941,110.90182138871221
2022-03-25,-0.0004111226706489843,110.85622713572303
2022-03-28,0.004556529639173264,111.36134682035386
2022-03-29,0.005000347507763818,111.91819225338824
2022-03-30,0.003432127245354672,112.30230973027193
2022-03-31,0.000965785826450024,112.41076970928702
2022-04-04,-0.013659540813015566,110.87529021262053
2022-04-05,-0.0012612576185992185,110.73544790812547
2022-04-06,0.007568641343320425,111.573564797334
2022-04-07,0.001070054799106224,111.69295462579878
2022-04-08,-0.002964663967189302,111.36182254783076
2022-04-11,0.004642284676189123,111.87879583015705
2022-04-12,0.003818435719782193,112.30599782044112
2022-04-13,0.0004419087787574128,112.3556268267851
2022-04-14,-0.002030690284608651,112.12746734696684
2022-04-15,0.0009228800979136381,112.23094755501081
2022-04-18,0.0011872747935593726,112.36419653010014
2022-04-19,-0.00273776303075597,112.05656998685944
2022-04-20,0.004071401779987038,112.5127973053632
2022-04-21,0.00911889072481123,113.53878920913363
2022-04-22,0.012518470213180016,114.9601211598887
2022-04-25,-0.0015186418626297322,114.7855379073623
2022-04-26,0.000327340775470586,114.82311189435373
2022-04-27,0.008481256548504863,115.7969561640274
2022-04-28,0.0021422731257481386,116.04502487126102
2022-04-29,0.0032291338194420133,116.41974978565082
2022-05-05,-0.005489212267493359,115.78069706694892
2022-05-06,-0.0009759530688392297,115.66770054033408
2022-05-09,0.002673404881440953,115.97692713558368
2022-05-10,-0.007606940667183637,115.09469753210102
2022-05-11,-0.006648517589578591,114.3294884110916
2022-05-12,-0.006556946415514854,113.57983608186686
2022-05-13,0.006693449034129906,114.34007692598567
2022-05-16,0.003646708051773221,114.75704180515203
2022-05-17,-0.0001066294219787882,114.74480532811636
2022-05-18,0.0030161585080580172,115.09089384896221
2022-05-19,-0.0016846486490714244,114.89700613011912
2022-05-20,-0.002437981875568947,114.61688931161676
2022-05-23,-0.0016438130355122414,114.42848057487647
2022-05-24,-0.007091174990293108,113.61704819524667
2022-05-25,-0.00579805709344983,112.95829006302138
2022-05-26,-0.00039614680010690206,112.91354199786736
2022-05-27,-0.004064044535377438,112.45465633454081
2022-05-30,-0.003626578411675497,112.04683070558559
2022-05-31,0.00926399307220671,113.08483176900485
2022-06-02,-0.003823064729991199,112.65250113717178
2022-06-03,0.006592445876727762,113.39515665379658
2022-06-06,0.0013076410030274474,113.54343681018182
2022-06-07,0.0055715272431324184,114.17604716164864
2022-06-08,-0.00042599231074701377,114.12740904348628
2022-06-09,-0.0015179158762790657,113.95417323738057
2022-06-10,-0.007896734890993122,113.0543073416027
2022-06-13,-0.004374555245240852,112.5597450284244
2022-06-14,-0.022607093717262054,110.01509632377568
2022-06-15,0.006810876790694104,110.76439558995325
2022-06-16,-0.002274973665016672,110.51240950696462
2022-06-17,-0.002462082421035801,110.2403188462112
2022-06-20,0.008269036926754693,111.15190011356772
2022-06-21,0.01086992098636081,112.36011248528608
2022-06-22,-0.006461738169585244,111.634070857701
2022-06-23,-0.004821012938716199,111.09588155769447
2022-06-24,-0.01593127886719429,109.32598208760207
2022-06-27,0.0038050205340890908,109.74196969435485
2022-06-28,0.006183189043086506,110.42052503893574
2022-06-29,-0.009378546127305576,109.38494105145678
2022-06-30,-0.0017532931435780973,109.19315718430056
2022-07-04,-0.004709934163843273,108.67886460282033
2022-07-05,-0.015443206081684833,107.00051450003545
2022-07-06,-0.0035228437800964726,106.62356840306188
2022-07-07,0.011269180782906446,107.82512867111458
2022-07-08,0.009162846393136305,108.81311376244815
2022-07-12,-0.008146162093813313,107.9267044998067
2022-07-13,0.0075384338116719265,108.74030281819039
2022-07-14,-0.004722727444572951,108.22675200573974
2022-07-15,0.011839568396705484,109.50811003846496
2022-07-18,-0.0008176450799634628,109.4185712710759
2022-07-19,0.0060205122944949835,110.07732712465949
2022-07-20,-0.005032925182061352,109.5233161729998
2022-07-21,0.001305081994634676,109.66625308092988
2022-07-22,-0.00396239284182301,109.23171230473245
2022-07-25,-0.0012205384917346749,109.09839079534645
2022-07-26,-0.0023864031579486048,108.83803805102532
2022-07-27,0.004710712606850346,109.35074276897716
2022-07-28,0.006811464792504766,110.0955815033823
2022-07-29,-0.0035575948996046684,109.70390602415685
2022-08-02,0.005679487378453071,110.32696797378804
2022-08-03,-0.003254199547963694,109.96794200447954
2022-08-04,0.0012613180686584075,110.106646556703
2022-08-05,0.006538162598369588,110.82654171505193
2022-08-08,0.006805268774432456,111.5807461187637
2022-08-09,0.0013736702154463277,111.73402126632432
2022-08-10,-0.0025125900606031734,111.45327947505932
2022-08-11,0.0019281624765467586,111.66817950643122
2022-08-12,0.011457775541853411,112.94764844238333
2022-08-15,-0.0015223912395555552,112.77569793186623
2022-08-16,0.004184545933192048,113.24761302000992
2022-08-17,0.0009930202465978292,113.36007019261764
2022-08-18,-0.0006404635562825363,113.28746719892165
2022-08-19,0.0011117757868773308,113.41341746191004
2022-08-22,-0.004135121422783748,112.94443920973218
2022-08-23,-0.001234476953476198,112.80501190250448
2022-08-24,0.0010924729045626164,112.92824832150683
2022-08-25,0.000620778739211405,112.99835177712121
2022-08-26,3.352605586505453e-05,113.00214016617554
2022-08-29,0.0037749541687811953,113.42871806627703
2022-08-30,-0.0007037267353239861,113.34889524482026
2022-08-31,0.007151064962514365,114.15946055814521
2022-09-02,-0.00026368343486970515,114.12935859946236
2022-09-05,-0.0022603401558065725,113.87138742726354
2022-09-06,-0.0007572947051331065,113.78515322849871
2022-09-07,0.0004091180476242081,113.83170478823618
2022-09-08,-0.0013263440285203102,113.68072478633403
2022-09-09,-0.003264138579516905,113.30965514681151
2022-09-12,0.0008635242360440132,113.40750078020857
2022-09-13,0.0008683261579391777,113.50597547964252
2022-09-14,0.0017915617132720494,113.70932843953942
2022-09-15,-0.0004600034008601824,113.6570217617477
2022-09-16,0.0038395901031968035,114.09341813766294
2022-09-19,-0.0035663629663462925,113.68651959651292
2022-09-20,0.004847593572432308,114.23762563818119
2022-09-21,0.005487336968766292,114.86448598456967
2022-09-22,-0.00013836329554379152,114.8485929557479
2022-09-23,-0.00221186733612991,114.5945631043886
2022-09-26,-0.010412710218906652,113.40132312612039
2022-09-27,-0.007868654535666443,112.50900729055347
2022-09-28,-0.008260202832273003,111.57966006987581
2022-09-29,-0.00930229376727921,110.54171329345266
2022-09-30,-0.006598453315348835,109.81230895888714
2022-10-04,0.0030327767951277176,110.14534518131704
2022-10-05,-0.0059467590295601575,109.49033735529603
2022-10-06,0.00434493900450526,109.96606619268749
2022-10-07,-0.0007441060582136674,109.8842397766356
2022-10-11,0.006284838125115062,110.57484443613308
2022-10-12,-0.002518721233594399,110.2963372275504
2022-10-13,0.00024858899259831805,110.32375568290907
2022-10-14,-0.011036425930216984,109.10617572497128
2022-10-17,-0.00040961933860488833,109.06148372543312
2022-10-18,-0.0006077215335184491,108.9952047132957
2022-10-19,-0.0023408888372729486,108.74005905526609
2022-10-20,-0.008905618057331756,107.7716616217882
2022-10-21,-0.004036880607619158,107.3366002909363
2022-10-24,-0.004974917250284419,106.80260958656204
2022-10-25,0.005994749990199958,107.44286452933443
2022-10-26,-0.0036844153879634035,107.04700038593569
2022-10-27,0.004139489511376576,107.49012032125759
2022-10-28,0.003394163822752231,107.85495939895529
2022-10-31,0.0024126729521264222,108.11517814224982
2022-11-02,-0.004088924062571236,107.6731033888148
2022-11-03,-0.0050114868067639776,107.13350105173842
2022-11-04,0.0005385368915914008,107.19119639438013
2022-11-07,-0.005581894865173447,106.59286640563454
2022-11-08,-0.0041897705885841395,106.14626674901533
2022-11-09,0.0011461828842902564,106.26792978319435
2022-11-10,-0.0128133919903631,104.9062771428779
2022-11-11,-3.4994711617732295e-05,104.9026059779624
2022-11-14,-0.0005512243203056883,104.84478111028388
2022-11-15,0.0007331878008142197,104.921652024773
2022-11-16,-0.0052254345427904855,104.3733907999961
2022-11-17,0.002628315384067326,104.64771698872302
2022-11-21,0.0018441635846377005,104.8407044976091
2022-11-22,0.000991726017637986,104.94467775196688
2022-11-23,0.0024152034184694196,105.1981404964236
2022-11-24,-0.0076923755218502275,104.38891689552474
2022-11-25,-0.0013657011314506544,104.2463528336096
2022-11-28,0.0001739490493077431,104.26448638757881
2022-11-29,0.0031920831963972566,104.59730730255758
2022-11-30,0.00763231396542546,105.39562679182879
2022-12-02,-0.0013306423982399054,105.25538290223051
2022-12-05,0.013430819826152558,106.66904898572307
2022-12-06,0.004768503739086003,107.17770074465625
2022-12-07,0.0034376390996005554,107.54613899934135
2022-12-08,-0.001226103826489865,107.41427626679005
2022-12-09,-0.002759332908254454,107.11788451947075
2022-12-12,-0.00383068599816954,106.70754953908848
2022-12-13,0.002789394855051293,107.00519902876793
2022-12-14,-0.0020749637748514915,106.78316711706246
2022-12-15,-0.00711043819902438,106.0238920065805
2022-12-16,-0.0017451255154315847,105.83886700739444
2022-12-19,0.0030479604835192547,106.16145969165342
2022-12-20,-0.008882462147884428,105.21848454437814
2022-12-21,0.005658389564592016,105.81385171932625
2022-12-22,0.005278942447152398,106.37243695266409
2022-12-23,-0.006414620407031734,105.69009814784182
2022-12-26,0.005509794589213564,106.27242887875026
2022-12-27,0.005263177984014506,106.83175958673263
2022-12-28,0.003592907030493481,107.21559616683179
2022-12-29,-0.01741382638767642,105.34856238913135
2022-12-30,-0.013715527210222246,103.90365131512542
2023-01-02,-0.0063129717181631285,103.24771050295915
2023-01-03,-0.016735165674768283,101.51984296215161
2023-01-04,-0.013543246400285959,100.14493471439687
2023-01-05,-0.03167275089736539,96.97306914355485
2023-01-06,-0.01326131579120889,95.68707865039944
2023-01-09,-0.00140771079427681,95.55237891691046
2023-01-10,0.023559411170489764,97.80353670013238
2023-01-12,0.009618520144764473,98.74426198811183
2023-01-13,0.0016316182655454325,98.90537492958943
2023-01-16,0.00345662459379286,99.24725368102935
2023-01-17,0.005690375562923584,99.81200782806316
2023-01-18,0.00047169548175170467,99.85908870118021
2023-01-19,-0.0009992251926532012,99.7593069840346
2023-01-20,-0.005214839967937255,99.23907816280052
2023-01-23,0.008769881966241972,100.10939316472695
2023-01-24,-0.001069772106462979,100.0022989283244
2023-01-25,0.002410271954629751,100.24333166482984
2023-01-26,-0.0010414510230609916,100.13893314451245
2023-01-27,-0.006889096649402621,99.44906635571184
2023-01-30,-0.0009628540070442528,99.35331142367443
2023-01-31,0.004744016060464532,99.82464512872869
2023-02-02,0.003176127441394126,100.14170092344948
2023-02-03,0.0061149393454264,100.7540613505442
2023-02-06,0.0027956353240239954,101.03573296349467
2023-02-07,0.007673958681357246,101.81107700359718
2023-02-08,0.006249289940814058,102.4473239429792
2023-02-09,0.008875831441591583,103.35662912193922
2023-02-10,0.0005210451252227727,103.41048258970264
2023-02-13,-0.005835757344093403,102.80700410647354
2023-02-14,-0.0021238064496791006,102.58866192808003
2023-02-15,-0.000258827406362019,102.56210917079103
2023-02-16,-0.0031782559979968606,102.23614053215175
2023-02-17,0.009104320316759229,103.16693110350566
2023-02-20,0.0002514287309449749,103.1928702340685
2023-02-21,-0.002766571882190709,102.90737974083635
2023-02-22,0.0018688925514591705,103.09970257632418
2023-02-23,0.0003711478230436065,103.13796780649183
2023-02-24,0.012783473237095194,104.45642925767451
2023-02-27,0.00078976428213409,104.53892521454149
2023-02-28,0.0009197691636748318,104.63507689435754
2023-03-02,-0.0077367180817770635,103.82554480296082
2023-03-03,-0.00395611228599739,103.41479928956545
2023-03-06,0.0003309165845503258,103.44902096173831
2023-03-07,-0.00045212210847467093,103.40224937226145
2023-03-08,-0.0028531923771486457,103.1072228625725
2023-03-09,-0.007707305533005525,102.31254399331098
2023-03-10,-0.00047804889919326603,102.26363359428132
2023-03-13,-0.0036032636036049054,101.89515076537867
2023-03-14,-0.0024071282891637976,101.64987606544271
2023-03-15,-0.0036917820578846565,101.2746068767981
2023-03-16,-0.0002990938701747677,101.24431626267689
2023-03-17,-0.004133364994438318,100.82583654995089
2023-03-20,0.00408939688758467,101.23815341212638
2023-03-21,0.0038349249230176866,101.62639412980683
2023-03-22,0.00502944123309083,102.13751810681362
2023-03-23,0.0012603599080487189,102.26624813974306
2023-03-24,0.0029095744102926075,102.56379939836711
2023-03-27,-0.0028293963711383554,102.27360575653921
2023-03-28,0.003466272096141912,102.62811390234492
2023-03-29,0.0019212568493044602,102.82528886911099
2023-03-30,-0.002511791639070991,102.5670131682445
2023-03-31,-0.010386796874901684,101.50167043640057
2023-04-04,-0.0012484598963943066,101.37494967144369
2023-04-05,0.004459011623834604,101.82698175039431
2023-04-06,-0.003505481136397254,101.47002918669203
2023-04-07,-0.00028477359385066183,101.4411332018124
2023-04-10,0.002073343632700437,101.65145552943031
2023-04-11,-0.0016972134075258244,101.47893131621124
2023-04-12,0.0001377595199883189,101.49291100507828
2023-04-13,0.0003451923128878723,101.52794557776986
2023-04-14,-0.0010947312363186257,101.4167997643866
2023-04-17,-0.0009728419723912899,101.3181372448702
2023-04-18,0.0031914608740062963,101.64149011571439
2023-04-19,-0.003717621750538763,101.26362550130304
2023-04-20,-0.0001723774823429762,101.24616993248618
2023-04-21,0.0017621975344865024,101.42458568351742
2023-04-25,-0.004268649230359688,100.99163970389992
2023-04-26,-0.005985611067874234,100.3871430275255
2023-04-27,0.005767024757727072,100.96607816672272
2023-04-28,0.004163168380457835,101.38641695084527
2023-05-03,-0.0022426961327680016,101.15903802563442
2023-05-04,0.001165342092161049,101.27692291064822
2023-05-05,-0.005207009795333968,100.7495729810112
2023-05-08,0.00286400234215021,101.03811999399946
2023-05-09,-0.005417494990065616,100.49074648512631
2023-05-10,0.005052210104901437,100.99844684996755
2023-05-11,0.0027076040624944378,101.27191065496415
2023-05-12,0.010482323707490956,102.33347560492558
2023-05-15,-0.0030267546423536685,102.0237372825702
2023-05-16,0.005592975506430007,102.59435354626605
2023-05-17,0.0057963579744550586,103.18902714557801
2023-05-18,0.001136997389852052,103.3063528001039
2023-05-19,0.00023812346156810394,103.33095246643462
2023-05-22,-0.0007141300537202398,103.2571607277988
2023-05-23,0.0021212491998881867,103.47619489737536
2023-05-24,0.006266196757752544,104.12459709434587
2023-05-25,-0.008193755831612864,103.27142556968974
2023-05-26,0.002996516192243853,103.58088006860542
2023-05-29,0.010471477859818477,104.66552496094434
2023-05-30,6.36876786818892e-06,104.66619155137661
2023-05-31,0.00013988900328779213,104.68083320059067
2023-06-02,0.0052932348252823815,105.2349334324276
2023-06-05,-0.007913275827483225,104.40218037748996
2023-06-06,-0.0023799124356991795,104.15371233009547
2023-06-07,-0.004399600945448539,103.695477558856
2023-06-08,0.0017629330134271324,103.87828573958761
2023-06-09,-0.0017227957528835208,103.69932467009863
2023-06-12,0.0035229633445589686,104.06465358976693
2023-06-13,0.002904876482720717,104.36694855466232
2023-06-14,0.0018437762850410887,104.5593778593495
2023-06-15,0.011508136354124527,105.76266143685733
2023-06-16,0.0022834527358708656,106.0041654754683
2023-06-19,0.0006332362669463531,106.07129115749474
2023-06-20,0.018766720851395174,108.0619014689945
2023-06-21,-0.012089196481778124,106.75551990994127
2023-06-22,0.007465547894180645,107.5525083567971
2023-06-23,0.0017814070573667746,107.7441031542214
2023-06-26,-0.005049418210684419,107.20005811766062
2023-06-27,0.0017146996137692133,107.383874015911
2023-06-28,-0.004247054205160502,106.9278088822053
2023-07-03,0.004906905863582391,107.45249357458941
2023-07-04,0.007716070268812959,108.28160456557012
2023-07-05,0.004218876009663999,108.73843122935973
2023-07-06,0.0008790066863595487,108.83401303747459
2023-07-07,0.000464596450099857,108.88457693358191
2023-07-10,-0.0049610981412247564,108.34438986134867
2023-07-11,-0.0015915109241267857,108.17195858131647
2023-07-12,-8.718586976243345e-05,108.16252751502367
2023-07-13,-0.0005002050712624182,108.10842407024009
2023-07-14,-0.00028243511414335486,108.07789045514795
2023-07-17,-0.00029643864115286783,108.04585199216274
2023-07-18,0.00823047581120391,108.93512076348517
2023-07-20,0.0006349360701510951,109.00428760096419
2023-07-21,0.004937463661472247,109.54249230993862
2023-07-24,0.002421619294279023,109.80776252285978
2023-07-25,-0.006367094855988517,109.10860608295287
2023-07-26,-0.0005318228038197236,109.05057963814497
2023-07-27,0.006859515517001369,109.79861378131083
2023-07-28,0.006431835261835825,110.50482037713016
2023-07-31,0.004155389363225679,110.96401093231046
2023-08-02,-0.001442853992822704,110.80390606607715
2023-08-03,-0.005217290165088042,110.22580993670526
2023-08-04,-0.00025690210107841716,110.19749269453945
2023-08-07,0.0014112289959278314,110.35300659150853
2023-08-08,-0.0017431823832134885,110.16064117448356
2023-08-09,-0.003417966277876827,109.7841158177999
2023-08-10,0.005909952580463623,110.43293473637121
2023-08-11,-0.0023485472929210627,110.17357776644678
2023-08-15,0.00031260271612636105,110.20801832610194
2023-08-16,-0.00015230147453224182,110.19123348240561
2023-08-17,0.0025239886255296086,110.46935490234829
2023-08-18,-0.001827251097848829,110.26749965232432
2023-08-22,-0.006903489015694398,109.50626917968643
2023-08-23,-0.00317171562302187,109.15894643491038
2023-08-24,-0.0036079196940172428,108.7651097222897
2023-08-25,0.002178879985575905,109.00209584299256
2023-08-28,-9.425063323524526e-05,108.99182232643541
2023-08-29,0.003936406554036976,109.42085845017762
2023-08-30,0.011475443422333224,110.67651132054577
2023-08-31,0.003583514835338867,111.07312224078649
2023-09-04,0.0005832299702836284,111.1379034145703
2023-09-05,0.00010987242026900548,111.15011440500209
2023-09-06,-0.007825874514917668,110.28026755734979
2023-09-07,-0.00041317446309083167,110.23470256701226
2023-09-08,0.00037324893326967965,110.27584755215472
2023-09-11,-0.017004772315702275,108.40063187260922
2023-09-12,-0.0010849691417867578,108.28302053207726
2023-09-13,0.01052599565724614,109.42280713595139
2023-09-14,0.012376267619687293,110.77705308076334
2023-09-15,-0.004014950752124056,110.33228866817863
2023-09-18,0.012217050862187731,111.68022385057934
2023-09-19,0.0076583066387211724,112.5355052503081
2023-09-20,0.011818708478222245,113.86552958031095
2023-09-21,-0.004087249086535006,113.400132798546
2023-09-22,0.010696578020916035,114.61312616660788
2023-09-25,0.009583362807411238,115.71150533715408
2023-09-26,-0.002336533402786432,115.44114153984712
2023-09-27,0.0031705086758291017,115.80714868064683
2023-10-02,-0.0036043843398831784,115.38973520749578
2023-10-03,-0.0028620715818728063,115.05948152551856
2023-10-04,-0.004151263055793809,114.5818393506429
2023-10-05,0.03542499526510607,118.64090046710656
2023-10-06,0.008646991970425748,119.66678738080971
2023-10-09,-0.000764500882254242,119.57530201628055
2023-10-10,0.008532126793990066,120.5955336545131
2023-10-11,0.006159626334803033,121.33835707947105
2023-10-12,0.003295542412847106,121.73823278153164
2023-10-13,-0.001677224518801676,121.53405043263487
2023-10-16,0.0002880641192285289,121.56906003182901
2023-10-17,-0.013297386460373485,119.95250925896144
2023-10-18,0.012734763891505707,121.48007614256795
2023-10-19,0.002737659156585885,121.81264718536242
2023-10-20,-0.009487716201337102,120.6569233591341
2023-10-23,-0.006700030555164816,119.84851828593573
2023-10-24,0.003599709996269231,120.27993819524767
2023-10-25,-0.002578453122137209,119.96980201307765
2023-10-26,-0.0089254032962299,118.89902314674208
2023-10-27,-0.0031207988553799463,118.52796321139994
2023-10-30,-0.0021021577895851064,118.27879873025142
2023-10-31,0.009134698047108742,119.35923984202701
2023-11-02,-0.0061802415776412165,118.62157090527967
2023-11-03,-0.0027678952861310687,118.29323881833749
2023-11-07,-7.795536200891625e-05,118.2840172260822
2023-11-08,-0.0008894312825601686,118.17881172093443
2023-11-09,-0.0015448839634134817,117.99623916989151
2023-11-10,-0.00032803014954322924,117.95753284591106
2023-11-13,0.004334558957674081,118.46882672653342
2023-11-14,-0.0013946218172018923,118.3036075161223
2023-11-15,-0.0032023636084140493,117.92475634866857
2023-11-16,-0.0006576108008206191,117.84720775520954
2023-11-17,0.00038762462904964396,117.8928882354002
2023-11-20,0.00017476516636776273,117.91349180562625
2023-11-21,0.004178350470598737,118.40617569960223
2023-11-22,0.0024765892890634502,118.69941916609883
2023-11-23,-0.003650720237440108,118.26608079437678
2023-11-24,0.002161692964449227,118.52173574916296
2023-11-27,-0.005343687214725181,117.88839266517313
2023-11-28,-0.003272751147422064,117.50257329281044
2023-11-29,0.0024085065093226053,117.78557900544835
2023-11-30,-0.002849695472067196,117.44992597428173
2023-12-04,-0.0036858615032022033,117.01702181357918
2023-12-05,0.008447616788708241,118.0055367716162
2023-12-06,-0.0046423967858200774,117.45770824699868
2023-12-07,0.002110406201459464,117.70559172289236
2023-12-08,-0.006805885973896837,116.90450088713631
2023-12-11,-0.00031091846896941157,116.86815311870484
2023-12-12,0.0029566198547555877,117.21368782060422
2023-12-13,0.009242016389504051,118.29697864451644
2023-12-14,0.004055054182847052,118.77667930258707
2023-12-15,-0.002609262272670715,118.46675979440973
2023-12-18,0.0029971823964963368,118.82182628143548
2023-12-19,0.004204309141680324,119.32138997190167
2023-12-20,0.0020028763958917883,119.56037596740138
2023-12-21,-0.0025603969804029853,119.25425394179861
2023-12-22,-0.003487809802633377,118.83831778589466
2023-12-25,-0.009769868155592977,117.67728308929402
2023-12-26,-0.00214046025058795,117.4253995424442
2023-12-27,-0.004734292737072413,116.86947332624258
2023-12-28,-0.0004915797391901448,116.81202266102557
2023-12-29,0.0058651130484626305,117.49713837935207
2024-01-02,0.006174417594505771,118.22261477786562
2024-01-03,0.005606166447178823,118.88539043413104
2024-01-04,0.009622161686314641,120.02932488302889
2024-01-05,0.0035005606169003674,120.44949481058755
2024-01-08,0.005413578002377396,121.10155754609163
2024-01-09,0.00462109033437354,121.66117878314544
2024-01-10,0.005865446085696555,122.37477586802028
2024-01-12,-0.0036003324029374815,121.93418599716044
2024-01-15,-0.006855963115730629,121.09820971541727
2024-01-16,0.011624073774077067,122.50586423905794
2024-01-17,0.005504218795743672,123.18016331959139
2024-01-18,0.005269755117123097,123.82929261557285
2024-01-19,-0.001998586189470532,123.58180910149945
2024-01-22,0.003102676778042918,123.96524351078719
2024-01-23,0.0008377543869383575,124.06909593736626
2024-01-24,-0.002185889885014649,123.79789455551386
2024-01-25,0.0006185408707885797,123.87446861301403
2024-01-26,-0.0008152637699169199,123.77347824673612
2024-01-29,0.0006113207668999283,123.84914354437977
2024-01-30,0.0029023455748881186,124.2085965580995
2024-01-31,0.009674288378621339,125.41022634030641
2024-02-02,-0.006239113234486705,124.62777773740663
2024-02-05,0.0004829356706872901,124.68796493683452
2024-02-06,0.005434868286567167,125.36562760318633
2024-02-07,0.00725717612097793,126.27542804221956
2024-02-08,0.015801531478209695,128.27077319335308
2024-02-09,-0.0019610650811481907,128.0192258591117
2024-02-12,0.006113283490489554,128.8018436790215
2024-02-13,0.006611368256629653,129.65340009971632
2024-02-14,0.003049674968032781,130.0488008285208
2024-02-15,-0.002932067531187679,129.6674889621416
2024-02-16,-0.0014341716430066537,129.4815235264522
2024-02-19,0.0007109734438701265,129.57358145115137
2024-02-20,-0.00027021787166871573,129.53856835374717
2024-02-21,0.0013686730273958865,129.7158642982604
2024-02-22,0.0009694956023333247,129.84162325825045
2024-02-23,0.007853860829855371,130.86138129724324
2024-02-26,0.00218746728263657,131.14763628739158
2024-02-27,0.002640739901502857,131.49396308352348
2024-02-28,0.0016248516198164985,131.70762126243582
2024-02-29,-0.005704169424630678,130.9563386762398
2024-03-04,-0.0038332221008216543,130.45435394458335
2024-03-05,0.0011585001711303233,130.6054853359528
2024-03-06,0.002613351441400413,130.94680336931032
2024-03-07,-0.002631911568332481,130.60216296268646
2024-03-08,0.0002528844856368921,130.63519022349035
2024-03-11,-0.006098029444836695,129.83857298697566
2024-03-12,-0.0003872852951941114,129.7882884169088
2024-03-13,0.004868790401710429,130.4202003898075
2024-03-14,0.003512323918842084,130.8782783791368
2024-03-15,0.005554209882919502,131.60520380636967
2024-03-18,0.0047677684369132065,132.23266694321123
2024-03-19,-0.0025067998752163786,131.90118611021845
2024-03-20,-0.0038449095305659745,131.39403798265033
2024-03-21,0.003620675499282605,131.86977315672593
2024-03-22,0.0034118964907204814,132.31969917299145
2024-03-25,0.0006247192276008333,132.40236183325516
2024-03-26,-0.0020481470178838135,132.1311823307056
2024-03-27,0.010091555334175446,133.46459146856594
2024-03-28,0.003840328617993819,133.9771393586715
2024-03-29,0.004059384826565417,134.52100412529074
2024-04-01,0.009839717388675638,135.8446527887245
2024-04-02,0.011005615668485246,137.33970682793603
2024-04-03,0.004888171606051669,138.01104688323576
2024-04-04,-0.005129589649306958,137.3031068456535
2024-04-05,0.0025134753320664605,137.6482148177261
2024-04-08,0.02382523524249963,140.92771591646857
2024-04-09,0.010865457072410694,142.45895996407185
2024-04-15,0.0066622676609286256,143.40805968605002
2024-04-16,0.0020157884899341784,143.69714000212895
2024-04-17,-0.01168774917156195,142.01764387311323
2024-04-18,0.012495495028040484,143.79222463602375
2024-04-19,-0.002892349454855948,143.3763272734852
2024-04-22,-0.01671067721420022,140.98041174826045
2024-04-23,-9.37553352736528e-05,140.96719408248998
2024-04-24,0.0007662006667208254,141.07520324058177
2024-04-25,0.0037810955512066207,141.60862206394026
2024-04-26,0.006398011417629152,142.51463564474008
2024-04-29,0.00819330102369842,143.68230095486015
2024-04-30,-0.0022096993190671467,143.3648062722782
2024-05-03,0.0008448479568707078,143.48592773594453
2024-05-06,-0.009361733780250561,142.14265067926834
2024-05-07,0.001580764555487197,142.36734474328514
2024-05-08,0.002109343136187838,142.66764632473667
2024-05-09,0.0061730604429773095,143.54834232875658
2024-05-10,0.007759444791215446,144.66219776592706
2024-05-13,0.013373641791176585,146.5968581795729
2024-05-14,-0.0042696309059801615,145.9709437031698
2024-05-15,-0.004571853654866259,145.3035859106962
2024-05-16,-0.0011435731348206995,145.13742063345563
2024-05-17,-0.00030566679664907896,145.09305694301668
2024-05-20,0.0019348042874746815,145.37378361167285
2024-05-21,-0.008416977693803526,144.15017571774956
2024-05-22,-0.010375908967648685,142.65448661683163
2024-05-23,-0.001605324293714527,142.42547990385827
2024-05-24,0.0013186965153990182,142.61329588791153
2024-05-27,0.0015918894184534873,142.84032048456626
2024-05-28,0.00019407224586068654,142.86804182636217
2024-05-29,-0.0012423308926516902,142.69055244442862
2024-05-30,0.001790391468626603,142.94602439217877
2024-05-31,0.003454200549438427,143.43978862817426
2024-06-04,-0.008336879243725807,142.2439484316356
2024-06-05,-0.01131454307274388,140.6345231502687
2024-06-06,0.001677518027910532,140.87044009819988
2024-06-07,0.00032172601106789735,140.91576178297004
2024-06-10,-0.0025492898143787725,140.5565266667713
2024-06-11,0.0009871703570384373,140.69527990338503
2024-06-12,0.004528992076864659,141.33248771131974
2024-06-13,0.002983139570411023,141.754102247996
2024-06-14,0.0029982313800414476,142.17911384560554
2024-06-19,0.0019273199115822151,142.45313848273128
2024-06-20,-0.004248484394814494,141.84792854689505
2024-06-21,0.0029011026600855886,142.25944394973007
2024-06-24,-0.010942671801919426,140.7027455438646
2024-06-25,0.011886082548365299,142.37514999218064
2024-06-26,-0.0012245077054001661,142.2008105239577
2024-06-27,-0.003576029567986148,141.69229622093243
2024-06-28,-0.0017662714047589603,141.44202916984275
2024-07-01,-0.0020114956735421646,141.1575191401106
2024-07-02,0.002974232772995829,141.5773544596919
2024-07-03,0.0013452176711350472,141.76780681874362
2024-07-04,0.0003433713422998789,141.81648582086586
2024-07-05,0.0010657996635496795,141.96763378373953
2024-07-08,0.0010938756561839004,142.1229287223016
2024-07-09,-0.005202118818110442,141.38358836031034
2024-07-10,0.005222111362860086,142.12190920360865
2024-07-11,0.009518837691204823,143.47474458968193
2024-07-12,0.0030214992817076316,143.90825342740285
2024-07-15,0.0016678967367159759,144.14827753368093
2024-07-16,-0.003094574061720488,143.7022000129835
2024-07-17,0.007347333678389032,144.75802802679752
2024-07-18,0.004091535055809798,145.35031057307904
2024-07-19,0.004570400857232564,146.01461975712124
2024-07-22,0.004888997925575706,146.72848493021752
2024-07-23,0.007940168794666781,147.89353386754917
2024-07-24,0.0070262892168379,148.93267660980277
2024-07-25,0.00010367740840873095,148.94811756374102
2024-07-26,0.010288102303325119,150.4805110351245
2024-07-29,0.010608100969162029,152.0768234900762
2024-07-31,0.006099076181874028,153.0043516220396
2024-08-02,-0.0032332251371260242,152.50965410628555
2024-08-05,-0.02598154911192532,148.54721703808033
2024-08-06,0.011324077569007206,150.2293772464797
2024-08-07,0.002925785785135475,150.66891622293718
2024-08-08,-0.0005809053304247848,150.58139184637395
2024-08-09,-0.0031164078717816463,150.1121188114801
2024-08-12,0.0026817776504342375,150.51468613676803
2024-08-13,0.005220225642720354,151.30040676094518
2024-08-15,0.003422776301116149,151.8182742075558
2024-08-16,0.002691018960004649,152.2268200619235
2024-08-19,0.0017863432639896942,152.49874941653968
2024-08-22,0.005265801523216748,153.30177756350596
2024-08-23,0.0022570222505408563,153.64778308651427
2024-08-26,-0.00025781424776319715,153.60817049889732
2024-08-27,0.004023645657811394,154.22623534712955
2024-08-28,0.010920384707534075,155.9104451691149
2024-08-29,0.016284035402370237,158.44929637784807
2024-08-30,-0.0045763000604509135,157.72418485325574
2024-09-03,-0.003414099793363422,157.1856987463398
2024-09-04,0.008580170737954227,158.53437887914805
2024-09-05,0.01534903029321928,160.9677278630808
2024-09-06,0.0036845450207287403,161.56082070327676
2024-09-09,-3.3595730982936e-05,161.555392949407
2024-09-10,0.0010020197722917245,161.7172746474627
2024-09-11,0.0036349072941095286,162.30510194866227
2024-09-12,0.0018628366388391945,162.60744983924275
2024-09-13,-0.00030509789334515766,162.55783864885453
2024-09-18,0.006523117803114303,163.61822258018063
2024-09-19,-0.0015780592676763194,163.36002332767728
2024-09-20,-0.00014309193980284804,163.33664782505306
2024-09-23,0.0028494678853796126,163.8020703575361
2024-09-24,-0.00457532840832528,163.05262209168677
2024-09-25,0.007416808978316034,164.26195224315435
2024-09-26,0.0040873545316565205,164.93334907803415
2024-09-27,0.0019401279066806046,165.25334087132273
2024-09-30,-0.007190327582192581,164.06511521640618
2024-10-02,-0.009135974136413979,162.56622056710134
2024-10-03,0.005948127824562287,163.53318522699044
2024-10-04,-0.0013382009183103708,163.31434496834544
2024-10-07,-0.0017795008844234904,163.02372694703524
2024-10-08,-0.008618113390869665,161.6187699828035
2024-10-09,0.00659022477043544,162.68387400411152
2024-10-10,-0.0010410657514067292,162.51450939457965
2024-10-11,-0.0013679475492791384,162.29219806973103
2024-10-14,-0.005621466638973242,161.3798778925164
2024-10-15,-0.011843886484787684,159.46851293782854
2024-10-16,-0.001855269660360648,159.17265584399215
2024-10-17,0.012917298938619605,161.22873662238302
2024-10-18,0.0009901559317985987,161.38837821232607
2024-10-21,0.00348193669981615,161.95032232934742
2024-10-22,0.0015973663737363873,162.20901632845207
2024-10-23,0.003557446649065803,162.78606625003798
2024-10-24,0.0004429679476389835,162.858175259709
2024-10-25,0.00358575834158018,163.442145320141
2024-10-28,0.01158588582889502,165.33576735544983
2024-10-29,0.002041535487051281,165.67330619178483
2024-10-30,-0.01072994897460557,163.89564006989278
2024-10-31,0.0012797986582833332,164.10539349015272
2024-11-04,0.002942558841570231,164.5882832667165
2024-11-05,0.011990164638397674,166.56172388063567
2024-11-07,0.01332974444836273,168.7819490948433
2024-11-08,0.016611247400416862,171.5856278079823
2024-11-11,-0.009717424026439185,169.91825750572934
2024-11-12,0.0008240722416086761,170.05828242508235
2024-11-13,-0.006917251472598126,168.88194652054992
2024-11-14,-0.005274443835615546,167.99118817877786
2024-11-15,0.01190062821314257,169.99038885237755
2024-11-19,-0.006338527224837966,168.91290014467597
2024-11-20,-0.006588202857281051,167.8000676933112
2024-11-21,-0.004825160120828614,166.9904054984051
2024-11-22,-0.003213662183865294,166.45375474718654
2024-11-25,-0.005084763300436782,165.60737680382815
2024-11-26,0.011164355510535524,167.4562764336333
2024-11-27,-0.0003723782927419658,167.393919351306
2024-11-28,-0.002986801571491786,166.89394692992937
2024-11-29,0.002348474985812851,167.2858931895779
2024-12-03,0.0009748754806502241,167.4489761051071
2024-12-04,0.004524351134192805,168.20657407006766
2024-12-05,0.0022103700225916986,168.57837283899497
2024-12-06,0.001951024441507424,168.90727336471343
2024-12-09,0.0045398106261088835,169.67408039916165
2024-12-10,-0.0018391635445555367,169.36202201603555
2024-12-11,-0.0013808446353661525,169.12815937649995
2024-12-12,1.725743774074238e-05,169.1310780951806
2024-12-13,0.0006676718796122806,169.24400215999327
2024-12-16,0.00011936815940055122,169.2642045050207
2024-12-17,0.0013633020614896602,169.49496274395878
2024-12-18,0.005775858304716915,170.47394163213116
2024-12-19,-0.0065791552092929785,169.3523671109934
2024-12-20,0.0012290681163377682,169.56051270583586
2024-12-23,0.0004938734525895265,169.64425414166874
2024-12-24,-0.006471090560568458,168.5464708100379
2024-12-25,0.0008236676104427845,168.68529707889857
2024-12-26,0.0033634570212797174,169.25266282574526
2024-12-27,-0.002667853139411532,168.8011215778718
2024-12-30,0.008405949582327047,170.22005529529565
2024-12-31,0.0029173672463181674,170.7166497092806
2025-01-03,0.006463307601498566,171.82004392904898
2025-01-06,0.013155925152667438,174.08049556670758
2025-01-07,-0.0038386535613623126,173.41226085243673
2025-01-08,0.011146554899216074,175.34521013822558
2025-01-09,0.003134962105816546,175.89491072744534
2025-01-10,0.0004939265313015199,175.98178989057453
2025-01-13,-0.0005265590092440455,175.88912509364476
2025-01-15,0.005501815594027211,176.8568346249048
2025-01-16,0.004297626699611992,177.61689927939764
2025-01-17,0.00192875610099072,177.9594789575218
2025-01-20,-0.000775719018231903,177.82143240521984
2025-01-21,-0.016337562579674454,174.9162636252922
2025-01-22,0.0030993904222537355,175.45839741746886
2025-01-23,0.006450728340969904,176.59023187435085
2025-01-24,0.004179024530935188,177.3282067852773
2025-01-27,-0.0031519954733397236,176.76926908019465
2025-01-28,-0.0015734340486274593,176.49113429347287
2025-01-29,0.009194921867169244,178.11395648354943
2025-01-30,0.01084402688672207,180.04542901655748
2025-01-31,-0.00394694832656642,179.33479901179464
2025-02-04,0.0014496964799075953,179.59478003864695
2025-02-05,-8.633582384133388e-05,179.57927457535473
2025-02-06,0.005383096603062476,180.54596715830175
2025-02-07,0.003926978181164721,181.2549672320297
2025-02-10,0.0024456586610293136,181.69825501249534
2025-02-11,-0.006835410803139394,180.4562727972713
2025-02-12,0.0002365664623438373,180.49896269933473
2025-02-13,0.004439780898896579,181.30033854619788
2025-02-14,0.002940727381075528,181.83349341595894
2025-02-17,0.008239409708859953,183.33169406700634
2025-02-18,-0.00036220104946796215,183.26529113501454
2025-02-19,0.011992059304484508,185.46301937475923
2025-02-20,0.0084399910818338,187.02832560429215
2025-02-21,-0.0024116974294173922,186.57726987220406
2025-02-24,0.006709535191891382,187.82911663041858
2025-02-25,0.00016154192139852824,187.85945890681367
2025-02-26,0.0035602143707579694,188.52827885209652
2025-02-27,-0.012427498183545176,186.18534400911523
2025-02-28,-0.0086257033138555,184.57936447030448
2025-03-04,-0.00595542127522742,183.48011659617006
2025-03-05,0.003175905964914449,184.06283219291103
2025-03-06,0.0021047086465665506,184.45023082733897
2025-03-07,0.009632210130761593,186.22689420933537
2025-03-10,-0.0007096393192480737,186.094740282903
2025-03-11,-0.010000106862077885,184.23377299360334
2025-03-12,-0.002004142984951049,183.86454216986715
2025-03-13,0.01174269673996299,186.02360772980003
2025-03-14,0.007903674997354473,187.49387786713172
2025-03-17,0.007993530159864204,188.99261583465253
2025-03-18,0.01659172420893431,192.12832919410616
2025-03-19,0.013952576515141826,194.80901440791328
2025-03-20,-0.001663257751262148,194.48499680468356
2025-03-21,0.01603413988398354,197.603396448786
2025-03-24,0.004374697981094484,198.46785162828792
2025-03-25,-0.00889209213741656,196.70305720529404
2025-03-26,-0.004420198545285227,195.83359063798204
2025-03-27,-0.005344703389264688,194.78691818236734
2025-03-28,0.006159789734807096,195.98676464146178
2025-04-02,0.003555416897712452,196.68357929619603
2025-04-03,-0.021278360560333297,192.49847517963468
2025-04-04,-0.0016466410790060971,192.18149928275784
2025-04-07,-0.05569757535458753,181.47745574469886
2025-04-08,0.01639949637989431,184.45359462321647
2025-04-09,-0.024298839832048846,179.97158627102127
2025-04-10,0.03269631720478134,185.85599434358625
2025-04-11,-0.01646324719060655,182.7962011668518
2025-04-14,0.029424127639502962,188.1748199220015
2025-04-15,0.025605709875212886,192.9931697667447
2025-04-16,0.000863823556502673,193.1598818130333
2025-04-17,0.0056995353005309364,194.26080337807306
2025-04-18,0.011658411295377993,196.5255757224252
2025-04-21,0.004297310899994729,197.3701072211049
2025-04-22,-0.0004418888566219607,197.2828915700936
2025-04-23,0.007079053080476937,198.67946763138826
2025-04-24,0.00876470920015087,200.42083538921815
2025-04-25,0.003364645459735954,201.09518044304698
2025-04-28,0.002138768630866081,201.52527650679693
2025-04-29,-0.0016920950477620658,201.1842765844209
2025-04-30,-0.005139519415553193,200.1502860888112
2025-05-05,-0.00780872436037741,198.58736767409303
2025-05-06,0.0001538077078768762,198.61791194192827
2025-05-07,0.007470584473054479,200.10170383095215
2025-05-08,-0.008384471549294547,198.42395678821617
2025-05-09,0.007368676907320761,199.88607881646067
2025-05-12,0.0016457877842072446,200.2150488832099
2025-05-13,0.006502201216073905,201.5168874175346
2025-05-14,0.0014850950798612442,201.81615915554733
2025-05-15,0.0008686080551704651,201.9914582970534
2025-05-16,-0.014994249816467317,198.96274791055484
2025-05-19,0.004345713979618539,199.82738310557306
2025-05-20,-0.00518236084938411,198.7918054987319
2025-05-21,0.0011472273428492906,199.0198648935344
2025-05-22,0.001970512629619419,199.41203605085224
2025-05-23,0.0019091693481520743,199.79274739773314
2025-05-26,-0.0038960740808861665,199.0143400530478
2025-05-27,0.0035373439736394747,199.71832222950226
2025-05-28,-0.001731001743348002,199.37260946554446
2025-05-29,-0.004569500506065028,198.46157622569615
2025-05-30,0.006904199561918496,199.83179455333126
2025-06-03,-0.0016929569052815108,199.4934879368474
2025-06-04,0.013363197194527191,202.1593587551715
2025-06-05,0.012389413723167944,204.66399468879962
2025-06-06,-0.0030744108711721115,204.03477347859086
2025-06-10,0.006861393255476025,205.43473629721944
2025-06-11,-0.004380903337880343,204.5347465752584
2025-06-12,-0.0044062658638442725,203.63351210345382
2025-06-13,-0.014599599473791273,200.66054438730197
2025-06-16,-0.002338673267562592,200.19126493628883
2025-06-17,0.0010684937837095745,200.4051680584262
2025-06-18,-0.01648702039813482,197.1010839647553
2025-06-19,-0.01124606540624851,194.88447228284517
2025-06-20,0.013005257247792876,197.4189949784839
2025-06-23,-0.009421802928080964,195.55895211353683
2025-06-24,0.02014076193763759,199.49765841282948
2025-06-25,0.010281320899520711,201.54875785767473
2025-06-26,0.0267080136031815,206.9317248242418
2025-06-30,0.00957896260230334,208.9139160775633
2025-07-02,0.023102646361977973,213.74038040079915
2025-07-03,-0.01963089300574634,209.54446586214357
2025-07-04,-0.014928615683704195,206.41625706264057
2025-07-07,-0.015156900458694396,203.28762640128585
2025-07-08,0.004130152617304392,204.1272353235327
2025-07-09,-0.006962802139258139,202.70593777274115
2025-07-10,0.009717575743558788,204.67574807671687
2025-07-11,0.002938236711375305,205.27713387364406
2025-07-14,-0.006547152533052567,203.93315316662543
2025-07-15,-0.01393551223838433,201.09124021485965
2025-07-16,-0.0026052203610524615,200.5673532214226
2025-07-17,-0.002822600629676541,200.00123168392724
2025-07-18,0.012509475183514467,202.50314212834962
2025-07-21,-0.0032563824070709255,201.84371445894632
2025-07-22,0.004622492295216635,202.77673547387073
2025-07-23,-0.0113588268742219,200.47342964150312
2025-07-24,0.006255139010101222,201.72741881174247
2025-07-25,0.004209670507622045,202.57662477729298
2025-07-28,-0.006595469333164935,201.24053686095826
2025-07-29,0.004740620152073265,202.19454180541535
2025-07-31,0.00040983333403788466,202.27740786860772
2025-08-01,0.005378075777649221,203.36527109623154
2025-08-04,0.012454909830642376,205.89816721041925
2025-08-05,0.007575726558221348,207.4579954240443
2025-08-06,0.01934947215758248,211.47219813036972
2025-08-07,0.009908408786190401,213.56755111635968
2025-08-08,0.0017860480893825393,213.94899303298516
2025-08-11,0.0020241234778894703,214.38205221285403
2025-08-12,-0.00622288137477122,213.04797813305342
2025-08-13,-0.0004074510553441946,212.96117150952415
2025-08-15,0.00792872697462558,214.64968249461958
2025-08-18,-0.00945091353349996,212.62104690536972
2025-08-19,-0.0011772877082051765,212.37073076034233
2025-08-22,0.006547005043160455,213.76112300564992
2025-08-25,0.0034272637262922237,214.49373874861868
2025-08-26,-0.0005396763759945715,214.3779815450173
2025-08-27,0.0032618576743459306,215.0772520093307
2025-08-28,0.004052473214181313,215.94884681207822
2025-08-29,-0.01677626378003848,212.32603199496367
2025-09-01,-0.0038234409127609835,211.5142159573899
2025-09-02,0.011230265891728238,213.88957684247183
2025-09-03,0.0041870134764577585,214.78513538318506
2025-09-04,-0.0035311155122501946,214.02670425983277
2025-09-08,-0.0033177725604364877,213.31661233323885
2025-09-09,-0.026222289011313214,207.72296247372242
2025-09-10,0.019974171351328247,211.87205651977808
2025-09-11,0.0031078373903954547,212.5305204190102
2025-09-12,-0.005387634691693905,211.385483614157
2025-09-15,-0.0014947591848801147,211.06951322097441
2025-09-16,-0.002307045983349454,210.58256614829048
2025-09-17,-0.00270015173442277,210.013961267066
2025-09-18,0.008069195965564447,211.70860507603444
2025-09-19,0.0075104742834672476,213.29863711004674
2025-09-22,-5.63198044196783e-05,213.2866241725217
2025-09-23,-0.006228064991554219,211.95826121534603
2025-09-24,-0.0067422089934713455,210.5291943203394
2025-09-25,0.0006932302606243419,210.67513952858712
2025-09-26,-0.006814753856017228,209.2394403091177
2025-09-29,-0.020374438270064934,204.97630424887663
2025-09-30,0.010907882754760697,207.21216174312752
2025-10-01,-0.036657390166110006,199.61630468294658
2025-10-02,0.002894801165452391,200.1941541943861
2025-10-03,0.02424479219387182,205.0478198612569
2025-10-06,0.012066517862507007,207.5220330422809
2025-10-07,-0.00288583729310101,206.92315822018736
2025-10-08,-0.0017420082435378372,206.5626963727889
2025-10-09,-0.018305744666845043,202.78141239529356
2025-10-10,0.0023268129333817345,203.25324680830437
2025-10-13,-0.002478885472969763,202.7494052874573
2025-10-14,-0.01965285071065802,198.76480149366822
2025-10-15,-0.004187146755596973,197.93254409996715
2025-10-16,0.011115659133879892,200.13269479168403
2025-10-17,0.006774377863172789,201.4884692889779
2025-10-20,0.01671394566131834,204.85613661605612
2025-10-21,0.016383963075995676,208.21249199426472
2025-10-22,0.008155532723333803,209.9105757861308
2025-10-23,-0.002056078423490638,209.47898318039444
2025-10-24,-0.0006894483692356682,209.33455823705157
2025-10-27,0.003475681783789585,210.0621385478337
2025-10-28,0.006148630037904379,211.35373292273533
2025-10-29,0.006062195676217504,212.63500060861196
2025-10-30,0.005639650221774644,213.83418763695136
2025-10-31,0.00896921549373449,215.7521125457948
2025-11-03,0.006847202147875059,217.22941087422697
2025-11-04,-3.8169773370591044e-05,217.22111927684452
2025-11-05,-0.012057102272890061,214.60206202589194
2025-11-07,-0.00936632933634314,212.59202843669905
2025-11-10,-0.0009219940354356815,212.3960198544993
2025-11-11,-0.01827388080447491,208.51472030433328
2025-11-12,0.0031444209166398584,209.17037835228552
2025-11-13,0.004145158209477154,210.03742266329195
2025-11-14,-0.009818376042329146,207.97519626462213
2025-11-17,-0.005953360267295783,206.73704499459728
2025-11-19,-0.02398523762901887,201.7784078436807
2025-11-20,0.0007583042833353712,201.9314172746332
2025-11-21,0.0034520414086818356,202.62849288877902
2025-11-24,0.0019090505330149935,203.01532092113237
2025-11-25,0.012835852143815536,205.62119556340525
2025-11-26,0.004941869117774231,206.6373485997199
2025-11-27,0.0033052892102957204,207.32034479849068
2025-11-28,-0.0035952751738124213,206.57497110981043
2025-12-01,-0.007390686289901143,205.0482403029924
2025-12-02,-0.0048643250235556055,204.0508190166505
2025-12-03,0.004624172656042696,204.99438523439045
2025-12-04,-0.0001395172915712211,204.96578497297526
2025-12-05,-0.001327726552498142,204.69364645791305
2025-12-08,0.0019174375230126706,205.08613373635373
2025-12-09,0.0059307616007609485,206.3024507031658
2025-12-10,-0.0010869323564339035,206.07821389428494
2025-12-11,0.002019965744187323,206.4944848269747
2025-12-12,0.005374784832917423,207.60434825210385
2025-12-15,-0.005113263569679145,206.54281250127943
2025-12-16,-0.0026103429605308414,206.00366492461845
2025-12-17,0.013385624282755268,208.76115258417
2025-12-18,-0.0016658226481883972,208.41339352813338
2025-12-19,-0.00631796953684156,207.09664405675287
2025-12-22,0.0019087123662049137,207.4919319822635
2025-12-23,-0.0020009264217371067,207.0767558932629
2025-12-24,-0.00014959369930893124,207.04577851530797
2025-12-25,-0.00424053310565629,206.1677940371274
2025-12-26,-0.016994009799498753,202.66417652491944
2025-12-29,-0.00236269991642548,202.18534189198158
2025-12-30,0.004416249960641206,203.0782429001543
2025-12-31,0.0051804766382097835,204.13028499322726
2026-01-02,0.015184459177437245,207.22989297258553
2026-01-05,0.01573195305622935,210.4900239206777
2026-01-06,0.009748065777699605,212.54189451940601
2026-01-07,-0.008168259224563441,210.8057972288917
2026-01-08,0.00354540854194268,211.55318990307802
2026-01-09,0.0005154418465718797,211.66223326992983
2026-01-12,0.0037347442596639604,212.45273758062234
2026-01-13,-0.005415144080025492,211.3022753964274
2026-01-15,-0.004403622925086562,210.37177985236877
2026-01-16,-0.0029236180824403443,209.75673311275722
2026-01-19,-0.0017642312765567432,209.38667372373132
2026-01-20,-0.008527380309187763,207.60115392521325
2026-01-21,-0.013312803527368758,204.83740055095186
2026-01-22,0.006743167594194908,206.21865347242613
2026-01-23,-0.007666977573868149,204.63757968093975
2026-01-26,-0.015053349424365661,201.55709868864608
2026-01-27,0.008663284957622933,203.30324526981752
2026-01-28,0.022181911640457786,207.81289989261094
2026-01-29,-0.005187192982286632,206.73493427665935
2026-01-30,-0.013657949388809144,203.91135900740994
2026-02-02,-0.003964493939671496,203.10295366039492
2026-02-03,0.0006177782052245809,203.228426238583
2026-02-04,-0.0010225841258160579,203.02060807599688
2026-02-05,-0.020784998788996936,198.80082498299586
2026-02-06,0.010629606814929877,200.91399958704875
2026-02-13,-0.0029739563038184884,200.3164901314515
2026-03-25,0.006184030878647297,201.55525349192666
2026-03-26,-0.018726881775132428,197.7807520886265
2026-03-27,-0.005351370032690464,196.72235409885644
2026-03-30,0.0017718203423418004,197.07091076764218
2026-03-31,-0.010500560573396486,195.00155573187214
2026-04-01,0.019492823604060367,198.80268666027087
2026-04-02,-0.0009030817721072742,198.62315157770203
2026-04-03,0.009737738126095703,200.5572918135455
2026-04-06,0.00025900097576381557,200.6092363478218
2026-04-07,-0.005326299215098359,199.54073152972092
2026-04-08,0.02463619952771127,204.4566568055926
2026-04-09,-0.0028268932229524786,203.87867966808133
2026-04-10,0.006550355926198907,205.2141575856708
2026-04-13,-0.0024235531982641414,204.71681015772495
2026-04-14,0.013034830233083385,207.38525902398925
2026-04-15,0.0007376213139108722,207.5382308112363
2026-04-16,0.0015510351210658627,207.8601298961884
2026-04-17,0.031531746034419106,214.4143227227564
2026-04-20,-0.011667915423385076,211.91255453966485
2026-04-21,0.002582743779778333,212.4598703717591
2026-04-22,-0.001900041269980938,212.05618784983798
2026-04-23,-0.0005214472803939565,211.94561172739296
2026-04-24,-0.01566873148391342,208.62469284804268
2026-04-27,0.004331656337592577,209.52838332099623
2026-04-28,-0.004282702646523898,208.63103555922552
2026-04-29,-0.0035676167608748094,207.88671997992577
2026-04-30,-0.005599351194685006,206.722689226047
2026-05-04,0.002783117280034887,207.29802271460733
2026-05-05,-0.008667352457145594,205.50129768807048
2026-05-06,0.007913136510255419,207.1274575097108
2026-05-07,0.005870524016430077,208.34340422348365
2026-05-08,0.0038764701715361225,209.1510412153923
2026-05-11,-0.005857345550010047,207.92597129484935
2026-05-12,-0.0008893650883139388,207.74104919502597
2026-05-13,0.00158998702239427,208.0713547672646
2026-05-14,-0.0029849614998894896,207.45026978405448
2026-05-15,-0.00368721523153321,206.685355989521
2026-05-18,-0.0009440163270902743,206.49024163889646
