year,month,month_label,as_of_date,masi_mom_3m,return_dispersion,breadth_ma50,is_bull,is_sideways,is_bear,is_rebalancing_date,regime,date_index,valeur_index,masi_ret_1m,masi_ret_3m_prev,masi_ret_3m_fwd
2015,1,2015-01,2015-01-30,-0.00367436,0.02111890,0.54716981,0,1,0,True,sideways,2015-01-30,10222.60000000,0.06262929,-0.04570074,-0.02789897
2015,2,2015-02,2015-02-27,0.04860812,0.02752937,0.64150943,0,1,0,True,sideways,2015-02-27,10460.60000000,0.02328175,-0.01250954,-0.07162113
2015,3,2015-03,2015-03-31,0.06570782,0.02449930,0.44444444,0,1,0,True,sideways,2015-03-31,10269.80000000,-0.01823987,0.04860812,-0.06733335
2015,4,2015-04,2015-04-30,-0.02693758,0.01114313,0.30188679,0,0,1,True,bear,2015-04-30,9937.40000000,-0.03236675,0.06753568,-0.01986435
2015,5,2015-05,2015-05-29,-0.07240147,0.02360588,0.36538462,0,0,1,True,bear,2015-05-29,9711.40000000,-0.02274237,-0.02789897,-0.03765677
2015,6,2015-06,2015-06-30,-0.05930014,0.02221457,0.38888889,0,0,1,True,bear,2015-06-30,9578.30000000,-0.01370554,-0.07162113,-0.04844283
2015,7,2015-07,2015-07-31,-0.01986435,0.01531129,0.51851852,0,0,1,True,bear,2015-07-31,9740.00000000,0.01688191,-0.06733335,-0.06757700
2015,8,2015-08,2015-08-31,-0.02528134,0.01481691,0.44444444,0,0,1,True,bear,2015-08-31,9345.70000000,-0.04048255,-0.01986435,-0.02701777
2015,9,2015-09,2015-09-30,-0.04886983,0.02175765,0.33333333,0,0,1,True,bear,2015-09-30,9114.30000000,-0.02476005,-0.03765677,-0.02069276
2015,10,2015-10,2015-10-30,-0.06296881,0.02254087,0.55555556,0,0,1,True,bear,2015-10-30,9081.80000000,-0.00356583,-0.04844283,-0.02012817
2015,11,2015-11,2015-11-30,-0.01723821,0.01757632,0.50000000,0,0,1,True,bear,2015-11-30,9093.20000000,0.00125526,-0.06757700,-0.02032288
2015,12,2015-12,2015-12-31,-0.02513161,0.03318748,0.38181818,0,0,1,True,bear,2015-12-31,8925.70000000,-0.01842036,-0.02701777,0.04507210
2016,1,2016-01,2016-01-29,-0.01327242,0.02296585,0.34545455,0,0,1,True,bear,2016-01-29,8899.00000000,-0.00299136,-0.02069276,0.12099112
2016,2,2016-02,2016-02-29,-0.02201144,0.02475691,0.32727273,0,0,1,True,bear,2016-02-29,8908.40000000,0.00105630,-0.02012817,0.09535944
2016,3,2016-03,2016-03-31,0.04507210,0.02525251,0.74545455,0,1,0,True,sideways,2016-03-31,9328.00000000,0.04710161,-0.02032288,0.01908233
2016,4,2016-04,2016-04-29,0.11606234,0.02186743,0.66666667,0,1,0,True,sideways,2016-04-29,9975.70000000,0.06943611,0.04507210,-0.00937278
2016,5,2016-05,2016-05-31,0.07131957,0.01875659,0.65454545,0,1,0,True,sideways,2016-05-31,9757.90000000,-0.02183305,0.12099112,0.01054530
2016,6,2016-06,2016-06-30,0.00716223,0.02132690,0.33333333,0,0,1,True,bear,2016-06-30,9506.00000000,-0.02581498,0.09535944,0.05608037
2016,7,2016-07,2016-07-29,0.01487050,0.01798731,0.38181818,0,0,1,True,bear,2016-07-29,9882.20000000,0.03957501,0.01908233,0.06905345
2016,8,2016-08,2016-08-31,0.01054530,0.01562941,0.40000000,0,0,1,True,bear,2016-08-31,9860.80000000,-0.00216551,-0.00937278,0.08231584
2016,9,2016-09,2016-09-30,0.05175430,0.02965464,0.45454545,0,1,0,True,sideways,2016-09-30,10039.10000000,0.01808170,0.01054530,0.15988485
2016,10,2016-10,2016-10-31,0.06905345,0.01836379,0.60000000,0,1,0,True,sideways,2016-10-31,10564.60000000,0.05234533,0.05608037,0.15753554
2016,11,2016-11,2016-11-30,0.07513071,0.02183299,0.74545455,0,1,0,True,sideways,2016-11-30,10672.50000000,0.01021335,0.06905345,0.11749824
2016,12,2016-12,2016-12-31,,0.00000000,0.85454545,0,1,0,False,sideways,2016-12-30,11644.20000000,0.09104708,0.08231584,-0.02271517
2017,1,2017-01,2017-01-31,0.16662374,0.02742901,0.85714286,1,0,0,True,bull,2017-01-31,12228.90000000,0.05021384,0.15988485,-0.04832814
2017,2,2017-02,2017-02-28,0.11191393,0.02240349,0.54545455,0,1,0,True,sideways,2017-02-28,11926.50000000,-0.02472831,0.15753554,-0.02922064
2017,3,2017-03,2017-03-31,-0.01599696,0.03249883,0.45454545,0,0,1,True,bear,2017-03-31,11379.70000000,-0.04584748,0.11749824,0.05589778
2017,4,2017-04,2017-04-28,-0.04832814,0.02057454,0.60000000,0,0,1,True,bear,2017-04-28,11637.90000000,0.02268953,-0.02271517,0.04841080
2017,5,2017-05,2017-05-31,-0.03252223,0.00760652,0.67272727,0,1,0,True,sideways,2017-05-31,11578.00000000,-0.00514698,-0.04832814,0.07074624
2017,6,2017-06,2017-06-30,0.05049746,0.02424993,0.63636364,0,1,0,True,sideways,2017-06-30,12015.80000000,0.03781309,-0.02922064,0.01037800
2017,7,2017-07,2017-07-31,0.04841080,0.02254929,0.67272727,0,1,0,True,sideways,2017-07-31,12201.30000000,0.01543801,0.05589778,0.01407227
2017,8,2017-08,2017-08-31,0.07463528,0.01525615,0.61818182,0,1,0,True,sideways,2017-08-31,12397.10000000,0.01604747,0.04841080,0.01381775
2017,9,2017-09,2017-09-30,,0.00000000,0.45454545,0,1,0,False,sideways,2017-09-29,12140.50000000,-0.02069839,0.07074624,0.02045221
2017,10,2017-10,2017-10-31,0.00397598,0.01346728,0.45454545,0,0,1,True,bear,2017-10-31,12373.00000000,0.01915078,0.01037800,0.05677685
2017,11,2017-11,2017-11-30,0.01562008,0.01811795,0.54545455,0,1,0,True,sideways,2017-11-30,12568.40000000,0.01579245,0.01407227,0.04569396
2017,12,2017-12,2017-12-31,,0.00000000,0.49090909,0,1,0,False,sideways,2017-12-29,12388.80000000,-0.01428981,0.01381775,0.05437169
2018,1,2018-01,2018-01-31,0.06009259,0.02126677,0.75925926,0,1,0,True,sideways,2018-01-31,13075.50000000,0.05542910,0.02045221,-0.00363275
2018,2,2018-02,2018-02-28,0.04287279,0.02265008,0.79245283,0,1,0,True,sideways,2018-02-28,13142.70000000,0.00513938,0.05677685,-0.06142573
2018,3,2018-03,2018-03-31,,0.00000000,0.44444444,0,1,0,False,sideways,2018-03-30,13062.40000000,-0.00610986,0.04569396,-0.09061888
2018,4,2018-04,2018-04-30,-0.00363275,0.01574800,0.53703704,0,0,1,True,bear,2018-04-30,13028.00000000,-0.00263351,0.05437169,-0.09839576
2018,5,2018-05,2018-05-31,-0.06316501,0.01735391,0.36363636,0,0,1,True,bear,2018-05-31,12335.40000000,-0.05316242,-0.00363275,-0.06395415
2018,6,2018-06,2018-06-30,,0.00000000,0.18181818,0,1,0,False,sideways,2018-06-29,11878.70000000,-0.03702353,-0.06142573,-0.04572049
2018,7,2018-07,2018-07-31,-0.09839576,0.01978007,0.25454545,0,0,1,True,bear,2018-07-31,11746.10000000,-0.01116284,-0.09061888,-0.07035527
2018,8,2018-08,2018-08-31,-0.07642038,0.02342059,0.28571429,0,0,1,True,bear,2018-08-31,11546.50000000,-0.01699287,-0.09839576,-0.02747153
2018,9,2018-09,2018-09-30,,0.00000000,0.25454545,0,1,0,False,sideways,2018-09-28,11335.60000000,-0.01826528,-0.06395415,0.00253185
2018,10,2018-10,2018-10-31,-0.05894672,0.01601030,0.30909091,0,0,1,True,bear,2018-10-31,10919.70000000,-0.03668972,-0.04572049,0.03946995
2018,11,2018-11,2018-11-30,-0.03525035,0.02818020,0.36363636,0,0,1,True,bear,2018-11-30,11229.30000000,0.02835243,-0.07035527,-0.00825519
2018,12,2018-12,2018-12-31,0.00253185,0.03119821,0.62500000,0,0,1,True,bear,2018-12-31,11364.30000000,0.01202212,-0.02747153,-0.03978248
2019,1,2019-01,2019-01-31,0.02925255,0.01703436,0.55357143,0,1,0,True,sideways,2019-01-31,11350.70000000,-0.00119673,0.00253185,-0.01397271
2019,2,2019-02,2019-02-28,-0.00588262,0.01596773,0.37500000,0,0,1,True,bear,2019-02-28,11136.60000000,-0.01886227,0.03946995,-0.01227484
2019,3,2019-03,2019-03-31,,0.00000000,0.39285714,0,1,0,False,sideways,2019-03-29,10912.20000000,-0.02014978,-0.00825519,0.03434688
2019,4,2019-04,2019-04-30,-0.01397271,0.01872456,0.39285714,0,0,1,True,bear,2019-04-30,11192.10000000,0.02565019,-0.03978248,0.03791960
2019,5,2019-05,2019-05-31,-0.01725185,0.01983074,0.32142857,0,0,1,True,bear,2019-05-31,10999.90000000,-0.01717283,-0.01397271,0.06463695
2019,6,2019-06,2019-06-30,,0.00000000,0.42105263,0,1,0,False,sideways,2019-06-28,11287.00000000,0.02610024,-0.01227484,0.02433773
2019,7,2019-07,2019-07-31,0.04291422,0.01462985,0.59649123,0,1,0,True,sideways,2019-07-31,11616.50000000,0.02919288,0.03434688,-0.01138036
2019,8,2019-08,2019-08-30,0.03403853,0.02429247,0.59649123,0,1,0,True,sideways,2019-08-30,11710.90000000,0.00812637,0.03791960,0.00951251
2019,9,2019-09,2019-09-30,0.02281534,0.02995975,0.40350877,0,0,1,True,bear,2019-09-30,11561.70000000,-0.01274027,0.06463695,0.05277771
2019,10,2019-10,2019-10-31,-0.00689208,0.01042702,0.42105263,0,0,1,True,bear,2019-10-31,11484.30000000,-0.00669452,0.02433773,0.09122019
2019,11,2019-11,2019-11-29,0.00364195,0.01847226,0.61403509,0,1,0,True,sideways,2019-11-29,11822.30000000,0.02943148,-0.01138036,0.03709938
2019,12,2019-12,2019-12-31,0.05277771,0.03321164,0.59649123,0,1,0,True,sideways,2019-12-31,12171.90000000,0.02957123,0.00951251,-0.20267994
2020,1,2020-01,2020-01-31,0.08649928,0.01556718,0.65517241,0,1,0,True,sideways,2020-01-31,12531.90000000,0.02957632,0.05277771,-0.24985836
2020,2,2020-02,2020-02-28,0.04329439,0.02237966,0.46551724,0,1,0,True,sideways,2020-02-28,12260.90000000,-0.02162481,0.09122019,-0.19640483
2020,3,2020-03,2020-03-31,-0.19867725,0.01739042,0.13559322,0,0,1,True,bear,2020-03-31,9704.90000000,-0.20846757,0.03709938,0.04784181
2020,4,2020-04,2020-04-30,-0.23498153,0.01424702,0.15254237,0,0,1,True,bear,2020-04-30,9400.70000000,-0.03134499,-0.20267994,0.08803600
2020,5,2020-05,2020-05-29,-0.19640483,0.01913857,0.67796610,0,0,1,True,bear,2020-05-29,9852.80000000,0.04809216,-0.24985836,0.02862131
2020,6,2020-06,2020-06-30,0.04784181,0.01644006,0.62711864,0,1,0,True,sideways,2020-06-30,10169.20000000,0.03211270,-0.19640483,-0.01783818
2020,7,2020-07,2020-07-29,0.09976990,0.01662307,0.28813559,0,0,1,True,bear,2020-07-29,10228.30000000,0.00581167,0.04784181,0.02272127
2020,8,2020-08,2020-08-31,0.02007992,0.01187758,0.28813559,0,0,1,True,bear,2020-08-31,10134.80000000,-0.00914130,0.08803600,0.08447133
2020,9,2020-09,2020-09-30,-0.01247775,0.01215661,0.33898305,0,0,1,True,bear,2020-09-30,9987.80000000,-0.01450448,0.02862131,0.13011874
2020,10,2020-10,2020-10-28,0.02331155,0.01370309,0.50847458,0,1,0,True,sideways,2020-10-28,10460.70000000,0.04734776,-0.01783818,0.11178028
2020,11,2020-11,2020-11-30,0.08290064,0.01561384,0.66101695,0,1,0,True,sideways,2020-11-30,10990.90000000,0.05068494,0.02272127,0.03341856
2020,12,2020-12,2020-12-31,0.13019796,0.01519267,0.63333333,0,1,0,True,sideways,2020-12-31,11287.40000000,0.02697686,0.08447133,0.01738221
2021,1,2021-01,2021-01-29,0.11349405,0.01472557,0.70000000,0,1,0,True,sideways,2021-01-29,11630.00000000,0.03035243,0.13011874,0.01558040
2021,2,2021-02,2021-02-26,0.04308936,0.01617943,0.46666667,0,1,0,True,sideways,2021-02-26,11358.20000000,-0.02337059,0.11178028,0.06658625
2021,3,2021-03,2021-03-31,0.02430627,0.01202530,0.51666667,0,1,0,True,sideways,2021-03-31,11483.60000000,0.01104048,0.03341856,0.08060190
2021,4,2021-04,2021-04-30,0.00870248,0.01233017,0.65000000,0,1,0,True,sideways,2021-04-30,11811.20000000,0.02852764,0.01738221,0.04173158
2021,5,2021-05,2021-05-31,0.06716878,0.01574269,0.66666667,0,1,0,True,sideways,2021-05-31,12114.50000000,0.02567902,0.01558040,0.04785175
2021,6,2021-06,2021-06-30,0.08060190,0.01284389,0.66666667,0,1,0,True,sideways,2021-06-30,12409.20000000,0.02432622,0.06658625,0.06266319
2021,7,2021-07,2021-07-29,0.04748729,0.01197347,0.40000000,0,1,0,True,sideways,2021-07-29,12304.10000000,-0.00846952,0.08060190,0.10170594
2021,8,2021-08,2021-08-31,0.04937629,0.01705777,0.61666667,0,1,0,True,sideways,2021-08-31,12694.20000000,0.03170488,0.04173158,0.03081722
2021,9,2021-09,2021-09-30,0.05755828,0.01445822,0.63333333,0,1,0,True,sideways,2021-09-30,13186.80000000,0.03880512,0.04785175,0.01300543
2021,10,2021-10,2021-10-29,0.11042392,0.02155620,0.70000000,0,1,0,True,sideways,2021-10-29,13555.50000000,0.02795978,0.06266319,0.02419682
2021,11,2021-11,2021-11-30,0.02425737,0.01680795,0.40000000,0,0,1,True,bear,2021-11-30,13085.40000000,-0.03467965,0.10170594,-0.00110046
2021,12,2021-12,2021-12-31,0.01300543,0.02133802,0.52459016,0,1,0,True,sideways,2021-12-31,13358.30000000,0.02085530,0.03081722,-0.04043928
2022,1,2022-01,2022-01-31,0.02783639,0.01599847,0.81967213,0,1,0,True,sideways,2022-01-31,13883.50000000,0.03931638,0.01300543,-0.05379047
2022,2,2022-02,2022-02-28,-0.00110046,0.02305296,0.45901639,0,0,1,True,bear,2022-02-28,13071.00000000,-0.05852271,0.02419682,-0.05595593
2022,3,2022-03,2022-03-31,-0.04043928,0.01906913,0.26229508,0,0,1,True,bear,2022-03-31,12818.10000000,-0.01934818,-0.00110046,-0.06309047
2022,4,2022-04,2022-04-29,-0.05239809,0.01322449,0.59016393,0,0,1,True,bear,2022-04-29,13136.70000000,0.02485548,-0.04043928,-0.10034484
2022,5,2022-05,2022-05-31,-0.05513909,0.01713642,0.27868852,0,0,1,True,bear,2022-05-31,12339.60000000,-0.06067734,-0.05379047,-0.01709132
2022,6,2022-06,2022-06-30,-0.06309047,0.02224945,0.21311475,0,0,1,True,bear,2022-06-30,12009.40000000,-0.02675938,-0.05595593,-0.03299915
2022,7,2022-07,2022-07-29,-0.10020100,0.01680390,0.32258065,0,0,1,True,bear,2022-07-29,11818.50000000,-0.01589588,-0.06309047,-0.08426619
2022,8,2022-08,2022-08-31,-0.03241324,0.01782422,0.67741935,0,1,0,True,sideways,2022-08-31,12128.70000000,0.02624699,-0.10034484,-0.10040565
2022,9,2022-09,2022-09-30,-0.00859670,0.02612764,0.35483871,0,0,1,True,bear,2022-09-30,11613.10000000,-0.04251074,-0.01709132,-0.07688300
2022,10,2022-10,2022-10-31,-0.08501716,0.01423608,0.17910448,0,0,1,True,bear,2022-10-31,10822.60000000,-0.06806968,-0.03299915,-0.05055624
2022,11,2022-11,2022-11-30,-0.10040565,0.02141900,0.20895522,0,0,1,True,bear,2022-11-30,10910.91000000,0.00815978,-0.08426619,-0.00031161
2022,12,2022-12,2022-12-31,,0.02351538,0.48333333,0,1,0,False,sideways,2022-12-30,10720.25000000,-0.01747425,-0.10040565,-0.03067636
2023,1,2023-01,2023-01-31,-0.05836938,0.01895006,0.20588235,0,0,1,True,bear,2023-01-31,10275.45000000,-0.04149157,-0.07688300,0.02430710
2023,2,2023-02,2023-02-28,-0.00031161,0.02090398,0.64705882,0,1,0,True,sideways,2023-02-28,10907.51000000,0.06151166,-0.05055624,0.01297910
2023,3,2023-03,2023-03-31,-0.02967076,0.01870043,0.42647059,0,0,1,True,bear,2023-03-31,10391.39170000,-0.04731770,-0.00031161,0.11436115
2023,4,2023-04,2023-04-28,0.04005965,0.02314113,0.41176471,0,0,1,True,bear,2023-04-28,10525.21640000,0.01287842,-0.03067636,0.14803703
2023,5,2023-05,2023-05-31,0.01904150,0.02266437,0.64705882,0,1,0,True,sideways,2023-05-31,11049.07970000,0.04977221,0.02430710,0.08192595
2023,6,2023-06,2023-06-30,,0.02318778,0.67213115,0,1,0,False,sideways,2023-06-28,11579.76320000,0.04802966,0.01297910,0.02465960
2023,7,2023-07,2023-07-31,0.15411737,0.01779918,0.70588235,1,0,0,True,bull,2023-07-31,12083.33820000,0.04348750,0.11436115,-0.00510625
2023,8,2023-08,2023-08-31,0.08617757,0.02062721,0.48529412,0,1,0,True,sideways,2023-08-31,11954.28600000,-0.01068018,0.14803703,-0.01444920
2023,9,2023-09,2023-09-30,,0.01550560,0.48387097,0,1,0,False,sideways,2023-09-27,11865.31550000,-0.00744256,0.08192595,0.01917890
2023,10,2023-10,2023-10-31,-0.00307022,0.01200379,0.50746269,0,0,1,True,bear,2023-10-31,12021.63760000,0.01317471,0.02465960,0.03690357
2023,11,2023-11,2023-11-30,-0.01024096,0.02326894,0.30882353,0,0,1,True,bear,2023-11-30,11781.55610000,-0.01997078,-0.00510625,0.10606455
2023,12,2023-12,2023-12-31,,0.00706209,0.49206349,0,1,0,False,sideways,2023-12-29,12092.87920000,0.02642462,-0.01444920,0.07577614
2024,1,2024-01,2024-01-31,0.03690357,0.02257631,0.65217391,0,1,0,True,sideways,2024-01-31,12465.27890000,0.03079496,0.01917890,0.06851685
2024,2,2024-02,2024-02-29,0.10606455,0.02313152,0.72463768,0,1,0,True,sideways,2024-02-29,13031.16160000,0.04539671,0.03690357,0.02142880
2024,3,2024-03,2024-03-31,,0.02098054,0.55555556,0,1,0,False,sideways,2024-03-29,13009.23090000,-0.00168294,0.10606455,0.02245631
2024,4,2024-04,2024-04-30,0.06912930,0.01483288,0.63235294,0,1,0,True,sideways,2024-04-30,13319.36060000,0.02383920,0.07577614,0.04992480
2024,5,2024-05,2024-05-31,0.01342828,0.02323353,0.63768116,0,1,0,True,sideways,2024-05-31,13310.40380000,-0.00067246,0.06851685,0.04680968
2024,6,2024-06,2024-06-30,,0.00765620,0.41269841,0,1,0,False,sideways,2024-06-28,13301.37020000,-0.00067869,0.02142880,0.08055314
2024,7,2024-07,2024-07-31,0.04564321,0.02058785,0.56521739,0,1,0,True,sideways,2024-07-31,13984.32700000,0.05134485,0.02245631,0.01314137
2024,8,2024-08,2024-08-30,0.04553787,0.02988180,0.52173913,0,1,0,True,sideways,2024-08-30,13933.45950000,-0.00363746,0.04992480,0.06486284
2024,9,2024-09,2024-09-30,0.07180633,0.03277824,0.59420290,0,1,0,True,sideways,2024-09-30,14372.83740000,0.03153401,0.04680968,0.02785500
2024,10,2024-10,2024-10-31,0.02867437,0.01763320,0.31884058,0,0,1,True,bear,2024-10-31,14168.10020000,-0.01424473,0.08055314,0.14681546
2024,11,2024-11,2024-11-29,0.06677099,0.01852190,0.49275362,0,1,0,True,sideways,2024-11-29,14837.22320000,0.04722743,0.01314137,0.12715075
2024,12,2024-12,2024-12-31,0.04026504,0.02332438,0.46376812,0,1,0,True,sideways,2024-12-31,14773.19280000,-0.00431552,0.06486284,0.20190814
2025,1,2025-01,2025-01-31,0.14566596,0.02103551,0.75362319,1,0,0,True,bull,2025-01-31,16248.19640000,0.09984325,0.02785500,0.07029617
2025,2,2025-02,2025-02-28,0.12715075,0.02609958,0.62857143,0,1,0,True,sideways,2025-02-28,16723.78730000,0.02927038,0.14681546,0.07488272
2025,3,2025-03,2025-03-31,,0.00000000,0.66129032,0,1,0,False,sideways,2025-03-28,17756.02070000,0.06172247,0.12715075,0.03044491
2025,4,2025-04,2025-04-30,0.07970498,0.01584664,0.52857143,0,1,0,True,sideways,2025-04-30,17390.38230000,-0.02059236,0.20190814,0.12906490
2025,5,2025-05,2025-05-30,0.06196078,0.02091675,0.57142857,0,1,0,True,sideways,2025-05-30,17976.10990000,0.03368112,0.07029617,0.11564092
2025,6,2025-06,2025-06-30,0.04147624,0.04152599,0.61428571,0,1,0,True,sideways,2025-06-30,18296.60110000,0.01782873,0.07488272,0.03980062
2025,7,2025-07,2025-07-31,0.13027229,0.02189991,0.64788732,0,1,0,True,sideways,2025-07-31,19634.87030000,0.07314305,0.03044491,0.00008390
2025,8,2025-08,2025-08-29,0.11004677,0.02338553,0.85915493,1,0,0,True,bull,2025-08-29,20054.88370000,0.02139120,0.12906490,-0.07772515
2025,9,2025-09,2025-09-30,0.03363952,0.02780956,0.39436620,0,0,1,True,bear,2025-09-30,19024.81710000,-0.05136238,0.11564092,
2025,10,2025-10,2025-10-31,0.00978866,0.02081733,0.52112676,0,0,1,True,bear,2025-10-31,19636.51760000,0.03215277,0.03980062,
2025,11,2025-11,2025-11-28,,0.02560733,0.26760563,0,1,0,False,sideways,2025-11-17,18496.11490000,-0.05807561,0.00008390,
2025,12,2025-12,2025-12-31,,0.02985970,0.35616438,0,1,0,False,sideways,,,,,
