month,decision_date,net_return,gross_return,turnover,transaction_cost,n_positions,liquidity_L,n_days
2018-07,2018-07-31,-0.011514064288305481,-0.00853782149470994,0.9999999999999999,0.003000000000000001,28,0.4387730280315869,17
2018-08,2018-08-31,-0.009941523151880793,-0.006438253368660218,1.178025491891834,0.003534076475675502,29,0.544062043287167,18
2018-09,2018-09-28,-0.01249725660663692,-0.010129816481660558,0.7917035077780028,0.0023751105233340087,24,0.6278854816955378,23
2018-10,2018-10-31,0.00953825397222352,0.013121317998931792,1.1753264370080265,0.0035259793110240796,18,0.2698866414473334,18
2018-11,2018-11-30,0.022486487529230104,0.025036496252465845,0.8311535915574373,0.002493460774672312,23,0.4753178565152045,20
2018-12,2018-12-31,0.008791522145471742,0.012521218730364714,1.2305692305344562,0.0036917076916033694,21,0.666856170143313,20
2019-01,2019-01-31,-0.017135499627565998,-0.014489050953376048,0.9027122621589712,0.0027081367864769134,26,0.6014328498165857,19
2019-02,2019-02-28,-0.009002786558736542,-0.006531166877669192,0.8283971506522946,0.0024851914519568837,26,0.7439208253252663,20
2019-03,2019-03-29,-0.00990326284237475,-0.005657159407605916,1.4253770480431707,0.004276131144129512,28,0.378209774658643,22
2019-04,2019-04-30,-0.016897617265572706,-0.01442985402162833,0.8313688398196672,0.0024941065194590017,31,0.5867449830099459,21
2019-05,2019-05-31,0.01553492585955163,0.018079727758745667,0.8369820505634755,0.0025109461516904267,26,0.48726946161797363,16
2019-06,2019-06-28,0.0017471410155054379,0.004887915394124809,1.0409333417078894,0.003122800025123668,22,0.6172831715131529,22
2019-07,2019-07-31,0.010739362854476742,0.014517068658200127,1.2428932057946376,0.003728679617383913,28,0.4945162421195656,16
2019-08,2019-08-30,0.026530398823599866,0.02930066171528889,0.8935684025802255,0.0026807052077406765,23,0.46441453873490746,20
2019-09,2019-09-30,0.00856299362688584,0.012151062997469486,1.1877801853594525,0.0035633405560783578,28,0.6139222569883216,22
2019-10,2019-10-31,0.027451140552961828,0.029912249959332726,0.7997693933793731,0.0023993081801381194,30,0.6668432754552331,17
2019-11,2019-11-29,0.002031762759590938,0.004082288244846355,0.6821668189369289,0.002046500456810787,28,0.7535311366601518,21
2019-12,2019-12-31,0.02106325217550764,0.0236751101960746,0.8530040556460119,0.0025590121669380357,33,0.8531643137666659,21
2020-01,2020-01-31,-0.005662693138158037,-0.003146718554439154,0.8383463921137773,0.002515039176341332,34,0.8149492970235135,19
2020-02,2020-02-28,-0.17661853281661188,-0.17470292694230605,0.7603408150716596,0.0022810224452149775,31,0.7553781953586082,21
2020-03,2020-03-31,-0.02836665408617578,-0.025216770171228586,1.0789814489043863,0.00323694434671316,28,0.6086495978247903,21
2020-04,2020-04-30,0.02709621659507322,0.02934551363663096,0.7312566785258812,0.002193770035577643,25,0.5667964377289765,18
2020-05,2020-05-29,0.001215319058462283,0.003080236191282726,0.6196087217266251,0.0018588261651798755,24,0.5898897217663407,21
2020-06,2020-06-30,-0.015833238720300957,-0.012004475960991079,1.2924790750130108,0.0038774372250390326,28,0.5409020558693918,20
2020-07,2020-07-29,-0.009417808188925347,-0.006465297179077845,0.9853537067387144,0.0029560611202161433,31,0.5156756782109572,17
2020-08,2020-08-31,-0.0097670329759173,-0.006508761256431739,1.0956935495045321,0.0032870806485135965,34,0.6447529204143457,21
2020-09,2020-09-30,0.0017232793555268522,0.005544863105568343,1.2685202583911561,0.0038055607751734683,27,0.4035509392105345,19
2020-10,2020-10-28,0.008796645675471337,0.012631972196046837,1.2625497459679103,0.0037876492379037307,25,0.5909965054774449,18
2020-11,2020-11-30,0.01007414635426529,0.012978343117200142,0.9542901539014553,0.002862870461704366,24,0.6107372731475859,22
2020-12,2020-12-31,0.04073061346210216,0.04465984351936503,1.255720103588418,0.003767160310765254,26,0.5162013838889824,18
2021-01,2021-01-29,-0.03163840101332116,-0.02763881223686271,1.3779479582682466,0.004133843874804741,25,0.838660006826623,19
2021-02,2021-02-26,0.007425126186676678,0.009972266044095068,0.8459954086874207,0.002537986226062262,29,0.6719609867233219,22
2021-03,2021-03-31,0.017200923641873977,0.01965667512649949,0.8006189264542368,0.0024018567793627106,30,0.7527903987405823,21
2021-04,2021-04-30,0.02604552672445437,0.028522425875588953,0.8057964858755434,0.0024173894576266304,29,0.8474110291305051,18
2021-05,2021-05-31,0.033323346543736365,0.03514544740007208,0.5925862941985084,0.0017777588825955253,26,0.8364919276005492,21
2021-06,2021-06-30,-0.01027477973315405,-0.008187993654246828,0.7031859042422283,0.0021095577127266847,29,0.8552880773673377,18
2021-07,2021-07-29,0.03954925223098571,0.04296199385067068,1.100267969853491,0.0033008039095604722,40,0.7054043523048537,19
2021-08,2021-08-31,0.023363547232705617,0.026231061989689275,0.9315347099964921,0.0027946041299894762,31,0.8139038203470378,21
2021-09,2021-09-30,0.06684174391912556,0.0703868426312746,1.095066205324586,0.003285198615973757,35,0.8488833736872475,18
2021-10,2021-10-29,-0.001397230038878261,0.0009997729706623382,0.7976853301128963,0.002393055990338689,33,0.872674851126004,20
2021-11,2021-11-30,-0.04660723772140041,-0.04448240035378992,0.7366391026760443,0.002209917308028133,38,0.8617288007267766,22
2021-12,2021-12-31,0.07456048082774758,0.07798895251150317,1.063630190202561,0.0031908905706076835,29,0.7173031106544171,19
2022-01,2022-01-31,-0.05359467309386212,-0.05016401700151574,1.2016511169058293,0.0036049533507174878,35,0.8222885644792624,19
2022-02,2022-02-28,-0.014308279770227306,-0.012182156039385883,0.7083398641614544,0.0021250195924843633,33,0.6752903170199598,22
2022-03,2022-03-31,0.03520790653802486,0.03779017436407117,0.824111742054254,0.002472335226162762,36,0.8097380320594477,20
2022-04,2022-04-29,-0.026030414015199344,-0.022834606704833504,1.0890360698236798,0.003267108209471039,39,0.7420570483067406,19
2022-05,2022-05-31,-0.028387167463072682,-0.025731544352731506,0.9119040690482763,0.002735712207144829,32,0.7986357473217746,21
2022-06,2022-06-30,-0.002027784107383357,0.00039281440561311776,0.8031554522724447,0.0024094663568173342,36,0.8027908522157811,19
2022-07,2022-07-29,0.03468803268855458,0.038608913819755175,1.2638470943563873,0.0037915412830691626,32,0.5974641325004436,22
2022-08,2022-08-31,-0.04024722982354556,-0.03705940076433123,1.1076211209532005,0.003322863362859602,33,0.6301284678422576,21
2022-09,2022-09-30,-0.02182606018533062,-0.018019038892543304,1.297313625196594,0.003891940875589782,35,0.7075124974644581,19
2022-10,2022-10-31,-0.03072109153733371,-0.028047581348510153,0.9165398341708675,0.0027496195025126023,39,0.6774898065749569,20
2022-11,2022-11-30,-0.021433576583590352,-0.017841250558874644,1.2189089563127398,0.0036567268689382195,38,0.5835646626130687,21
2022-12,2022-12-30,-0.02793198533787744,-0.024006629997229356,1.3413850860163237,0.004024155258048971,36,0.677482190417157,21
2023-01,2023-01-31,0.037777344300991444,0.04125706716223543,1.124494344779185,0.0033734830343375554,36,0.47513568498247183,19
2023-02,2023-02-28,-0.04522270348804269,-0.04132901280420975,1.3480797231062698,0.004044239169318809,35,0.4930832803296256,22
2023-03,2023-03-31,-0.005872557739192152,-0.002554162809957683,1.1133134248416228,0.0033399402745248686,34,0.5079843615635826,18
2023-04,2023-04-28,0.03787927463091689,0.040525300611187864,0.8453539924588184,0.002536061977376455,34,0.5190698414269659,21
2023-05,2023-05-31,0.026014522924454164,0.03002658582121165,1.3111310047234168,0.00393339301417025,35,0.5661926484686937,19
2023-06,2023-06-28,0.023708015549444017,0.026275155533433292,0.8375535286855039,0.0025126605860565122,37,0.6088170290804854,20
2023-07,2023-07-31,-0.007592267932155727,-0.004262641743708273,1.1176309490730754,0.0033528928472192263,43,0.8990998325671614,20
2023-08,2023-08-31,0.013525936071812295,0.016573688412086174,0.9979503098110248,0.0029938509294330745,38,0.7698526420743352,18
2023-09,2023-09-27,0.03337658196389537,0.03666486556033388,1.054273780947243,0.0031628213428417295,47,0.835759663043621,22
2023-10,2023-10-31,-0.029300610454762066,-0.02624717150874012,1.0407526906822362,0.0031222580720467086,36,0.8413572691426412,20
2023-11,2023-11-30,-0.0013167784035796881,0.0026241484808111615,1.3099934939344668,0.003929980481803401,39,0.7665986751082401,20
2023-12,2023-12-29,0.04881718688900816,0.05173616169669959,0.9306877388240464,0.0027920632164721393,36,0.7521710884664999,21
2024-01,2024-01-31,0.059962848526493806,0.06381399691800382,1.202236156862419,0.0036067084705872577,30,0.9500203764275011,20
2024-02,2024-02-29,0.04607462953428998,0.048687622430776845,0.8308508632688983,0.002492552589806695,30,0.9507819954322515,20
2024-03,2024-03-29,0.07775740965749289,0.07982358586208416,0.6480852196755968,0.0019442556590267906,29,0.9526928619374878,19
2024-04,2024-04-30,0.009400255222915987,0.01150893275848519,0.6969893023677398,0.00209096790710322,35,0.9021549751350477,21
2024-05,2024-05-31,-0.00416311216787002,-0.001710904976915173,0.8166599221698319,0.0024499797665094958,34,0.8247288216443098,17
2024-06,2024-06-28,0.08612253533306702,0.0884846958016765,0.726551624635963,0.0021796548739078892,37,0.9035722993222541,22
2024-07,2024-07-31,0.04683902057763789,0.04956676101270152,0.8666101444895893,0.0025998304334687683,34,0.9326336034430702,18
2024-08,2024-08-30,0.03937263064997243,0.04213717177315823,0.8797349719067826,0.002639204915720348,33,0.872151943696082,18
2024-09,2024-09-30,0.005390564660758157,0.00837573843463102,0.9819640146677882,0.0029458920440033646,30,0.7975918249292069,22
2024-10,2024-10-31,0.023406009454583376,0.026716516225509412,1.0777627810651298,0.0032332883431953896,23,0.7958530033331278,18
2024-11,2024-11-29,0.01428475463628387,0.016860747589072966,0.8458106640956237,0.0025374319922868704,29,0.8964849847946665,21
2024-12,2024-12-31,0.05960839202425028,0.06221677148411864,0.8271441568087335,0.0024814324704262006,31,0.8342859734347243,20
2025-01,2025-01-31,0.016928918482777222,0.01964333349620384,0.8880239422985966,0.0026640718268957893,37,0.9390036671036074,19
2025-02,2025-02-28,0.06268338441192767,0.06574713922487452,0.9541801155384261,0.0028625403466152784,37,0.9547381256370261,19
2025-03,2025-03-28,0.009651257486211096,0.012828242961681946,1.0480337744173258,0.0031441013232519775,33,0.9369105111391633,21
2025-04,2025-04-30,0.02039567229543704,0.02337349656359944,0.9645791850196967,0.0028937375550590902,40,0.9288564152654153,20
2025-05,2025-05-30,0.05608634883967212,0.058623649025709046,0.800597908816795,0.0024017937264503852,36,0.9201035222679228,18
2025-06,2025-06-30,-0.02140123969943819,-0.01759141863596103,1.3236074585614572,0.003970822375684372,33,0.9823595792261554,21
