Configuration,cell,fold_id,test_start_month,test_end_month,mean_BUY,mean_NEUTRAL,mean_SELL,spread_BUY_NEUTRAL,spread_NEUTRAL_SELL,spread_BUY_SELL,order_ok,metric
C1 Ridge,1,0,2018-07,2018-12,0.015168793549613152,-0.016632670237067375,-0.06775520188960306,0.03180146378668053,0.051122531652535684,0.0829239954392162,True,future_excess
C1 Ridge,1,6,2019-01,2019-06,-0.0041788347907909,-0.0244056252879715,-0.043591348749391454,0.0202267904971806,0.019185723461419953,0.039412513958600556,True,future_excess
C1 Ridge,1,12,2019-07,2019-12,0.02313502426031818,0.005215047778259747,0.0043656760620096255,0.017919976482058432,0.0008493717162501215,0.018769348198308555,True,future_excess
C1 Ridge,1,18,2020-01,2020-06,0.015620290050957877,0.024478001129932845,0.032051148809577455,-0.008857711078974968,-0.00757314767964461,-0.016430858758619576,False,future_excess
C1 Ridge,1,24,2020-07,2020-12,0.009818510333738126,-0.005421317718719352,-0.027292016237484465,0.01523982805245748,0.02187069851876511,0.03711052657122259,True,future_excess
C1 Ridge,1,30,2021-01,2021-06,0.03337987706440415,0.022641493014058302,0.015465099207338056,0.01073838405034585,0.007176393806720246,0.017914777857066095,True,future_excess
C1 Ridge,1,36,2021-07,2021-12,0.013270781745077148,0.0080793139379561,0.057819695084921935,0.005191467807121049,-0.049740381146965836,-0.04454891333984479,False,future_excess
C1 Ridge,1,42,2022-01,2022-06,0.009259855240254787,0.011746538215412146,0.03587672595290779,-0.002486682975157358,-0.024130187737495645,-0.026616870712653007,False,future_excess
C1 Ridge,1,48,2022-07,2022-12,0.020186207346394314,0.027950093009576946,0.02634904223001438,-0.007763885663182632,0.001601050779562567,-0.006162834883620065,False,future_excess
C1 Ridge,1,54,2023-01,2023-06,-0.020321906737270766,-0.006258777794094929,0.024176926433519957,-0.014063128943175837,-0.030435704227614886,-0.04449883317079072,False,future_excess
C1 Ridge,1,60,2023-07,2023-12,0.020281810213722915,-0.027316503987130505,-0.015239522754315633,0.04759831420085342,-0.012076981232814872,0.03552133296803855,False,future_excess
C1 Ridge,1,66,2024-01,2024-06,0.08941464942118463,0.0571623672716648,0.00854209732779631,0.03225228214951983,0.04862026994386849,0.08087255209338831,True,future_excess
C1 Ridge,1,72,2024-07,2024-12,0.018858330763310942,-0.03359681562693357,0.04606922100153165,0.05245514639024451,-0.07966603662846522,-0.02721089023822071,False,future_excess
C1 Ridge,1,78,2025-01,2025-06,0.01718644107997901,-0.0008400229022652854,0.02549914621487847,0.018026463982244296,-0.026339169117143756,-0.00831270513489946,False,future_excess
C2 Ridge + régime,2,0,2018-07,2018-12,0.02124066357628913,0.005101149736832166,-0.03912557057227914,0.016139513839456963,0.0442267203091113,0.060366234148568274,True,future_excess
C2 Ridge + régime,2,6,2019-01,2019-06,-0.005336208901881526,-0.02232892527612698,-0.032093919256388256,0.016992716374245452,0.009764993980261278,0.02675771035450673,True,future_excess
C2 Ridge + régime,2,12,2019-07,2019-12,0.018478714646406328,0.012306468539772382,0.006617693751851402,0.006172246106633946,0.00568877478792098,0.011861020894554927,True,future_excess
C2 Ridge + régime,2,18,2020-01,2020-06,0.017693214094670246,0.024034115275648513,0.02343372231318147,-0.006340901180978267,0.0006003929624670418,-0.005740508218511225,False,future_excess
C2 Ridge + régime,2,24,2020-07,2020-12,0.009967367741501401,-0.007688071540570341,-0.03919705184775771,0.017655439282071743,0.031508980307187365,0.04916441958925911,True,future_excess
C2 Ridge + régime,2,30,2021-01,2021-06,0.03858675097618217,0.010322159574494463,0.00954010241560587,0.02826459140168771,0.0007820571588885925,0.029046648560576302,True,future_excess
C2 Ridge + régime,2,36,2021-07,2021-12,0.009730451670149904,0.025864698893803367,0.05149260645270992,-0.01613424722365346,-0.025627907558906555,-0.04176215478256002,False,future_excess
C2 Ridge + régime,2,42,2022-01,2022-06,-0.008571748596765344,0.01651858980303765,0.026403140635995397,-0.025090338399802993,-0.009884550832957747,-0.03497488923276074,False,future_excess
C2 Ridge + régime,2,48,2022-07,2022-12,0.017313121930656303,0.027478991182589323,0.025946766502700953,-0.01016586925193302,0.00153222467988837,-0.00863364457204465,False,future_excess
C2 Ridge + régime,2,54,2023-01,2023-06,-0.020415013317838543,-0.00869570903276962,0.0338833423470866,-0.011719304285068923,-0.04257905137985622,-0.05429835566492514,False,future_excess
C2 Ridge + régime,2,60,2023-07,2023-12,0.01955842171883339,-0.019422460438287516,-0.01673725296246483,0.03898088215712091,-0.0026852074758226853,0.036295674681298226,False,future_excess
C2 Ridge + régime,2,66,2024-01,2024-06,0.09083551010715636,0.0582560376812881,0.0038239855301573132,0.03257947242586826,0.05443205215113078,0.08701152457699905,True,future_excess
C2 Ridge + régime,2,72,2024-07,2024-12,0.021470308676364454,-0.022491641524309647,0.03900367970263313,0.0439619502006741,-0.061495321226942776,-0.017533371026268677,False,future_excess
C2 Ridge + régime,2,78,2025-01,2025-06,0.01610777319669601,0.00620715818800667,0.02367591079530845,0.009900615008689339,-0.01746875260730178,-0.00756813759861244,False,future_excess
C3 Hybrid,3,0,2018-07,2018-12,-0.0009321646689105399,0.03619446179705657,-0.017199126874082833,-0.03712662646596711,0.0533935886711394,0.016266962205172292,False,future_excess
C3 Hybrid,3,6,2019-01,2019-06,0.004325538259140113,-0.012394978350463746,-0.024201258178262127,0.016720516609603858,0.011806279827798381,0.02852679643740224,True,future_excess
C3 Hybrid,3,12,2019-07,2019-12,0.0256446842471274,0.023804859785253707,0.0011032206877698905,0.0018398244618736924,0.022701639097483815,0.024541463559357508,True,future_excess
C3 Hybrid,3,18,2020-01,2020-06,0.006353620369488203,0.02980312719526938,0.025780777519504566,-0.023449506825781175,0.004022349675764814,-0.01942715715001636,False,future_excess
C3 Hybrid,3,24,2020-07,2020-12,0.007571475438309899,-0.011549665601777998,-0.005451882502005606,0.019121141040087896,-0.006097783099772392,0.013023357940315505,False,future_excess
C3 Hybrid,3,30,2021-01,2021-06,0.0364517376937415,0.037793790858719735,0.007333151923817689,-0.0013420531649782352,0.030460638934902046,0.02911858576992381,False,future_excess
C3 Hybrid,3,36,2021-07,2021-12,0.009453399213695186,0.016853510850331658,0.05646576124534476,-0.007400111636636472,-0.03961225039501311,-0.047012362031649574,False,future_excess
C3 Hybrid,3,42,2022-01,2022-06,0.005350574429915883,0.02126435264191616,0.03396576984071103,-0.015913778212000275,-0.012701417198794869,-0.028615195410795144,False,future_excess
C3 Hybrid,3,48,2022-07,2022-12,0.01810974865408701,0.025159650175317655,0.029254220938496292,-0.007049901521230646,-0.004094570763178637,-0.011144472284409283,False,future_excess
C3 Hybrid,3,54,2023-01,2023-06,-0.02267138186290127,-0.013920794545451599,0.002769355509172091,-0.00875058731744967,-0.01669015005462369,-0.02544073737207336,False,future_excess
C3 Hybrid,3,60,2023-07,2023-12,0.021616403356216524,-0.018919319830875504,-0.023258040557649583,0.04053572318709203,0.004338720726774079,0.04487444391386611,True,future_excess
C3 Hybrid,3,66,2024-01,2024-06,0.11152347906468016,0.05110451570742578,0.01535052233417333,0.06041896335725438,0.035753993373252455,0.09617295673050683,True,future_excess
C3 Hybrid,3,72,2024-07,2024-12,0.04321082037225865,0.015324866589699221,-0.002947719303588059,0.027885953782559432,0.01827258589328728,0.04615853967584671,True,future_excess
C3 Hybrid,3,78,2025-01,2025-06,0.022212187607724882,0.00594695410271543,0.02050453917254632,0.01626523350500945,-0.014557585069830889,0.0017076484351785624,False,future_excess
C4 Hybrid + régime,4,0,2018-07,2018-12,-0.0037773495819482202,0.04070399719956939,-0.017194345260662672,-0.044481346781517606,0.05789834246023206,0.013416995678714452,False,future_excess
C4 Hybrid + régime,4,6,2019-01,2019-06,-0.003238736658111656,-0.008787667239057611,-0.023940202692404468,0.005548930580945955,0.015152535453346857,0.020701466034292813,True,future_excess
C4 Hybrid + régime,4,12,2019-07,2019-12,0.024767460915734178,0.02353423793008954,0.0018547643070756315,0.001233222985644638,0.02167947362301391,0.022912696608658547,True,future_excess
C4 Hybrid + régime,4,18,2020-01,2020-06,0.005959692896201341,0.034430863805886405,0.022114318003453336,-0.028471170909685064,0.01231654580243307,-0.016154625107251994,False,future_excess
C4 Hybrid + régime,4,24,2020-07,2020-12,0.007571475438309899,-0.011549665601777998,-0.005451882502005606,0.019121141040087896,-0.006097783099772392,0.013023357940315505,False,future_excess
C4 Hybrid + régime,4,30,2021-01,2021-06,0.036168400038150195,0.03772132059517721,0.007327899366799101,-0.001552920557027014,0.03039342122837811,0.028840500671351094,False,future_excess
C4 Hybrid + régime,4,36,2021-07,2021-12,0.013057011100543484,0.013111200370955532,0.05770188115278827,-5.418927041204828e-05,-0.04459068078183274,-0.04464487005224479,False,future_excess
C4 Hybrid + régime,4,42,2022-01,2022-06,0.005332996521224986,0.020161269021972954,0.03581216630625247,-0.014828272500747967,-0.015650897284279514,-0.03047916978502748,False,future_excess
C4 Hybrid + régime,4,48,2022-07,2022-12,0.019559090548858824,0.026671393720331955,0.02554350701254975,-0.007112303171473131,0.001127886707782206,-0.005984416463690925,False,future_excess
C4 Hybrid + régime,4,54,2023-01,2023-06,-0.021169032491104543,-0.013418906755531772,0.0006198139566849292,-0.007750125735572771,-0.014038720712216702,-0.021788846447789473,False,future_excess
C4 Hybrid + régime,4,60,2023-07,2023-12,0.0174649279797493,-0.007395254850001122,-0.02325673544520766,0.024860182829750423,0.015861480595206538,0.040721663424956964,True,future_excess
C4 Hybrid + régime,4,66,2024-01,2024-06,0.11152347906468016,0.05110451570742578,0.01535052233417333,0.06041896335725438,0.035753993373252455,0.09617295673050683,True,future_excess
C4 Hybrid + régime,4,72,2024-07,2024-12,0.04321082037225865,0.015324866589699221,-0.002947719303588059,0.027885953782559432,0.01827258589328728,0.04615853967584671,True,future_excess
C4 Hybrid + régime,4,78,2025-01,2025-06,0.020480819073858916,0.007859693606611054,0.020142528504334945,0.012621125467247862,-0.012282834897723891,0.00033829056952397116,False,future_excess
