fold_id,cell_id,test_start_month,test_end_month,rank_ic,hit_ratio,sharpe_ls
0,1,2018-07,2018-12,0.2261181597707891,0.5799932065217391,3.1160002354656613
1,1,2018-08,2019-01,0.2626150722619161,0.6022165387894288,3.0685980111255007
2,1,2018-09,2019-02,0.2598575238870991,0.5996621621621622,4.069823544915428
3,1,2018-10,2019-03,0.224514520633165,0.5890227576974565,3.3443186039524258
4,1,2018-11,2019-04,0.1543809760323941,0.5473257971992577,1.5783122374366163
5,1,2018-12,2019-05,0.0999498202975954,0.5103516266841932,1.2076494949692034
6,1,2019-01,2019-06,0.023557506128086,0.4828755510342489,-1.1747100690983918
7,1,2019-02,2019-07,0.0287918274940759,0.4718404290982232,-0.3803400377871678
8,1,2019-03,2019-08,0.0511331308226534,0.4738466815297547,-0.1145879240829697
9,1,2019-04,2019-09,0.1042136429343705,0.5044688896528017,0.8794025653172404
10,1,2019-05,2019-10,0.1026476415863872,0.5081144386816129,0.4305032911732265
11,1,2019-06,2019-11,0.1131726572799699,0.5326236263736264,1.206842991653564
12,1,2019-07,2019-12,0.1350742646767919,0.5408866995073892,1.2862723730903889
13,1,2019-08,2020-01,0.0650743081359368,0.5343337139129016,0.156309633802373
14,1,2019-09,2020-02,0.0208268236162351,0.5290199809705043,-1.2545237466742174
15,1,2019-10,2020-03,-0.0067828171652724,0.5212682467430545,0.1801605180729704
16,1,2019-11,2020-04,-0.0213458193393169,0.5260041606657065,0.9689989282985172
17,1,2019-12,2020-05,-0.0018486202834965,0.5357085540041727,-0.4067214324900946
18,1,2020-01,2020-06,0.0028020904447507,0.5302370585389453,-0.4343515219653727
19,1,2020-02,2020-07,-0.0104218814242583,0.5015404572725799,-2.0645626711561555
20,1,2020-03,2020-08,-0.0715846087920986,0.4693446088794926,-3.829268086028486
21,1,2020-04,2020-09,-0.1288701498914111,0.4357813005499838,-3.5923122647723846
22,1,2020-05,2020-10,-0.106835707075297,0.4384364820846905,-2.292820207406851
23,1,2020-06,2020-11,-0.0986855270315969,0.4489598451862602,-1.0502652457475188
24,1,2020-07,2020-12,-0.0620921075316377,0.4634338966987837,-0.2398444705272053
25,1,2020-08,2021-01,-0.0249671091056773,0.4878636875100466,-0.248143725580741
26,1,2020-09,2021-02,-0.0310205007651206,0.5050456511292648,-0.701746440576935
27,1,2020-10,2021-03,0.0007533940672435,0.5132476598445185,1.9432909124014244
28,1,2020-11,2021-04,0.0520040209519872,0.5177791640673737,2.5410170337977167
29,1,2020-12,2021-05,0.0515598917331663,0.5241486068111455,4.030980855553498
30,1,2021-01,2021-06,0.0691494355397353,0.5296824666359871,4.513266852561755
31,1,2021-02,2021-07,0.0989720721615978,0.5334137879016443,4.42100992321796
32,1,2021-03,2021-08,0.0867312321841282,0.5245585398427066,3.421153321063813
33,1,2021-04,2021-09,0.0894830852826784,0.5260294117647059,2.724015778080961
34,1,2021-05,2021-10,0.0543750809343982,0.5112602535421328,0.381784483593941
35,1,2021-06,2021-11,0.0042933016817478,0.497027693199942,-2.006850828642594
36,1,2021-07,2021-12,-0.1115310489749652,0.4629709831095712,-2.9623014964833407
37,1,2021-08,2022-01,-0.1987636793422188,0.4428448027641808,-4.849514974827784
38,1,2021-09,2022-02,-0.23806185646531,0.4331283078243456,-8.58348759185519
39,1,2021-10,2022-03,-0.2385460843563483,0.4314168667890945,-5.5895953778236445
40,1,2021-11,2022-04,-0.2025950000113017,0.4512515558014106,-5.581056450875825
41,1,2021-12,2022-05,-0.2123596481025582,0.4448928472028945,-3.9029725876726906
42,1,2022-01,2022-06,-0.1347384235893713,0.4663038928421933,-2.276012379265559
43,1,2022-02,2022-07,-0.0997404787008594,0.4792282777073651,-2.37978299317443
44,1,2022-03,2022-08,-0.0309859716222528,0.5187439479872735,-0.7542916743694921
45,1,2022-04,2022-09,-0.0148383461703528,0.5322376738305942,0.0156213131769227
46,1,2022-05,2022-10,-0.04014687255388,0.5375796178343949,-0.76013122287804
47,1,2022-06,2022-11,-0.0092554690767888,0.549852341442835,-1.7887453967350089
48,1,2022-07,2022-12,-0.0151405011913952,0.5507185712292452,-2.956762146861355
49,1,2022-08,2023-01,-0.0030345986607967,0.5575912703758589,-1.2992551501059426
50,1,2022-09,2023-02,-0.0204466108980544,0.5241640720184108,-3.169832679375961
51,1,2022-10,2023-03,-0.0487474879494043,0.495137976346912,-2.361914271241809
52,1,2022-11,2023-04,-0.0451205557795738,0.48838430240189,-2.8224579867265907
53,1,2022-12,2023-05,-0.0092595714655218,0.4844768110387121,-1.49023473363387
54,1,2023-01,2023-06,-0.0428984930295573,0.4461972553546235,-0.8584515500389288
55,1,2023-02,2023-07,0.0432350260114642,0.4560369136118944,1.024375627011609
56,1,2023-03,2023-08,0.0395053309396114,0.4568181818181818,1.730436469765552
57,1,2023-04,2023-09,0.1616235593038592,0.4882368148914167,3.5917682374299846
58,1,2023-05,2023-10,0.2060437652410866,0.5253664036076663,3.071705617034634
59,1,2023-06,2023-11,0.2148700615937058,0.5478912601626016,3.440310459144466
60,1,2023-07,2023-12,0.2148744735625225,0.550251256281407,3.268349994088663
61,1,2023-08,2024-01,0.2226240196688389,0.5659484369161788,3.554485799515091
62,1,2023-09,2024-02,0.2464763347198745,0.5697616683217478,4.110820777749416
63,1,2023-10,2024-03,0.2522389211812589,0.5626903862556354,4.770036608766269
64,1,2023-11,2024-04,0.2495931579233382,0.5638218462304055,9.95930069636974
65,1,2023-12,2024-05,0.2240337907669653,0.5701115963124697,7.231071070674969
66,1,2024-01,2024-06,0.2056024240013151,0.5785563947010028,6.806209855575017
67,1,2024-02,2024-07,0.1973129826673244,0.5763752455795678,5.3265834184264245
68,1,2024-03,2024-08,0.1643837599907028,0.5668122270742358,4.171634195063085
69,1,2024-04,2024-09,0.080755926031551,0.5235807308129978,3.995143573127381
70,1,2024-05,2024-10,0.085789603055356,0.5104179359083709,5.098551061054701
71,1,2024-06,2024-11,0.0806236272466112,0.4900176901693202,7.62338966712746
72,1,2024-07,2024-12,0.0672253172499816,0.4813901897954153,2.1235743535156657
73,1,2024-08,2025-01,0.0105073806381204,0.461519425884682,1.238948233886868
74,1,2024-09,2025-02,-0.028475497173175,0.4630897091175752,0.7894715178432041
75,1,2024-10,2025-03,-0.0306063195592621,0.4816114202758287,0.1327330392911791
76,1,2024-11,2025-04,0.0406437501278878,0.5301808406647116,1.2301259930772783
77,1,2024-12,2025-05,0.0531946288354913,0.5271087910784198,6.614529645172832
78,1,2025-01,2025-06,0.0460947120286608,0.5135752042287361,1.1978114853828488
79,1,2025-02,2025-07,0.0622804560394984,0.5124940504521657,0.4677014653298196
80,1,2025-03,2025-08,0.0818582970125925,0.5389737563650607,-0.9625954566006428
0,2,2018-07,2018-12,0.2256938922943804,0.5913722826086957,3.028111209824332
1,2,2018-08,2019-01,0.260495742224017,0.6107416879795396,3.083395772683559
2,2,2018-09,2019-02,0.2568911545861497,0.6150337837837838,4.116284695806549
3,2,2018-10,2019-03,0.2175613584976388,0.5998995983935743,2.8036929962037007
4,2,2018-11,2019-04,0.148444744884008,0.5589674371520162,1.6439674494003975
5,2,2018-12,2019-05,0.0939728741076526,0.5253039763391391,1.1060426959568217
6,2,2019-01,2019-06,0.0182416109609062,0.4942353340115293,-1.1838886074137571
7,2,2019-02,2019-07,0.0234069008094131,0.4797184042909822,-0.4989279379880324
8,2,2019-03,2019-08,0.0463210743895847,0.4834505230663694,-0.1145879240829697
9,2,2019-04,2019-09,0.1003967092122798,0.5001718803712616,0.7601550158768957
10,2,2019-05,2019-10,0.1011196605415076,0.5097875188221516,0.4182741465405672
11,2,2019-06,2019-11,0.1095442489334435,0.5128777472527473,0.8083867692364414
12,2,2019-07,2019-12,0.1336221125920081,0.5185550082101806,1.134607442205091
13,2,2019-08,2020-01,0.0639245110734727,0.5496656336649812,0.1667014400310812
14,2,2019-09,2020-02,0.0201036784514052,0.5474151601649223,-1.629777150160168
15,2,2019-10,2020-03,-0.0059960451457316,0.5339821064197143,-1.0000167579288008
16,2,2019-11,2020-04,-0.0164226445891371,0.5324051848295728,0.7339105483857963
17,2,2019-12,2020-05,0.0044839506714644,0.5405231904991173,-0.1382112425965618
18,2,2020-01,2020-06,0.0062962887627113,0.528785679729076,-0.6251018674075494
19,2,2020-02,2020-07,-0.0081842536895711,0.4859737311496676,-2.311275435281866
20,2,2020-03,2020-08,-0.0667099512496435,0.4599121808424134,-4.013932226488128
21,2,2020-04,2020-09,-0.1227086838522216,0.4335166612746683,-3.341163429880198
22,2,2020-05,2020-10,-0.1018581868895219,0.4327361563517915,-1.8644530505091448
23,2,2020-06,2020-11,-0.096829225258744,0.4481535236252217,-1.020809510709195
24,2,2020-07,2020-12,-0.0627652706211133,0.4624861791186226,-0.0489222080348725
25,2,2020-08,2021-01,-0.0247323558795302,0.4976691850184858,0.1507164055026293
26,2,2020-09,2021-02,-0.0285484238837085,0.5260291526509691,-0.4149231361764461
27,2,2020-10,2021-03,0.0035822510530862,0.5354593050928129,2.3101313517298085
28,2,2020-11,2021-04,0.0531096626493105,0.5333749220212103,2.554639804475185
29,2,2020-12,2021-05,0.0519372690660134,0.5260061919504644,3.5117418056949243
30,2,2021-01,2021-06,0.0664672494125998,0.506826200337475,3.4389039009605
31,2,2021-02,2021-07,0.0916742117842118,0.508372303514859,3.823901871874229
32,2,2021-03,2021-08,0.0770341205983706,0.5030419943611811,3.7286124335346296
33,2,2021-04,2021-09,0.0841414523361271,0.5033823529411765,2.857455879595427
34,2,2021-05,2021-10,0.0521088604611068,0.4954511558538404,0.7459292809695254
35,2,2021-06,2021-11,0.0026465049040021,0.4897781644193127,-2.6697657264873724
36,2,2021-07,2021-12,-0.1117160267694833,0.4613829940811318,-2.8011999525805966
37,2,2021-08,2022-01,-0.1987824599024365,0.4369421249640081,-4.569776072491768
38,2,2021-09,2022-02,-0.2385708460023372,0.4195394078100415,-7.264841987211994
39,2,2021-10,2022-03,-0.2410724314183708,0.4252012996185902,-5.447080369389325
40,2,2021-11,2022-04,-0.2054690307957926,0.4374222099294703,-5.204455867475059
41,2,2021-12,2022-05,-0.2160873414505182,0.4358474812134706,-3.786909318739247
42,2,2022-01,2022-06,-0.1359375940048917,0.4565369052602204,-2.575080075607947
43,2,2022-02,2022-07,-0.1001514496700922,0.46401915223208,-2.260023272585529
44,2,2022-03,2022-08,-0.0330581554347542,0.5115506985751833,-0.7696296688418606
45,2,2022-04,2022-09,-0.0150161620085901,0.5301306363253266,-0.8350968301903364
46,2,2022-05,2022-10,-0.0400239553891288,0.4995046001415428,-0.7601312228780397
47,2,2022-06,2022-11,-0.0085200617359345,0.5163830684854451,-1.5618227076290565
48,2,2022-07,2022-12,-0.0163707634828486,0.5313241244593274,-2.80936495588334
49,2,2022-08,2023-01,-0.0026467230197931,0.5344200458035835,-1.140087770776532
50,2,2022-09,2023-02,-0.017319027930937,0.5145525923920401,-3.645798241420398
51,2,2022-10,2023-03,-0.0456134759365654,0.4880420499342969,-2.280957734508017
52,2,2022-11,2023-04,-0.0377608129105234,0.4885155532222076,-2.3906169990128627
53,2,2022-12,2023-05,0.002799868692084,0.482688130829181,-1.343543128429594
54,2,2023-01,2023-06,-0.0356126262668042,0.4359368988072336,-0.6842464399030247
55,2,2023-02,2023-07,0.0499682286185507,0.4474493719559087,1.0744546293767978
56,2,2023-03,2023-08,0.0452857621447155,0.4515151515151515,1.647126597285002
57,2,2023-04,2023-09,0.1647375254905366,0.483453981385729,3.632400039382195
58,2,2023-05,2023-10,0.207400396994145,0.5237379431291495,2.982430702509808
59,2,2023-06,2023-11,0.2154890556174491,0.5431910569105691,3.440310459144466
60,2,2023-07,2023-12,0.2149683761470775,0.5543969849246231,3.421733527187228
61,2,2023-08,2024-01,0.2225446509506714,0.5745422842197035,3.554485799515091
62,2,2023-09,2024-02,0.2465442737546536,0.5722442899702085,4.452099923064024
63,2,2023-10,2024-03,0.2523713166272519,0.5620811502376021,4.770036608766269
64,2,2023-11,2024-04,0.2493756473476599,0.5669320726548893,10.196425547607214
65,2,2023-12,2024-05,0.2242747410017949,0.5699902959728287,7.231071070674969
66,2,2024-01,2024-06,0.2056728960368914,0.5776897362882258,6.806209855575017
67,2,2024-02,2024-07,0.1972872413876427,0.5744106090373281,5.251846753662471
68,2,2024-03,2024-08,0.1644245540058563,0.5716781035558328,4.171634195063085
69,2,2024-04,2024-09,0.0808374467615521,0.5181438867113415,3.995143573127381
70,2,2024-05,2024-10,0.0856795123076067,0.5078591446326307,5.098551061054701
71,2,2024-06,2024-11,0.0807095745534443,0.4891331817033106,7.62338966712746
72,2,2024-07,2024-12,0.066723314664126,0.4817599211239832,2.009519341928341
73,2,2024-08,2025-01,0.0104566733176117,0.4607770353872804,1.2389482338868685
74,2,2024-09,2025-02,-0.0284033025997561,0.4626008310926424,0.7894715178432041
75,2,2024-10,2025-03,-0.0303769501125725,0.481369465279458,0.1327330392911791
76,2,2024-11,2025-04,0.0406786601984249,0.5294477028347996,1.2301259930772783
77,2,2024-12,2025-05,0.053246114543182,0.528176533396607,6.614529645172832
78,2,2025-01,2025-06,0.0462931876357394,0.514776549735704,1.1978114853828488
79,2,2025-02,2025-07,0.0623239912259306,0.514278914802475,0.4677014653298196
80,2,2025-03,2025-08,0.0818424914746677,0.5436741088915001,-0.9687383527815568
0,3,2018-07,2018-12,0.1403927904316404,0.541610054347826,1.546293156507518
1,3,2018-08,2019-01,0.1849307537516961,0.560613810741688,2.1372052617843584
2,3,2018-09,2019-02,0.129268667228887,0.547972972972973,1.526880304072122
3,3,2018-10,2019-03,0.0830549892705257,0.5389892904953146,0.3284640839178044
4,3,2018-11,2019-04,0.0731323105604328,0.5466509195208369,0.3421841817361786
5,3,2018-12,2019-05,0.047586121687857,0.5458429181728557,0.2114189814335681
6,3,2019-01,2019-06,-0.0411190200865852,0.5142421159715158,-0.4836457261914577
7,3,2019-02,2019-07,-0.0224205472836566,0.5289976533690915,-0.8228989060944956
8,3,2019-03,2019-08,0.0220743516204205,0.5383296175613103,0.0217891679754419
9,3,2019-04,2019-09,0.0929733301370671,0.5570642832588518,0.739160718123753
10,3,2019-05,2019-10,0.1017113888779478,0.5467625899280576,0.8245019014428213
11,3,2019-06,2019-11,0.065527604489717,0.5243818681318682,1.122219112599438
12,3,2019-07,2019-12,0.0952668599577709,0.5295566502463054,1.639842131748095
13,3,2019-08,2020-01,0.0573980199847351,0.4927418039471538,1.4579253487676744
14,3,2019-09,2020-02,0.0406352208397552,0.4923882017126546,1.0336967141962785
15,3,2019-10,2020-03,0.0073903819190225,0.4682153508083503,0.8268220507797769
16,3,2019-11,2020-04,-0.0070091521102767,0.4880780924947991,0.3965366726805343
17,3,2019-12,2020-05,0.0285399818841227,0.5134007382442626,0.4454841232305282
18,3,2020-01,2020-06,-0.0302449872613939,0.4902435091114336,-0.31594190085272
19,3,2020-02,2020-07,-0.0823547250398321,0.4838657369871899,-2.1976167553682657
20,3,2020-03,2020-08,-0.1621042610670712,0.4577980159375508,-4.225266854777384
21,3,2020-04,2020-09,-0.1850983052687841,0.4516337754771918,-5.709408971460685
22,3,2020-05,2020-10,-0.1160298292390834,0.4846905537459283,-3.987296978680314
23,3,2020-06,2020-11,-0.0269249394519119,0.5178197064989518,-0.4730215102358583
24,3,2020-07,2020-12,-0.0193105083162791,0.5152424577475913,-1.027668455187398
25,3,2020-08,2021-01,0.0221806521876698,0.5330332743931844,-1.4777681453144016
26,3,2020-09,2021-02,-0.0203517444059339,0.5122537241710716,-1.708914647625423
27,3,2020-10,2021-03,-0.0251533244066012,0.4888148500713946,-0.6093940162363948
28,3,2020-11,2021-04,0.0684145384611962,0.5297878976918278,1.0847653057534103
29,3,2020-12,2021-05,0.0779512078841805,0.5281733746130031,2.4265525652086493
30,3,2021-01,2021-06,0.0802924858706669,0.54348826507133,2.5065810810833167
31,3,2021-02,2021-07,0.0882452522274113,0.5346206064263086,4.632777015702081
32,3,2021-03,2021-08,0.0974355249167485,0.5132809022110105,3.446364921447608
33,3,2021-04,2021-09,0.1128378957829256,0.5239705882352941,3.508655303780456
34,3,2021-05,2021-10,0.0720831157564632,0.5202087994034302,1.202980321113318
35,3,2021-06,2021-11,0.0374372711302373,0.502972306800058,-0.1105470115752218
36,3,2021-07,2021-12,-0.0797868290990083,0.4683124007506857,-1.0538782221557317
37,3,2021-08,2022-01,-0.1759838148756913,0.4451482867837604,-4.935221839398754
38,3,2021-09,2022-02,-0.2307394964637242,0.4401373194106708,-7.648187644124997
39,3,2021-10,2022-03,-0.2344067477670098,0.4462494702641616,-8.142942928146109
40,3,2021-11,2022-04,-0.2204134007980211,0.4569215876089061,-8.748536410073886
41,3,2021-12,2022-05,-0.2276646530675378,0.4453103256331756,-5.302066813578451
42,3,2022-01,2022-06,-0.1179977699102737,0.4820706013673783,-5.3834780347909446
43,3,2022-02,2022-07,-0.0994889407785034,0.4841571609632446,-5.886191073510155
44,3,2022-03,2022-08,-0.0172831108902376,0.5198506017429797,-0.8657171428271319
45,3,2022-04,2022-09,-0.0144055928928141,0.5304115746593623,-0.8457504396055873
46,3,2022-05,2022-10,-0.0574569391897008,0.4829440905874027,-0.6905344318665283
47,3,2022-06,2022-11,-0.0689474854188659,0.4746167908873576,-2.5277476282629343
48,3,2022-07,2022-12,-0.0330223190516678,0.4816520161852937,-0.7313295814817691
49,3,2022-08,2023-01,0.0005668433677256,0.4934662535363061,0.5337891097619275
50,3,2022-09,2023-02,-0.019302706541089,0.4889671043725463,-0.0129301350383219
51,3,2022-10,2023-03,-0.0073994268497073,0.4914586070959264,1.2185205877487408
52,3,2022-11,2023-04,-0.049703555264756,0.4879905499409371,-4.079430617610986
53,3,2022-12,2023-05,-0.0024386787094573,0.5115625399258975,-6.009051809676763
54,3,2023-01,2023-06,-0.0096354024428012,0.5101962293189688,-1.9172306389843967
55,3,2023-02,2023-07,0.0988738769756957,0.5137144321968726,2.856999996781219
56,3,2023-03,2023-08,0.0876323727665392,0.493560606060606,3.481402706744117
57,3,2023-04,2023-09,0.1513729070858112,0.5018097207859359,2.529186589612932
58,3,2023-05,2023-10,0.1846981818002396,0.5318802455217336,1.6029297865365908
59,3,2023-06,2023-11,0.2205912561473751,0.5588160569105691,2.0638226758257607
60,3,2023-07,2023-12,0.2558451664556256,0.5816582914572864,3.4071754591188026
61,3,2023-08,2024-01,0.2663021840504421,0.5874953294308133,3.99984019191328
62,3,2023-09,2024-02,0.2562650624287206,0.579940417080437,4.133148518417449
63,3,2023-10,2024-03,0.2530727618330156,0.5966857560618983,8.184670891267865
64,3,2023-11,2024-04,0.2599916201782585,0.5844737496889774,21.14979020968625
65,3,2023-12,2024-05,0.2267685101769019,0.5770257156720039,5.338377420278755
66,3,2024-01,2024-06,0.2097314501734264,0.5898229540671042,4.334381638849713
67,3,2024-02,2024-07,0.1988214876000127,0.6010559921414538,3.656878018436689
68,3,2024-03,2024-08,0.2112779809359211,0.5996257018091079,4.538639218932997
69,3,2024-04,2024-09,0.1230784707077295,0.6113288658490328,4.999442102025749
70,3,2024-05,2024-10,0.11779249476463,0.6210551967832338,3.270128028241906
71,3,2024-06,2024-11,0.1491378470980967,0.6033611321708365,5.9777156833521
72,3,2024-07,2024-12,0.1125968463578013,0.5840522553611043,2.487128906012574
73,3,2024-08,2025-01,0.0632155713012907,0.5675575352635486,1.918630227757175
74,3,2024-09,2025-02,0.0036680394821745,0.5448545587875825,0.3691410019965589
75,3,2024-10,2025-03,0.006824925818379,0.5324219695136705,3.822447595107105
76,3,2024-11,2025-04,0.1062025605683735,0.5590175953079178,6.008368313543811
77,3,2024-12,2025-05,0.1236009039044897,0.5711235021948037,6.167729007901191
78,3,2025-01,2025-06,0.1216230892018519,0.5564632388274868,1.839204218332421
79,3,2025-02,2025-07,0.1311293661382565,0.5599714421703951,1.2527364544771462
80,3,2025-03,2025-08,0.1389195730852235,0.5650868259563911,0.2806105345072646
0,4,2018-07,2018-12,0.1428310640000266,0.544327445652174,1.522749633448752
1,4,2018-08,2019-01,0.1782593169064549,0.5590792838874681,2.1889570370890685
2,4,2018-09,2019-02,0.1292886453901702,0.5486486486486486,1.4230202620046757
3,4,2018-10,2019-03,0.0783541332131805,0.5378179384203481,-0.2273240946667161
4,4,2018-11,2019-04,0.0688051257977887,0.5458073224228108,0.3785837345812217
5,4,2018-12,2019-05,0.0427907854998731,0.5450213604995071,0.2460633220897929
6,4,2019-01,2019-06,-0.0451237455387587,0.5127161749745677,-0.702636110669205
7,4,2019-02,2019-07,-0.0267098346181635,0.5279919544083138,-0.8037001298299613
8,4,2019-03,2019-08,0.0185699184824997,0.5378151260504201,0.0217891679754417
9,4,2019-04,2019-09,0.091024841636547,0.5575799243726366,0.6582167263680049
10,4,2019-05,2019-10,0.1047262789567086,0.5479337460264346,0.7448735269487656
11,4,2019-06,2019-11,0.0647641145466341,0.5240384615384616,1.0648080534794946
12,4,2019-07,2019-12,0.0945558391705842,0.5288998357963876,1.6435795880946498
13,4,2019-08,2020-01,0.0578685668575294,0.4929049094764312,1.3804760888180354
14,4,2019-09,2020-02,0.0413747066293348,0.4933396764985728,0.9857658106705728
15,4,2019-10,2020-03,0.00883643884672,0.4700988855752629,0.7635259632856248
16,4,2019-11,2020-04,-0.0040032198429998,0.4891982717234757,0.447608684747483
17,4,2019-12,2020-05,0.0330575024915021,0.5143636655432515,0.2843775525369593
18,4,2020-01,2020-06,-0.0283065411375398,0.491694887921303,-0.2239571869879129
19,4,2020-02,2020-07,-0.0831910746492844,0.4853251175612129,-2.2005273678878723
20,4,2020-03,2020-08,-0.1592376511295503,0.4563343633111075,-4.223852204172083
21,4,2020-04,2020-09,-0.1823019472994884,0.4527660951148495,-5.0389601775745465
22,4,2020-05,2020-10,-0.1102144742523195,0.4859934853420195,-3.7749896979706863
23,4,2020-06,2020-11,-0.0208902305152752,0.521528785679729,-1.108026364152528
24,4,2020-07,2020-12,-0.0179318976194367,0.5146106460274839,-1.5086714729507626
25,4,2020-08,2021-01,0.0235279778770224,0.5339977495579489,-1.0964347249090944
26,4,2020-09,2021-02,-0.020460493068863,0.5141758769822201,-1.6487684521354586
27,4,2020-10,2021-03,-0.0243518472946543,0.4884975408535618,-0.7141527954772244
28,4,2020-11,2021-04,0.0712244402755267,0.5307236431690581,0.9113102834306416
29,4,2020-12,2021-05,0.0797480877677828,0.5291021671826626,2.3576730034965125
30,4,2021-01,2021-06,0.0783022250341276,0.5444086516336861,2.9116907133037966
31,4,2021-02,2021-07,0.0820312115006426,0.5340171971639764,3.159414791863674
32,4,2021-03,2021-08,0.0921850654664718,0.5129841222733343,3.514230517333996
33,4,2021-04,2021-09,0.1112600096299243,0.5225,3.8096188207029824
34,4,2021-05,2021-10,0.0718349077442677,0.5225950782997763,1.4342740516688337
35,4,2021-06,2021-11,0.0380212059528091,0.5065970711903727,-0.2777385122301765
36,4,2021-07,2021-12,-0.0791962698434303,0.4684567633896347,-1.014226157842859
37,4,2021-08,2022-01,-0.1789026324802255,0.4448603512813129,-4.730418760702504
38,4,2021-09,2022-02,-0.2314778186362842,0.4401373194106708,-7.540436738257086
39,4,2021-10,2022-03,-0.2371546992423437,0.446531996044639,-7.175213048980431
40,4,2021-11,2022-04,-0.2230533269593558,0.4570598810676255,-7.204556048276774
41,4,2021-12,2022-05,-0.2325487190072686,0.4444753687726134,-3.903511875829513
42,4,2022-01,2022-06,-0.1200596179919403,0.4787219199107018,-5.747793653971059
43,4,2022-02,2022-07,-0.100275251056759,0.4809181805379524,-6.3374392860052335
44,4,2022-03,2022-08,-0.0181062484698359,0.5194356065845899,-0.8805325902565433
45,4,2022-04,2022-09,-0.01470041982471,0.5299901671583087,-0.8205946299210658
46,4,2022-05,2022-10,-0.0582642091985451,0.4832271762208068,-0.5939154086488627
47,4,2022-06,2022-11,-0.0686476166784518,0.4772887076360568,-2.5277476282629343
48,4,2022-07,2022-12,-0.0340289866465008,0.4799776754569554,-0.8069431617407574
49,4,2022-08,2023-01,0.0007163282207694,0.4936009699582379,0.6241997978654938
50,4,2022-09,2023-02,-0.0162605255705362,0.4893732232299986,0.4574863669248696
51,4,2022-10,2023-03,-0.0042153152841257,0.4940867279894875,1.2185205877487408
52,4,2022-11,2023-04,-0.0435540166887886,0.4928468302926893,-4.087347774875116
53,4,2022-12,2023-05,0.0068904680531145,0.5168008176823815,-4.888216996501412
54,4,2023-01,2023-06,-0.0025704843676992,0.5131460818263435,-2.111779184300854
55,4,2023-02,2023-07,0.1024901444257604,0.5151243270956165,3.0181997540836782
56,4,2023-03,2023-08,0.0899226025105556,0.494949494949495,3.3908130690416063
57,4,2023-04,2023-09,0.1531456274390208,0.5019389865563598,2.491312489583079
58,4,2023-05,2023-10,0.1864736406520063,0.5327571088563197,1.6029297865365908
59,4,2023-06,2023-11,0.2220435936728338,0.5571646341463414,2.1591391884001894
60,4,2023-07,2023-12,0.2563708665274008,0.5800251256281407,3.4071754591188026
61,4,2023-08,2024-01,0.2659302448686297,0.5815170008718396,4.09489472615591
62,4,2023-09,2024-02,0.2527836610813384,0.5675273088381331,4.434858320822838
63,4,2023-10,2024-03,0.2468951869993964,0.5820640916290971,7.422817612398892
64,4,2023-11,2024-04,0.2607903336171359,0.5850957949738741,21.14979020968625
65,4,2023-12,2024-05,0.2267270632235473,0.5770257156720039,5.348076849330925
66,4,2024-01,2024-06,0.2098637966990247,0.5898229540671042,4.334381638849713
67,4,2024-02,2024-07,0.1988179636404494,0.6011787819253438,3.669884869369102
68,4,2024-03,2024-08,0.2113343347561579,0.6002495321272614,4.538639218932997
69,4,2024-04,2024-09,0.1231107067148258,0.6110759893791883,4.986944928817465
70,4,2024-05,2024-10,0.1178911213587394,0.6206896551724138,3.270128028241906
71,4,2024-06,2024-11,0.1485187302493718,0.604245640636846,6.091824542631708
72,4,2024-07,2024-12,0.1115377792601683,0.5838057678087256,2.487128906012574
73,4,2024-08,2025-01,0.0626650553030956,0.5673100717644147,1.935832311476508
74,4,2024-09,2025-02,0.0038983775891716,0.5449767782938157,0.4886386267807551
75,4,2024-10,2025-03,0.0068106164937972,0.5325429470118558,3.822447595107104
76,4,2024-11,2025-04,0.1062978622831184,0.5587732160312805,6.008368313543811
77,4,2024-12,2025-05,0.1240657172362248,0.5710048641594495,6.167729007901191
78,4,2025-01,2025-06,0.1217903356083673,0.55634310427679,1.839204218332421
79,4,2025-02,2025-07,0.1307642139491605,0.5594954783436459,1.2527364544771462
80,4,2025-03,2025-08,0.1387220654194685,0.5656090873482178,0.2806105345072645
