fold_id,cell_id,cell_name,model,regime,train_start_month,train_end_month,test_start_month,test_end_month,n_train,n_test,n_features,clip_lower,clip_upper,rank_ic,ic_pearson,hit_ratio,sharpe_ls
0,1,ridge_static,ridge,False,2015-07,2018-06,2018-07,2018-12,36666,5888,33,-5.4251587137898545,7.825901359772773,0.2047196935596903,0.14262577788558248,0.5769361413043478,3.2663050201536823
0,2,ridge_adapt,ridge,True,2015-07,2018-06,2018-07,2018-12,36666,5888,36,-5.4251587137898545,7.825901359772773,0.20499090164129805,0.14354566836653418,0.5849184782608695,3.436695610091885
0,3,hybrid_static,hybrid,False,2015-07,2018-06,2018-07,2018-12,36666,5888,33,-5.4251587137898545,7.825901359772773,0.13261468018803826,0.10211546452662115,0.5383831521739131,1.582750647687948
0,4,hybrid_adapt,hybrid,True,2015-07,2018-06,2018-07,2018-12,36666,5888,36,-5.4251587137898545,7.825901359772773,0.13505272782748934,0.10226147648046915,0.5431385869565217,1.5937317900646768
1,1,ridge_static,ridge,False,2015-08,2018-07,2018-08,2019-01,36677,5865,33,-5.65381857281098,7.868681132686727,0.2528033901326627,0.1696276501807245,0.6059676044330776,3.3337311879806775
1,2,ridge_adapt,ridge,True,2015-08,2018-07,2018-08,2019-01,36677,5865,36,-5.65381857281098,7.868681132686727,0.2511134493840381,0.16930164857623967,0.6097186700767263,3.373136763399622
1,3,hybrid_static,hybrid,False,2015-08,2018-07,2018-08,2019-01,36677,5865,33,-5.65381857281098,7.868681132686727,0.18102087517258705,0.08116117444324546,0.5561807331628303,1.8330998538123284
1,4,hybrid_adapt,hybrid,True,2015-08,2018-07,2018-08,2019-01,36677,5865,36,-5.65381857281098,7.868681132686727,0.18246187555111668,0.09246191940793709,0.5577152600170503,1.9065201462870207
2,1,ridge_static,ridge,False,2015-09,2018-08,2018-09,2019-02,36698,5920,33,-5.494654154714803,8.13023311613298,0.2491877906823161,0.1526134091672367,0.6037162162162162,4.728030639433162
2,2,ridge_adapt,ridge,True,2015-09,2018-08,2018-09,2019-02,36698,5920,36,-5.494654154714803,8.13023311613298,0.24661979230191788,0.1512818860910107,0.6160472972972973,2.6856780915007494
2,3,hybrid_static,hybrid,False,2015-09,2018-08,2018-09,2019-02,36698,5920,33,-5.494654154714803,8.13023311613298,0.11525402125012624,0.039198583538167,0.5425675675675675,1.2662502990221531
2,4,hybrid_adapt,hybrid,True,2015-09,2018-08,2018-09,2019-02,36698,5920,36,-5.494654154714803,8.13023311613298,0.12565182685947895,0.028765337801726448,0.5451013513513514,1.358175162632295
3,1,ridge_static,ridge,False,2015-10,2018-09,2018-10,2019-03,36705,5976,33,-5.219107697844064,8.243639308639892,0.2120540033352491,0.12251949312433705,0.5873493975903614,2.929786663583142
3,2,ridge_adapt,ridge,True,2015-10,2018-09,2018-10,2019-03,36705,5976,36,-5.219107697844064,8.243639308639892,0.208742804774099,0.12011827928836812,0.6000669344042838,2.4947375450118625
3,3,hybrid_static,hybrid,False,2015-10,2018-09,2018-10,2019-03,36705,5976,33,-5.219107697844064,8.243639308639892,0.07256771838374906,0.015962550124467047,0.5396586345381527,0.15681274071484352
3,4,hybrid_adapt,hybrid,True,2015-10,2018-09,2018-10,2019-03,36705,5976,36,-5.219107697844064,8.243639308639892,0.06777011650602378,0.012836348094446056,0.5363119143239625,0.2282228474224998
4,1,ridge_static,ridge,False,2015-11,2018-10,2018-11,2019-04,36796,5927,33,-5.4725407188415796,8.452141530511904,0.1411879762141164,0.07225084693490487,0.5447950059051797,1.591998730027461
4,2,ridge_adapt,ridge,True,2015-11,2018-10,2018-11,2019-04,36796,5927,36,-5.4725407188415796,8.452141530511904,0.13520257977345948,0.06828597626626424,0.560485911928463,1.4175327051590487
4,3,hybrid_static,hybrid,False,2015-11,2018-10,2018-11,2019-04,36796,5927,33,-5.4725407188415796,8.452141530511904,0.06840493059589574,-0.026686065126703313,0.5490129913953096,0.25053258199620776
4,4,hybrid_adapt,hybrid,True,2015-11,2018-10,2018-11,2019-04,36796,5927,36,-5.4725407188415796,8.452141530511904,0.06407891227213325,-0.02918186000917397,0.5447950059051797,0.1719618635900026
5,1,ridge_static,ridge,False,2015-12,2018-11,2018-12,2019-05,36771,6086,33,-4.8620426174022695,8.506510785473463,0.08472590592234164,0.028593263113736125,0.49769963851462373,1.1925223655829489
5,2,ridge_adapt,ridge,True,2015-12,2018-11,2018-12,2019-05,36771,6086,36,-4.8620426174022695,8.506510785473463,0.08034233776062728,0.02476733141909735,0.5218534341110745,0.9225601696527761
5,3,hybrid_static,hybrid,False,2015-12,2018-11,2018-12,2019-05,36771,6086,33,-4.8620426174022695,8.506510785473463,0.03978814377200235,-0.05616897011396932,0.5458429181728557,-0.1007340584896983
5,4,hybrid_adapt,hybrid,True,2015-12,2018-11,2018-12,2019-05,36771,6086,36,-4.8620426174022695,8.506510785473463,0.03558785160015416,-0.05831414990201617,0.5441998028261584,0.3293795708154947
6,1,ridge_static,ridge,False,2016-01,2018-12,2019-01,2019-06,36795,5898,33,-4.216786725820956,8.46891012110557,0.0079178783074448,-0.007958174277485932,0.4665988470668023,-1.8573619441302003
6,2,ridge_adapt,ridge,True,2016-01,2018-12,2019-01,2019-06,36795,5898,36,-4.216786725820956,8.46891012110557,0.004153923044477839,-0.011894426947659917,0.48168870803662256,-1.235922700382542
6,3,hybrid_static,hybrid,False,2016-01,2018-12,2019-01,2019-06,36795,5898,33,-4.216786725820956,8.46891012110557,-0.04413294826360469,-0.042724408037526376,0.5240759579518481,-2.010664755370868
6,4,hybrid_adapt,hybrid,True,2016-01,2018-12,2019-01,2019-06,36795,5898,36,-4.216786725820956,8.46891012110557,-0.04722575620879796,-0.04516680586757314,0.5223804679552391,-1.9983931513636788
7,1,ridge_static,ridge,False,2016-02,2019-01,2019-02,2019-07,36889,5966,33,-3.879449379011943,8.244407630308306,0.008855794699072597,-0.008136525090073286,0.4659738518270198,-0.8210285121292749
7,2,ridge_adapt,ridge,True,2016-02,2019-01,2019-02,2019-07,36889,5966,36,-3.879449379011943,8.244407630308306,0.0044671493131905665,-0.011521656673175402,0.46345960442507544,-1.0676743875334438
7,3,hybrid_static,hybrid,False,2016-02,2019-01,2019-02,2019-07,36889,5966,33,-3.879449379011943,8.244407630308306,-0.02535054054536206,-0.03009911794182414,0.5226282266174992,-0.4377840568218152
7,4,hybrid_adapt,hybrid,True,2016-02,2019-01,2019-02,2019-07,36889,5966,36,-3.879449379011943,8.244407630308306,-0.02958474001806428,-0.0320731334975354,0.522963459604425,-0.9875699671698728
8,1,ridge_static,ridge,False,2016-03,2019-02,2019-03,2019-08,36798,5831,33,-3.7493269056571172,7.8502259286370215,0.02815055911243241,0.0035474478344540753,0.4700737437832276,0.2234584923670228
8,2,ridge_adapt,ridge,True,2016-03,2019-02,2019-03,2019-08,36798,5831,36,-3.7493269056571172,7.8502259286370215,0.0247403869264321,-7.323597115065279e-05,0.468187274909964,0.24601129954318277
8,3,hybrid_static,hybrid,False,2016-03,2019-02,2019-03,2019-08,36798,5831,33,-3.7493269056571172,7.8502259286370215,0.00227907220134728,-0.05287829621299088,0.5340421883038929,-0.43580655941358726
8,4,hybrid_adapt,hybrid,True,2016-03,2019-02,2019-03,2019-08,36798,5831,36,-3.7493269056571172,7.8502259286370215,-0.0011323395313437624,-0.05511178018721222,0.5338706911335963,-0.43580655941358726
9,1,ridge_static,ridge,False,2016-04,2019-03,2019-04,2019-09,36654,5818,33,-3.837725884189899,7.748233112091993,0.09088028895260954,0.02238528336367612,0.49759367480233757,0.6729821590561974
9,2,ridge_adapt,ridge,True,2016-04,2019-03,2019-04,2019-09,36654,5818,36,-3.837725884189899,7.748233112091993,0.08834392291530996,0.02044821497713207,0.49329666552079754,0.6729821590561974
9,3,hybrid_static,hybrid,False,2016-04,2019-03,2019-04,2019-09,36654,5818,33,-3.837725884189899,7.748233112091993,0.0879572918726588,0.01289720249768351,0.5515641113784806,0.6743896850487383
9,4,hybrid_adapt,hybrid,True,2016-04,2019-03,2019-04,2019-09,36654,5818,36,-3.837725884189899,7.748233112091993,0.08524444959282651,0.011861249326618022,0.5508765898934341,0.6047595968853606
10,1,ridge_static,ridge,False,2016-05,2019-04,2019-05,2019-10,36655,5977,33,-4.000944150533811,7.748183372051262,0.09109287091515429,-0.0030067952594340745,0.5062740505270202,0.7791944862710707
10,2,ridge_adapt,ridge,True,2016-05,2019-04,2019-05,2019-10,36655,5977,36,-4.000944150533811,7.748183372051262,0.08893067981312328,-0.0029650713362441078,0.5020913501756734,0.6119401448877926
10,3,hybrid_static,hybrid,False,2016-05,2019-04,2019-05,2019-10,36655,5977,33,-4.000944150533811,7.748183372051262,0.08428224581924373,-0.05787610857754309,0.5414087334783336,0.5126996366086969
10,4,hybrid_adapt,hybrid,True,2016-05,2019-04,2019-05,2019-10,36655,5977,36,-4.000944150533811,7.748183372051262,0.08876204192095266,-0.05769076469509377,0.5437510456750878,0.5448299064958132
11,1,ridge_static,ridge,False,2016-06,2019-05,2019-06,2019-11,36649,5824,33,-4.357965413933271,7.748481812295578,0.1127181510506056,0.061635658144795887,0.5336538461538461,1.3529386827808008
11,2,ridge_adapt,ridge,True,2016-06,2019-05,2019-06,2019-11,36649,5824,36,-4.357965413933271,7.748481812295578,0.11091089342939174,0.06205801598641806,0.5125343406593407,1.1582873264598013
11,3,hybrid_static,hybrid,False,2016-06,2019-05,2019-06,2019-11,36649,5824,33,-4.357965413933271,7.748481812295578,0.05908896332671503,0.03677673263605862,0.515625,0.9544243009625332
11,4,hybrid_adapt,hybrid,True,2016-06,2019-05,2019-06,2019-11,36649,5824,36,-4.357965413933271,7.748481812295578,0.05880385975307061,0.037048984620613484,0.5157967032967034,1.0222698246963138
12,1,ridge_static,ridge,False,2016-07,2019-06,2019-07,2019-12,36411,6090,33,-4.390376079152606,7.740794715742457,0.14607948212994093,0.13291960359826438,0.545648604269294,1.8802841572057785
12,2,ridge_adapt,ridge,True,2016-07,2019-06,2019-07,2019-12,36411,6090,36,-4.390376079152606,7.740794715742457,0.14325711379734704,0.13338531927839223,0.5233169129720854,1.841878032349327
12,3,hybrid_static,hybrid,False,2016-07,2019-06,2019-07,2019-12,36411,6090,33,-4.390376079152606,7.740794715742457,0.10214941098913731,0.1427363190166107,0.5292282430213465,1.2032743183162842
12,4,hybrid_adapt,hybrid,True,2016-07,2019-06,2019-07,2019-12,36411,6090,36,-4.390376079152606,7.740794715742457,0.10112174337707545,0.14198076163377532,0.5292282430213465,1.2165537114431222
13,1,ridge_static,ridge,False,2016-08,2019-07,2019-08,2020-01,36562,6131,33,-4.272376876742622,7.747835191766214,0.07388648891956565,0.09288420250608552,0.5371065079106182,0.6596390459318417
13,2,ridge_adapt,ridge,True,2016-08,2019-07,2019-08,2020-01,36562,6131,36,-4.272376876742622,7.747835191766214,0.0714519105397141,0.09270319314408751,0.5548850106018594,0.659639045931842
13,3,hybrid_static,hybrid,False,2016-08,2019-07,2019-08,2020-01,36562,6131,33,-4.272376876742622,7.747835191766214,0.06371276390061646,0.110573180199783,0.5056271407600718,1.558281252139252
13,4,hybrid_adapt,hybrid,True,2016-08,2019-07,2019-08,2020-01,36562,6131,36,-4.272376876742622,7.747835191766214,0.06316049275310379,0.11089320526977257,0.5038329799380199,1.5582812521392517
14,1,ridge_static,ridge,False,2016-09,2019-08,2019-09,2020-02,36252,6306,33,-4.197441009554223,7.266608947464568,0.03988504507523748,0.05579623952829888,0.527117031398668,0.08088474249950815
14,2,ridge_adapt,ridge,True,2016-09,2019-08,2019-09,2020-02,36252,6306,36,-4.197441009554223,7.266608947464568,0.03789129072550158,0.055720222703707106,0.5488423723437995,-0.5093171921707615
14,3,hybrid_static,hybrid,False,2016-09,2019-08,2019-09,2020-02,36252,6306,33,-4.197441009554223,7.266608947464568,0.05001415637413316,0.11120552958538961,0.5009514747859182,0.8247565491246245
14,4,hybrid_adapt,hybrid,True,2016-09,2019-08,2019-09,2020-02,36252,6306,36,-4.197441009554223,7.266608947464568,0.052104776318884646,0.11438708927940781,0.5006343165239454,0.8247565491246246
15,1,ridge_static,ridge,False,2016-10,2019-09,2019-10,2020-03,36265,6371,33,-3.9025827140492284,6.818575973777561,0.016082406362136713,0.025008637718578378,0.5153037199811646,0.39907219029238217
15,2,ridge_adapt,ridge,True,2016-10,2019-09,2019-10,2020-03,36265,6371,36,-3.9025827140492284,6.818575973777561,0.01677501906010214,0.0263324579258882,0.5320985716528017,0.40550879024138137
15,3,hybrid_static,hybrid,False,2016-10,2019-09,2019-10,2020-03,36265,6371,33,-3.9025827140492284,6.818575973777561,0.015369968244431214,0.015810765812282808,0.48375451263537905,0.9173364878072685
15,4,hybrid_adapt,hybrid,True,2016-10,2019-09,2019-10,2020-03,36265,6371,36,-3.9025827140492284,6.818575973777561,0.016298478358069912,0.01704449304604772,0.48501020247998744,0.2658253118661438
16,1,ridge_static,ridge,False,2016-11,2019-10,2019-11,2020-04,36493,6249,33,-4.619879653064472,6.251528468665835,0.005884169719311852,0.04936039514655013,0.52296367418787,0.75813599750425
16,2,ridge_adapt,ridge,True,2016-11,2019-10,2019-11,2020-04,36493,6249,36,-4.619879653064472,6.251528468665835,0.01025021334586425,0.05403028920459134,0.5330452872459593,0.661172653811616
16,3,hybrid_static,hybrid,False,2016-11,2019-10,2019-11,2020-04,36493,6249,33,-4.619879653064472,6.251528468665835,0.0163613523274851,0.04325982449475333,0.4875980156825092,0.8759118717758532
16,4,hybrid_adapt,hybrid,True,2016-11,2019-10,2019-11,2020-04,36493,6249,36,-4.619879653064472,6.251528468665835,0.020068017203171525,0.04607519093408104,0.485837734037446,0.4827563852029646
17,1,ridge_static,ridge,False,2016-12,2019-11,2019-12,2020-05,36356,6231,33,-4.272939355495098,5.907799157898552,0.01933279764427611,0.02249953615450745,0.5307334296260632,-0.08583029866557174
17,2,ridge_adapt,ridge,True,2016-12,2019-11,2019-12,2020-05,36356,6231,36,-4.272939355495098,5.907799157898552,0.0263196438294744,0.029236240694722904,0.535387578237843,-0.3638056253974889
17,3,hybrid_static,hybrid,False,2016-12,2019-11,2019-12,2020-05,36356,6231,33,-4.272939355495098,5.907799157898552,0.03349167092596932,-0.009101270240703955,0.5162895201412293,0.20822115160256596
17,4,hybrid_adapt,hybrid,True,2016-12,2019-11,2019-12,2020-05,36356,6231,36,-4.272939355495098,5.907799157898552,0.03700808726810667,-0.00488075781849792,0.5186968383887016,0.14394388443471479
18,1,ridge_static,ridge,False,2017-01,2019-12,2020-01,2020-06,36505,6201,33,-4.145106982094829,6.192414552883428,0.013100705636325915,-0.021426620223270448,0.5228189001773907,-1.8299798108535728
18,2,ridge_adapt,ridge,True,2017-01,2019-12,2020-01,2020-06,36505,6201,36,-4.145106982094829,6.192414552883428,0.016393808940484443,-0.01670853253885022,0.5158845347524593,-2.475596291735119
18,3,hybrid_static,hybrid,False,2017-01,2019-12,2020-01,2020-06,36505,6201,33,-4.145106982094829,6.192414552883428,-0.022236005683029015,-0.060023921751071845,0.4997581035316884,-0.9542022362465116
18,4,hybrid_adapt,hybrid,True,2017-01,2019-12,2020-01,2020-06,36505,6201,36,-4.145106982094829,6.192414552883428,-0.020233270468717954,-0.060186910558490944,0.5008869537171424,-0.8952391906067997
19,1,ridge_static,ridge,False,2017-02,2020-01,2020-02,2020-07,36576,6167,33,-4.157039706912844,6.41222245447911,-0.015336398162295432,-0.07083886921082913,0.49732446894762444,-1.8597917834597237
19,2,ridge_adapt,ridge,True,2017-02,2020-01,2020-02,2020-07,36576,6167,36,-4.157039706912844,6.41222245447911,-0.012465389844353391,-0.06694576927579923,0.48402789038430355,-1.8897487980387193
19,3,hybrid_static,hybrid,False,2017-02,2020-01,2020-02,2020-07,36576,6167,33,-4.157039706912844,6.41222245447911,-0.1000500095235683,-0.14449617872780587,0.4817577428247122,-2.323043449792719
19,4,hybrid_adapt,hybrid,True,2017-02,2020-01,2020-02,2020-07,36576,6167,36,-4.157039706912844,6.41222245447911,-0.09808904699298247,-0.146813657269873,0.4820820496189395,-2.323049412932464
20,1,ridge_static,ridge,False,2017-03,2020-02,2020-03,2020-08,36568,6149,33,-4.271814397990147,6.714153028664294,-0.08141081770848321,-0.13668268337513764,0.4719466579931696,-3.6164566030733334
20,2,ridge_adapt,ridge,True,2017-03,2020-02,2020-03,2020-08,36568,6149,36,-4.271814397990147,6.714153028664294,-0.07660261338686832,-0.1322109166865519,0.45356968612782567,-3.5747134183159144
20,3,hybrid_static,hybrid,False,2017-03,2020-02,2020-03,2020-08,36568,6149,33,-4.271814397990147,6.714153028664294,-0.18500639989416706,-0.28438184144265566,0.45145552122296306,-3.8076880516860343
20,4,hybrid_adapt,hybrid,True,2017-03,2020-02,2020-03,2020-08,36568,6149,36,-4.271814397990147,6.714153028664294,-0.181857379923035,-0.2821268620312778,0.4542201984062449,-3.779565541559811
21,1,ridge_static,ridge,False,2017-04,2020-03,2020-04,2020-09,36491,6182,33,-4.217839581194619,6.539128580930731,-0.14282354174256062,-0.2074561196829142,0.43303138142995795,-4.718384467898407
21,2,ridge_adapt,ridge,True,2017-04,2020-03,2020-04,2020-09,36491,6182,36,-4.217839581194619,6.539128580930731,-0.1358671812549645,-0.20053951590480223,0.4288256227758007,-4.752818531748181
21,3,hybrid_static,hybrid,False,2017-04,2020-03,2020-04,2020-09,36491,6182,33,-4.217839581194619,6.539128580930731,-0.21876650831891623,-0.3161092198305954,0.44597217728890326,-5.387499400630935
21,4,hybrid_adapt,hybrid,True,2017-04,2020-03,2020-04,2020-09,36491,6182,36,-4.217839581194619,6.539128580930731,-0.21399697541730806,-0.31295185916981283,0.4485603364606923,-5.355363514427618
22,1,ridge_static,ridge,False,2017-05,2020-04,2020-05,2020-10,36553,6140,33,-4.25034184339313,6.594021770156785,-0.13099011713781494,-0.21343668075222189,0.4271986970684039,-3.5423159140776073
22,2,ridge_adapt,ridge,True,2017-05,2020-04,2020-05,2020-10,36553,6140,36,-4.25034184339313,6.594021770156785,-0.125468129395393,-0.2068748471539826,0.41596091205211727,-3.597221226001699
22,3,hybrid_static,hybrid,False,2017-05,2020-04,2020-05,2020-10,36553,6140,33,-4.25034184339313,6.594021770156785,-0.14683070503574214,-0.1850812023096177,0.48013029315960915,-4.533461931149505
22,4,hybrid_adapt,hybrid,True,2017-05,2020-04,2020-05,2020-10,36553,6140,36,-4.25034184339313,6.594021770156785,-0.14170004592099092,-0.18113490772661472,0.4827361563517915,-4.689711516035362
23,1,ridge_static,ridge,False,2017-06,2020-05,2020-06,2020-11,36343,6201,33,-4.077818746125319,6.526822584855857,-0.11612329237374024,-0.16645865991626357,0.4373488147073053,-1.6679532613944033
23,2,ridge_adapt,ridge,True,2017-06,2020-05,2020-06,2020-11,36343,6201,36,-4.077818746125319,6.526822584855857,-0.11298208312237745,-0.16286078095169595,0.43138203515562007,-1.6511381837072296
23,3,hybrid_static,hybrid,False,2017-06,2020-05,2020-06,2020-11,36343,6201,33,-4.077818746125319,6.526822584855857,-0.05315931193046884,-0.10746055443159455,0.5108853410740203,-0.9024470822721212
23,4,hybrid_adapt,hybrid,True,2017-06,2020-05,2020-06,2020-11,36343,6201,36,-4.077818746125319,6.526822584855857,-0.04440971438885128,-0.13481680372466626,0.5152394775036284,-1.4267739549213807
24,1,ridge_static,ridge,False,2017-07,2020-06,2020-07,2020-12,36417,6331,33,-4.408812001228329,6.207211582111831,-0.07703762877389449,-0.11169743536834616,0.45158742694676984,0.03938191267625538
24,2,ridge_adapt,ridge,True,2017-07,2020-06,2020-07,2020-12,36417,6331,36,-4.408812001228329,6.207211582111831,-0.07440126074528092,-0.10934050780836915,0.4574316853577634,0.2823038830739414
24,3,hybrid_static,hybrid,False,2017-07,2020-06,2020-07,2020-12,36417,6331,33,-4.408812001228329,6.207211582111831,-0.031203299472444324,-0.08556175146008738,0.5120833991470541,-1.1055022333527316
24,4,hybrid_adapt,hybrid,True,2017-07,2020-06,2020-07,2020-12,36417,6331,36,-4.408812001228329,6.207211582111831,-0.03033883320545744,-0.08356727490649447,0.5100300110567051,-1.1055022333527311
25,1,ridge_static,ridge,False,2017-08,2020-07,2020-08,2021-01,36422,6221,33,-4.248030944996385,5.569165309992096,-0.04982335291255078,-0.07817803285611795,0.47628998553287255,-0.01788159084925532
25,2,ridge_adapt,ridge,True,2017-08,2020-07,2020-08,2021-01,36422,6221,36,-4.248030944996385,5.569165309992096,-0.047731755234494154,-0.07449829266250022,0.48529175373734124,0.006156282480738045
25,3,hybrid_static,hybrid,False,2017-08,2020-07,2020-08,2021-01,36422,6221,33,-4.248030944996385,5.569165309992096,0.0005640172796247406,0.001003709801678844,0.5282108985693619,-1.0194415722722001
25,4,hybrid_adapt,hybrid,True,2017-08,2020-07,2020-08,2021-01,36422,6221,36,-4.248030944996385,5.569165309992096,0.0032274651814527345,0.0033914278889625228,0.5286931361517441,-0.548703723664853
26,1,ridge_static,ridge,False,2017-09,2020-08,2020-09,2021-02,36354,6243,33,-4.114728392241281,5.553487641422241,-0.05264995270176048,-0.09204949401750695,0.48822681403171553,-0.759632268323418
26,2,ridge_adapt,ridge,True,2017-09,2020-08,2020-09,2021-02,36354,6243,36,-4.114728392241281,5.553487641422241,-0.04916789227205084,-0.08894396034482793,0.5093704949543488,-0.7745888905357722
26,3,hybrid_static,hybrid,False,2017-09,2020-08,2020-09,2021-02,36354,6243,33,-4.114728392241281,5.553487641422241,-0.037757743884395886,-0.05621571860279447,0.5172192855998718,-1.8345259331049735
26,4,hybrid_adapt,hybrid,True,2017-09,2020-08,2020-09,2021-02,36354,6243,36,-4.114728392241281,5.553487641422241,-0.03836377417404222,-0.05511629716792942,0.5151369533877943,-1.8522907227285086
27,1,ridge_static,ridge,False,2017-10,2020-09,2020-10,2021-03,36547,6303,33,-4.511487044874051,5.499096853212274,-0.013257545453058548,-0.03120147690489451,0.504045692527368,1.617608347566949
27,2,ridge_adapt,ridge,True,2017-10,2020-09,2020-10,2021-03,36547,6303,36,-4.511487044874051,5.499096853212274,-0.011327857066434945,-0.029014372712388093,0.5275265746469935,1.7975133541066124
27,3,hybrid_static,hybrid,False,2017-10,2020-09,2020-10,2021-03,36547,6303,33,-4.511487044874051,5.499096853212274,-0.033056950343537686,0.0033989571617789164,0.49198794224972237,-0.538747442301939
27,4,hybrid_adapt,hybrid,True,2017-10,2020-09,2020-10,2021-03,36547,6303,36,-4.511487044874051,5.499096853212274,-0.03266986751752721,0.003803360024369401,0.4926225606853879,-0.9413803444094047
28,1,ridge_static,ridge,False,2017-11,2020-10,2020-11,2021-04,36503,6412,33,-4.87884413992748,5.608453547053326,0.04123861856739735,0.1006463393799094,0.5090455396132252,2.034254015243405
28,2,ridge_adapt,ridge,True,2017-11,2020-10,2020-11,2021-04,36503,6412,36,-4.87884413992748,5.608453547053326,0.04276554001862377,0.10173401510744412,0.5311915159076731,2.582392911481544
28,3,hybrid_static,hybrid,False,2017-11,2020-10,2020-11,2021-04,36503,6412,33,-4.87884413992748,5.608453547053326,0.056782347048181005,0.17251567123700423,0.5269806612601372,0.9973401317834467
28,4,hybrid_adapt,hybrid,True,2017-11,2020-10,2020-11,2021-04,36503,6412,36,-4.87884413992748,5.608453547053326,0.05926561810864712,0.17328641991205665,0.5274485339987524,0.9114506570201161
29,1,ridge_static,ridge,False,2017-12,2020-11,2020-12,2021-05,36374,6460,33,-5.011118512064643,5.607266189519688,0.045633398413728536,0.1072458647841688,0.5168730650154799,3.1532264010891518
29,2,ridge_adapt,ridge,True,2017-12,2020-11,2020-12,2021-05,36374,6460,36,-5.011118512064643,5.607266189519688,0.04717295528389302,0.10666145711005173,0.524922600619195,2.8693926974095865
29,3,hybrid_static,hybrid,False,2017-12,2020-11,2020-12,2021-05,36374,6460,33,-5.011118512064643,5.607266189519688,0.07003223129436524,0.16135489638119058,0.5284829721362229,2.497241713356136
29,4,hybrid_adapt,hybrid,True,2017-12,2020-11,2020-12,2021-05,36374,6460,36,-5.011118512064643,5.607266189519688,0.07196521862541998,0.1621760400708577,0.5284829721362229,2.5376640674855597
30,1,ridge_static,ridge,False,2018-01,2020-12,2021-01,2021-06,36537,6519,33,-4.753489376698056,5.5810889571058215,0.06428931895555436,0.13054838786469397,0.5281484890320601,3.4734990888110144
30,2,ridge_adapt,ridge,True,2018-01,2020-12,2021-01,2021-06,36537,6519,36,-4.753489376698056,5.5810889571058215,0.06247048541382163,0.1260165628888525,0.5029912563276576,3.3323606420338034
30,3,hybrid_static,hybrid,False,2018-01,2020-12,2021-01,2021-06,36537,6519,33,-4.753489376698056,5.5810889571058215,0.07654840152744002,0.1900422472097371,0.5447154471544715,3.17743562512916
30,4,hybrid_adapt,hybrid,True,2018-01,2020-12,2021-01,2021-06,36537,6519,36,-4.753489376698056,5.5810889571058215,0.07495977894688545,0.1872987515270817,0.5433348673109373,3.2316877415588694
31,1,ridge_static,ridge,False,2018-02,2021-01,2021-02,2021-07,36524,6629,33,-4.980445488870232,5.577520164274376,0.09856070978014089,0.1604311895172742,0.5380902096847187,3.441934519509462
31,2,ridge_adapt,ridge,True,2018-02,2021-01,2021-02,2021-07,36524,6629,36,-4.980445488870232,5.577520164274376,0.09112195196817914,0.15190321432868775,0.5059586664655302,3.463756240877156
31,3,hybrid_static,hybrid,False,2018-02,2021-01,2021-02,2021-07,36524,6629,33,-4.980445488870232,5.577520164274376,0.10230228076681096,0.24701063367711454,0.5338663448483935,4.138811344643329
31,4,hybrid_adapt,hybrid,True,2018-02,2021-01,2021-02,2021-07,36524,6629,36,-4.980445488870232,5.577520164274376,0.09445680393649729,0.24312943727211123,0.5308492985367326,2.731168744011385
32,1,ridge_static,ridge,False,2018-03,2021-02,2021-03,2021-08,36548,6739,33,-4.981184777458327,5.2095502435816465,0.08236582180263816,0.15579361782545462,0.5204036207152396,2.638065142743476
32,2,ridge_adapt,ridge,True,2018-03,2021-02,2021-03,2021-08,36548,6739,36,-4.981184777458327,5.2095502435816465,0.07418313162482033,0.1462352076428157,0.5012613147351239,3.4563869346225005
32,3,hybrid_static,hybrid,False,2018-03,2021-02,2021-03,2021-08,36548,6739,33,-4.981184777458327,5.2095502435816465,0.10464760922266285,0.30656187833411075,0.5214423504971064,2.9483808782389045
32,4,hybrid_adapt,hybrid,True,2018-03,2021-02,2021-03,2021-08,36548,6739,36,-4.981184777458327,5.2095502435816465,0.09817410832378604,0.29877279022747577,0.5186229410891824,3.2050365821078772
33,1,ridge_static,ridge,False,2018-04,2021-03,2021-04,2021-09,36665,6800,33,-5.568500726215218,4.865434729719462,0.08651582346732255,0.14277697790766533,0.5219117647058824,3.1636931672592534
33,2,ridge_adapt,ridge,True,2018-04,2021-03,2021-04,2021-09,36665,6800,36,-5.568500726215218,4.865434729719462,0.08031942922141452,0.13755907564828143,0.5060294117647058,3.4484077165142324
33,3,hybrid_static,hybrid,False,2018-04,2021-03,2021-04,2021-09,36665,6800,33,-5.568500726215218,4.865434729719462,0.11778136653816466,0.2765601152202632,0.5245588235294117,3.416468028299458
33,4,hybrid_adapt,hybrid,True,2018-04,2021-03,2021-04,2021-09,36665,6800,36,-5.568500726215218,4.865434729719462,0.11398790689029313,0.2750181480134003,0.5233823529411765,3.219039059760215
34,1,ridge_static,ridge,False,2018-05,2021-04,2021-05,2021-10,36787,6705,33,-5.302558587378644,4.962434857266339,0.06254445218180543,0.10153249818365409,0.5100671140939598,-0.13051311955607645
34,2,ridge_adapt,ridge,True,2018-05,2021-04,2021-05,2021-10,36787,6705,36,-5.302558587378644,4.962434857266339,0.05882818407767841,0.09869084901343508,0.49589858314690527,0.27724795957364473
34,3,hybrid_static,hybrid,False,2018-05,2021-04,2021-05,2021-10,36787,6705,33,-5.302558587378644,4.962434857266339,0.0813907405586303,0.1518931118445188,0.5152870991797166,1.7317325794803329
34,4,hybrid_adapt,hybrid,True,2018-05,2021-04,2021-05,2021-10,36787,6705,36,-5.302558587378644,4.962434857266339,0.0819428070582967,0.14873880545639462,0.5172259507829977,1.6815596407451452
35,1,ridge_static,ridge,False,2018-06,2021-05,2021-06,2021-11,36703,6897,33,-6.045276930276943,5.2017178352517215,0.023709154587182115,-0.001027254417269276,0.501232419892707,-2.410749608601827
35,2,ridge_adapt,ridge,True,2018-06,2021-05,2021-06,2021-11,36703,6897,36,-6.045276930276943,5.2017178352517215,0.021827628124898635,-0.0003467453172413526,0.502247353921995,-2.2881428084174855
35,3,hybrid_static,hybrid,False,2018-06,2021-05,2021-06,2021-11,36703,6897,33,-6.045276930276943,5.2017178352517215,0.06455996559849589,0.07410706351959243,0.5034072785268957,-0.45711435263403427
35,4,hybrid_adapt,hybrid,True,2018-06,2021-05,2021-06,2021-11,36703,6897,36,-6.045276930276943,5.2017178352517215,0.06424983250002182,0.0709502751586697,0.5052921560098593,-0.4793535374145885
36,1,ridge_static,ridge,False,2018-07,2021-06,2021-07,2021-12,36927,6927,33,-6.554844494761958,5.356436156675406,-0.09374244541609869,-0.1211493451382042,0.4697560271401761,-3.8840818712883145
36,2,ridge_adapt,ridge,True,2018-07,2021-06,2021-07,2021-12,36927,6927,36,-6.554844494761958,5.356436156675406,-0.09508945920508251,-0.12115707305540463,0.46484769741590876,-3.8840818712883145
36,3,hybrid_static,hybrid,False,2018-07,2021-06,2021-07,2021-12,36927,6927,33,-6.554844494761958,5.356436156675406,-0.05627180911736477,-0.09368775935379128,0.47451999422549446,-1.184796877544794
36,4,hybrid_adapt,hybrid,True,2018-07,2021-06,2021-07,2021-12,36927,6927,36,-6.554844494761958,5.356436156675406,-0.05680109939941765,-0.09383377150861313,0.4740869063086473,-1.226529001299015
37,1,ridge_static,ridge,False,2018-08,2021-07,2021-08,2022-01,36979,6946,33,-6.636092633710496,5.366691010835905,-0.18276909750060347,-0.19658306869618544,0.4477397063057875,-4.648092360425618
37,2,ridge_adapt,ridge,True,2018-08,2021-07,2021-08,2022-01,36979,6946,36,-6.636092633710496,5.366691010835905,-0.18365026724058342,-0.19636165898910485,0.4398214799884826,-4.3599476505295005
37,3,hybrid_static,hybrid,False,2018-08,2021-07,2021-08,2022-01,36979,6946,33,-6.636092633710496,5.366691010835905,-0.1579382001257116,-0.21057940989684434,0.45508206161819753,-4.893544630874892
37,4,hybrid_adapt,hybrid,True,2018-08,2021-07,2021-08,2022-01,36979,6946,36,-6.636092633710496,5.366691010835905,-0.16010060155135944,-0.2132291862402497,0.4530665131010654,-4.500567911800112
38,1,ridge_static,ridge,False,2018-09,2021-08,2021-09,2022-02,37188,6991,33,-7.355748160862135,5.235673082867636,-0.2210119100553068,-0.2613350881588934,0.444142468888571,-5.8800634656589414
38,2,ridge_adapt,ridge,True,2018-09,2021-08,2021-09,2022-02,37188,6991,36,-7.355748160862135,5.235673082867636,-0.22212912373408902,-0.26068159403170504,0.42926619939922755,-6.049218205821557
38,3,hybrid_static,hybrid,False,2018-09,2021-08,2021-09,2022-02,37188,6991,33,-7.355748160862135,5.235673082867636,-0.21817851751987422,-0.3244494450480893,0.45472750679445,-5.832244062373702
38,4,hybrid_adapt,hybrid,True,2018-09,2021-08,2021-09,2022-02,37188,6991,36,-7.355748160862135,5.235673082867636,-0.21947045119629663,-0.3250486874722963,0.4541553425833214,-5.832244062373702
39,1,ridge_static,ridge,False,2018-10,2021-09,2021-10,2022-03,37450,7079,33,-7.177863235015197,5.262610700122374,-0.22768215499282762,-0.2892275137801488,0.4413052691058059,-5.8042449253534185
39,2,ridge_adapt,ridge,True,2018-10,2021-09,2021-10,2022-03,37450,7079,36,-7.177863235015197,5.262610700122374,-0.22847033525801716,-0.2890680366542067,0.43537222771577905,-5.737017771437798
39,3,hybrid_static,hybrid,False,2018-10,2021-09,2021-10,2022-03,37450,7079,33,-7.177863235015197,5.262610700122374,-0.22269034309439142,-0.3712753592765505,0.4511936714225173,-7.79168027870256
39,4,hybrid_adapt,hybrid,True,2018-10,2021-09,2021-10,2022-03,37450,7079,36,-7.177863235015197,5.262610700122374,-0.22453336560972426,-0.37260365872156853,0.4493572538494138,-7.784220795108965
40,1,ridge_static,ridge,False,2018-11,2021-10,2021-11,2022-04,37410,7231,33,-6.764609845124634,5.401336190302255,-0.20340396004708886,-0.2536514661316013,0.45733646798506433,-6.2287290422619375
40,2,ridge_adapt,ridge,True,2018-11,2021-10,2021-11,2022-04,37410,7231,36,-6.764609845124634,5.401336190302255,-0.20671229210077813,-0.25454702329910245,0.44004978564513897,-6.275667637333511
40,3,hybrid_static,hybrid,False,2018-11,2021-10,2021-11,2022-04,37410,7231,33,-6.764609845124634,5.401336190302255,-0.22099663640609224,-0.38172874770049536,0.4591342829484165,-18.583264340993086
40,4,hybrid_adapt,hybrid,True,2018-11,2021-10,2021-11,2022-04,37410,7231,36,-6.764609845124634,5.401336190302255,-0.22491136733519068,-0.3841331772476051,0.4574747614437837,-18.583264340993086
41,1,ridge_static,ridge,False,2018-12,2021-11,2021-12,2022-05,37699,7186,33,-6.757162334267305,5.466991740156793,-0.22547203011445338,-0.23853385399998583,0.44141386028388535,-3.398522234239297
41,2,ridge_adapt,ridge,True,2018-12,2021-11,2021-12,2022-05,37699,7186,36,-6.757162334267305,5.466991740156793,-0.2291407532392578,-0.2413125020912769,0.43139437795713886,-3.6511208044247536
41,3,hybrid_static,hybrid,False,2018-12,2021-11,2021-12,2022-05,37699,7186,33,-6.757162334267305,5.466991740156793,-0.2430337477801773,-0.3504978534088398,0.43737823545783466,-4.967241387032897
41,4,hybrid_adapt,hybrid,True,2018-12,2021-11,2021-12,2022-05,37699,7186,36,-6.757162334267305,5.466991740156793,-0.2461736312838473,-0.3540101607518966,0.43709991650431396,-5.063292482502992
42,1,ridge_static,ridge,False,2019-01,2021-12,2022-01,2022-06,37966,7167,33,-6.649247999201554,5.657524902694396,-0.15311584845221626,-0.169929671786561,0.4651876656899679,-2.9182203447447024
42,2,ridge_adapt,ridge,True,2019-01,2021-12,2022-01,2022-06,37966,7167,36,-6.649247999201554,5.657524902694396,-0.15489120449857524,-0.1703559719753604,0.45360680898562855,-2.823950519606025
42,3,hybrid_static,hybrid,False,2019-01,2021-12,2022-01,2022-06,37966,7167,33,-6.649247999201554,5.657524902694396,-0.13996199960071426,-0.22817668826296084,0.4780242779405609,-6.379597251331541
42,4,hybrid_adapt,hybrid,True,2019-01,2021-12,2022-01,2022-06,37966,7167,36,-6.649247999201554,5.657524902694396,-0.1417857516467929,-0.22856403964248206,0.475094181665969,-6.37198886060072
43,1,ridge_static,ridge,False,2019-02,2022-01,2022-02,2022-07,38060,7101,33,-6.6105576623829965,5.8643633781546844,-0.13261632789398953,-0.1636256527832564,0.47317279256442757,-2.9468403959132874
43,2,ridge_adapt,ridge,True,2019-02,2022-01,2022-02,2022-07,38060,7101,36,-6.6105576623829965,5.8643633781546844,-0.13409299473943478,-0.16368568199858713,0.4543022109562034,-3.663988019086515
43,3,hybrid_static,hybrid,False,2019-02,2022-01,2022-02,2022-07,38060,7101,33,-6.6105576623829965,5.8643633781546844,-0.12927279853582896,-0.2189814174866119,0.48176313195324605,-11.398211139802713
43,4,hybrid_adapt,hybrid,True,2019-02,2022-01,2022-02,2022-07,38060,7101,36,-6.6105576623829965,5.8643633781546844,-0.13075363544037163,-0.21895993438099692,0.48148148148148145,-12.466952391978225
44,1,ridge_static,ridge,False,2019-03,2022-02,2022-03,2022-08,38259,7229,33,-6.559076103251101,6.133973507873547,-0.07225956690422285,-0.09477183090692297,0.5057407663577258,-0.910818848336879
44,2,ridge_adapt,ridge,True,2019-03,2022-02,2022-03,2022-08,38259,7229,36,-6.559076103251101,6.133973507873547,-0.07404214758983081,-0.0962180835795954,0.4945358970812007,-0.6769291838892206
44,3,hybrid_static,hybrid,False,2019-03,2022-02,2022-03,2022-08,38259,7229,33,-6.559076103251101,6.133973507873547,-0.049142246581336625,-0.09899555019456249,0.5096140545026975,-1.0656648739003243
44,4,hybrid_adapt,hybrid,True,2019-03,2022-02,2022-03,2022-08,38259,7229,36,-6.559076103251101,6.133973507873547,-0.04944094605042552,-0.10040391233877605,0.5109973716973302,-0.9493364494939102
45,1,ridge_static,ridge,False,2019-04,2022-03,2022-04,2022-09,38553,7119,33,-6.097081208860778,6.0783201866171055,-0.05831480274666983,-0.06831751747083711,0.5190335721309173,-0.9668835632652587
45,2,ridge_adapt,ridge,True,2019-04,2022-03,2022-04,2022-09,38553,7119,36,-6.097081208860778,6.0783201866171055,-0.057179702486967084,-0.06861220700072936,0.5075151004354544,-0.5684207579852011
45,3,hybrid_static,hybrid,False,2019-04,2022-03,2022-04,2022-09,38553,7119,33,-6.097081208860778,6.0783201866171055,-0.04263904218036637,-0.0648379699047947,0.5089197921056328,-1.1884073351497482
45,4,hybrid_adapt,hybrid,True,2019-04,2022-03,2022-04,2022-09,38553,7119,36,-6.097081208860778,6.0783201866171055,-0.04256255157590298,-0.06535194065929868,0.510464952942829,-1.1479776872325682
46,1,ridge_static,ridge,False,2019-05,2022-04,2022-05,2022-10,38714,7065,33,-5.622555300668325,6.250160049787656,-0.06411802610287454,-0.06560449795669078,0.5355980184005662,-0.7608534956437735
46,2,ridge_adapt,ridge,True,2019-05,2022-04,2022-05,2022-10,38714,7065,36,-5.622555300668325,6.250160049787656,-0.06395784792697191,-0.06645036279309453,0.4839348903043171,-0.8503726054529779
46,3,hybrid_static,hybrid,False,2019-05,2022-04,2022-05,2022-10,38714,7065,33,-5.622555300668325,6.250160049787656,-0.07235975288510745,-0.06199412860321542,0.48435951875442323,-1.974001852410687
46,4,hybrid_adapt,hybrid,True,2019-05,2022-04,2022-05,2022-10,38714,7065,36,-5.622555300668325,6.250160049787656,-0.07333387979838484,-0.06270874865617754,0.4840764331210191,-2.2686255973159417
47,1,ridge_static,ridge,False,2019-06,2022-05,2022-06,2022-11,38799,7111,33,-5.168611875523271,6.288945283060458,-0.029365974345108112,-0.05003059978198592,0.556743074110533,-0.6988687757871116
47,2,ridge_adapt,ridge,True,2019-06,2022-05,2022-06,2022-11,38799,7111,36,-5.168611875523271,6.288945283060458,-0.028422722773830858,-0.04975559065279042,0.5249613275207425,-0.6368976127189486
47,3,hybrid_static,hybrid,False,2019-06,2022-05,2022-06,2022-11,38799,7111,33,-5.168611875523271,6.288945283060458,-0.0785794079726461,-0.07582589261345396,0.4744761636900577,-3.3911599817594533
47,4,hybrid_adapt,hybrid,True,2019-06,2022-05,2022-06,2022-11,38799,7111,36,-5.168611875523271,6.288945283060458,-0.07892309096351671,-0.07629775560739624,0.47644494445225705,-3.2173492012251437
48,1,ridge_static,ridge,False,2019-07,2022-06,2022-07,2022-12,39235,7167,33,-5.168785649320908,6.261763545647583,-0.032708196598548504,-0.05941317044280659,0.5522533835635551,-5.0378735126961605
48,2,ridge_adapt,ridge,True,2019-07,2022-06,2022-07,2022-12,39235,7167,36,-5.168785649320908,6.261763545647583,-0.033302819949321924,-0.06001438787235986,0.5288126133668202,-5.037873512696161
48,3,hybrid_static,hybrid,False,2019-07,2022-06,2022-07,2022-12,39235,7167,33,-5.168785649320908,6.261763545647583,-0.04896123556107622,-0.028220860001414758,0.48123343100320914,-0.8471199321063462
48,4,hybrid_adapt,hybrid,True,2019-07,2022-06,2022-07,2022-12,39235,7167,36,-5.168785649320908,6.261763545647583,-0.049375392521473105,-0.028322281751224226,0.4823496581554346,-0.8471199321063462
49,1,ridge_static,ridge,False,2019-08,2022-07,2022-08,2023-01,39195,7423,33,-5.1717501205158944,6.2633925274700095,-0.012795778898119748,-0.019500127508850447,0.5519331806547219,-2.973630234666077
49,2,ridge_adapt,ridge,True,2019-08,2022-07,2022-08,2023-01,39195,7423,36,-5.1717501205158944,6.2633925274700095,-0.012128190759163202,-0.019048853882101868,0.5402128519466523,-2.9736302346660755
49,3,hybrid_static,hybrid,False,2019-08,2022-07,2022-08,2023-01,39195,7423,33,-5.1717501205158944,6.2633925274700095,-0.008237004334716155,0.011794156225334205,0.5020881045399435,0.4940574842086468
49,4,hybrid_adapt,hybrid,True,2019-08,2022-07,2022-08,2023-01,39195,7423,36,-5.1717501205158944,6.2633925274700095,-0.007461270945670592,0.014032794025733245,0.5034352687592617,0.4940574842086468
50,1,ridge_static,ridge,False,2019-09,2022-08,2022-09,2023-02,39657,7387,33,-5.117598232988041,6.7358613674623244,-0.01493458541092334,-0.035801045558197284,0.5224042236361175,-2.1659840535674317
50,2,ridge_adapt,ridge,True,2019-09,2022-08,2022-09,2023-02,39657,7387,36,-5.117598232988041,6.7358613674623244,-0.012467496043378047,-0.03492786198380599,0.5176661702991743,-2.1627724519751594
50,3,hybrid_static,hybrid,False,2019-09,2022-08,2022-09,2023-02,39657,7387,33,-5.117598232988041,6.7358613674623244,-0.010706666950889666,-0.034788786462528205,0.49519426018681467,0.23341450605065994
50,4,hybrid_adapt,hybrid,True,2019-09,2022-08,2022-09,2023-02,39657,7387,36,-5.117598232988041,6.7358613674623244,-0.006748640221608668,-0.034080409052226646,0.4968187356166238,0.764503021428202
51,1,ridge_static,ridge,False,2019-10,2022-09,2022-10,2023-03,39854,7610,33,-5.224154415652184,6.626568575450445,-0.04629369788286121,-0.04558712432945214,0.4955321944809461,-2.1412930766349563
51,2,ridge_adapt,ridge,True,2019-10,2022-09,2022-10,2023-03,39854,7610,36,-5.224154415652184,6.626568575450445,-0.04262248331094719,-0.0428320931435204,0.49132720105124833,-2.1255935732816753
51,3,hybrid_static,hybrid,False,2019-10,2022-09,2022-10,2023-03,39854,7610,33,-5.224154415652184,6.626568575450445,-0.002796664554096135,0.0781158220013713,0.495137976346912,1.7385701313511874
51,4,hybrid_adapt,hybrid,True,2019-10,2022-09,2022-10,2023-03,39854,7610,36,-5.224154415652184,6.626568575450445,0.00016862905539101895,0.08013749695828232,0.49632063074901445,1.6930575292922898
52,1,ridge_static,ridge,False,2019-11,2022-10,2022-11,2023-04,39802,7619,33,-4.249915595390777,6.732837287316161,-0.1017452690147699,-0.09443412742011158,0.48982806142538393,-2.523200619321997
52,2,ridge_adapt,ridge,True,2019-11,2022-10,2022-11,2023-04,39802,7619,36,-4.249915595390777,6.732837287316161,-0.09769864845331472,-0.08985948471123963,0.4815592597453734,-2.384109287701896
52,3,hybrid_static,hybrid,False,2019-11,2022-10,2022-11,2023-04,39802,7619,33,-4.249915595390777,6.732837287316161,-0.08946542734164535,-0.12118051038267169,0.48352802205013784,-3.6130130161114224
52,4,hybrid_adapt,hybrid,True,2019-11,2022-10,2022-11,2023-04,39802,7619,36,-4.249915595390777,6.732837287316161,-0.0870209592207986,-0.1199491195601505,0.48352802205013784,-3.694693811251427
53,1,ridge_static,ridge,False,2019-12,2022-11,2022-12,2023-05,40086,7827,33,-4.2501174415053065,6.656468707838553,-0.1136462150345512,-0.11093959438704204,0.46352370001277626,-2.4824298287213566
53,2,ridge_adapt,ridge,True,2019-12,2022-11,2022-12,2023-05,40086,7827,36,-4.2501174415053065,6.656468707838553,-0.10700081244749514,-0.10246021838423008,0.4547080618372301,-3.0571308995387403
53,3,hybrid_static,hybrid,False,2019-12,2022-11,2022-12,2023-05,40086,7827,33,-4.2501174415053065,6.656468707838553,-0.09346231972521055,-0.03770719164675236,0.4773220902005877,-4.819978943185273
53,4,hybrid_adapt,hybrid,True,2019-12,2022-11,2022-12,2023-05,40086,7827,36,-4.2501174415053065,6.656468707838553,-0.08870898052607284,-0.03963697968354552,0.47936629615433757,-4.815814542487732
54,1,ridge_static,ridge,False,2020-01,2022-12,2023-01,2023-06,40312,7797,33,-4.1431281586908195,6.257621911126722,-0.13251477843804027,-0.14703606193339505,0.428241631396691,-2.6691952428782026
54,2,ridge_adapt,ridge,True,2020-01,2022-12,2023-01,2023-06,40312,7797,36,-4.1431281586908195,6.257621911126722,-0.1264226327075149,-0.1394215055810644,0.41195331537770935,-2.110291262911058
54,3,hybrid_static,hybrid,False,2020-01,2022-12,2023-01,2023-06,40312,7797,33,-4.1431281586908195,6.257621911126722,-0.09689453771978838,-0.06284113426263634,0.4862126458894447,-3.8458454343755673
54,4,hybrid_adapt,hybrid,True,2020-01,2022-12,2023-01,2023-06,40312,7797,36,-4.1431281586908195,6.257621911126722,-0.09143749079713166,-0.06666830149558352,0.4865974092599718,-3.6053047830342977
55,1,ridge_static,ridge,False,2020-02,2023-01,2023-02,2023-07,40487,7802,33,-4.064994971536948,6.055604594127373,-0.05197385737357182,-0.03763135771272702,0.43963086388105616,-0.9405427947352226
55,2,ridge_adapt,ridge,True,2020-02,2023-01,2023-02,2023-07,40487,7802,36,-4.064994971536948,6.055604594127373,-0.04731419579926794,-0.031278579375355504,0.4271981543194053,-0.7202253039126425
55,3,hybrid_static,hybrid,False,2020-02,2023-01,2023-02,2023-07,40487,7802,33,-4.064994971536948,6.055604594127373,0.026489247278315902,0.09517899991627245,0.5065367854396309,1.2565988017693708
55,4,hybrid_adapt,hybrid,True,2020-02,2023-01,2023-02,2023-07,40487,7802,36,-4.064994971536948,6.055604594127373,0.02932320209633619,0.09827772436950222,0.5069213022301974,1.2565988017693714
56,1,ridge_static,ridge,False,2020-03,2023-02,2023-03,2023-08,40738,7920,33,-4.112046927384913,5.895445036385128,0.017571921735246326,0.061713243828035634,0.4553030303030303,1.9424962327918813
56,2,ridge_adapt,ridge,True,2020-03,2023-02,2023-03,2023-08,40738,7920,36,-4.112046927384913,5.895445036385128,0.022548956894437422,0.06602593751664577,0.4463383838383838,1.7678515922696358
56,3,hybrid_static,hybrid,False,2020-03,2023-02,2023-03,2023-08,40738,7920,33,-4.112046927384913,5.895445036385128,0.066377491986321,0.17714286630273932,0.49343434343434345,3.0827839405839117
56,4,hybrid_adapt,hybrid,True,2020-03,2023-02,2023-03,2023-08,40738,7920,36,-4.112046927384913,5.895445036385128,0.06815483935665154,0.17973980321300215,0.49242424242424243,3.082783940583911
57,1,ridge_static,ridge,False,2020-04,2023-03,2023-04,2023-09,41093,7736,33,-4.79636300525952,5.837107123121842,0.12933973082549513,0.19142293924270093,0.47802481902792143,3.8821364648837315
57,2,ridge_adapt,ridge,True,2020-04,2023-03,2023-04,2023-09,41093,7736,36,-4.79636300525952,5.837107123121842,0.13139608779952053,0.19355659528954963,0.47130299896587385,4.375410102081478
57,3,hybrid_static,hybrid,False,2020-04,2023-03,2023-04,2023-09,41093,7736,33,-4.79636300525952,5.837107123121842,0.12370693782130238,0.2825629923460775,0.49457083764219234,2.550478432603509
57,4,hybrid_adapt,hybrid,True,2020-04,2023-03,2023-04,2023-09,41093,7736,36,-4.79636300525952,5.837107123121842,0.12539883141676017,0.283746960485835,0.4950879007238883,2.6535537949474266
58,1,ridge_static,ridge,False,2020-05,2023-04,2023-05,2023-10,41172,7983,33,-5.342966827607546,5.7685959811066345,0.13549028984296405,0.20744821689885584,0.4881623449830891,2.490628663195067
58,2,ridge_adapt,ridge,True,2020-05,2023-04,2023-05,2023-10,41172,7983,36,-5.342966827607546,5.7685959811066345,0.13614460994416933,0.20926591407363265,0.48490542402605535,2.387109669886857
58,3,hybrid_static,hybrid,False,2020-05,2023-04,2023-05,2023-10,41172,7983,33,-5.342966827607546,5.7685959811066345,0.11129428893515654,0.2273464221900252,0.49517725165977705,1.77152123642855
58,4,hybrid_adapt,hybrid,True,2020-05,2023-04,2023-05,2023-10,41172,7983,36,-5.342966827607546,5.7685959811066345,0.11193080556066583,0.22808901780306215,0.49492671927846676,1.77152123642855
59,1,ridge_static,ridge,False,2020-06,2023-05,2023-06,2023-11,41682,7872,33,-5.50544407528057,5.676889439385949,0.15377679997846544,0.22674142509288156,0.5022865853658537,2.8524039524368545
59,2,ridge_adapt,ridge,True,2020-06,2023-05,2023-06,2023-11,41682,7872,36,-5.50544407528057,5.676889439385949,0.15439617139527403,0.22687654030987786,0.5007621951219512,2.8524039524368545
59,3,hybrid_static,hybrid,False,2020-06,2023-05,2023-06,2023-11,41682,7872,33,-5.50544407528057,5.676889439385949,0.1436529222802892,0.2394646179124074,0.509400406504065,1.8753959139598784
59,4,hybrid_adapt,hybrid,True,2020-06,2023-05,2023-06,2023-11,41682,7872,36,-5.50544407528057,5.676889439385949,0.1443265755973181,0.2389869021948327,0.5102896341463414,1.8480617946175717
60,1,ridge_static,ridge,False,2020-07,2023-06,2023-07,2023-12,41908,7960,33,-5.104602777583098,5.67018490384745,0.16469600795834952,0.23263559828741154,0.5159547738693467,1.5990634021385253
60,2,ridge_adapt,ridge,True,2020-07,2023-06,2023-07,2023-12,41908,7960,36,-5.104602777583098,5.67018490384745,0.1643669063991785,0.23204967307329094,0.5224874371859296,1.7380842967119015
60,3,hybrid_static,hybrid,False,2020-07,2023-06,2023-07,2023-12,41908,7960,33,-5.104602777583098,5.67018490384745,0.15928541109400837,0.2315316385492222,0.5321608040201005,1.6311004296862004
60,4,hybrid_adapt,hybrid,True,2020-07,2023-06,2023-07,2023-12,41908,7960,36,-5.104602777583098,5.67018490384745,0.16008494810558904,0.23186928334169435,0.5310301507537688,1.6674005028444887
61,1,ridge_static,ridge,False,2020-08,2023-07,2023-08,2024-01,42122,8029,33,-5.501378554837553,5.6621220528782334,0.17622112029551362,0.23916359707543858,0.5295802715157554,2.1529507871924802
61,2,ridge_adapt,ridge,True,2020-08,2023-07,2023-08,2024-01,42122,8029,36,-5.501378554837553,5.6621220528782334,0.17616905639578334,0.23859986379539172,0.5378004732843442,2.1529507871924802
61,3,hybrid_static,hybrid,False,2020-08,2023-07,2023-08,2024-01,42122,8029,33,-5.501378554837553,5.6621220528782334,0.25015403949005316,0.260111642879224,0.5947191431062399,3.4039707050586503
61,4,hybrid_adapt,hybrid,True,2020-08,2023-07,2023-08,2024-01,42122,8029,36,-5.501378554837553,5.6621220528782334,0.2508473443534955,0.26067731156031515,0.5935982065014324,3.3632640496224493
62,1,ridge_static,ridge,False,2020-09,2023-08,2023-09,2024-02,42509,8056,33,-5.590561966633551,5.62182963088479,0.20427350163641492,0.2758489242812955,0.5435700099304865,3.044192458631516
62,2,ridge_adapt,ridge,True,2020-09,2023-08,2023-09,2024-02,42509,8056,36,-5.590561966633551,5.62182963088479,0.20460435330236965,0.2753502315697798,0.5490317775571003,3.044192458631516
62,3,hybrid_static,hybrid,False,2020-09,2023-08,2023-09,2024-02,42509,8056,33,-5.590561966633551,5.62182963088479,0.2535480740348552,0.279701735344551,0.6164349553128103,3.035011911470412
62,4,hybrid_adapt,hybrid,True,2020-09,2023-08,2023-09,2024-02,42509,8056,36,-5.590561966633551,5.62182963088479,0.2546609253306711,0.27893470263084963,0.6165590863952334,3.0906116027708537
63,1,ridge_static,ridge,False,2020-10,2023-09,2023-10,2024-03,42647,8207,33,-5.062869808921642,5.611330742052521,0.21836301050378604,0.32934273311854784,0.5407578896064336,4.642847261369417
63,2,ridge_adapt,ridge,True,2020-10,2023-09,2023-10,2024-03,42647,8207,36,-5.062869808921642,5.611330742052521,0.21838871980604338,0.329313503281536,0.5391738759595467,4.642847261369417
63,3,hybrid_static,hybrid,False,2020-10,2023-09,2023-10,2024-03,42647,8207,33,-5.062869808921642,5.611330742052521,0.22897311084009092,0.25654294367762365,0.6064335323504325,5.254765546208382
63,4,hybrid_adapt,hybrid,True,2020-10,2023-09,2023-10,2024-03,42647,8207,36,-5.062869808921642,5.611330742052521,0.2290615361380135,0.2556514597531453,0.607408309979286,5.287746097709188
64,1,ridge_static,ridge,False,2020-11,2023-10,2023-11,2024-04,43015,8038,33,-5.086909630639578,5.489525807821571,0.22334667543931086,0.3614091380372859,0.5477730778800697,6.300125183454255
64,2,ridge_adapt,ridge,True,2020-11,2023-10,2023-11,2024-04,43015,8038,36,-5.086909630639578,5.489525807821571,0.22349963898383246,0.36099047392810457,0.5456581239114208,6.300125183454255
64,3,hybrid_static,hybrid,False,2020-11,2023-10,2023-11,2024-04,43015,8038,33,-5.086909630639578,5.489525807821571,0.24704384894381612,0.34423754528173584,0.6071161980592187,7.1714610927971725
64,4,hybrid_adapt,hybrid,True,2020-11,2023-10,2023-11,2024-04,43015,8038,36,-5.086909630639578,5.489525807821571,0.24689826168151713,0.3432535165484446,0.6071161980592187,7.1714610927971725
65,1,ridge_static,ridge,False,2020-12,2023-11,2023-12,2024-05,43353,8244,33,-4.883983103801311,5.484818583981724,0.21370503920389644,0.3256327369849494,0.5520378457059679,5.55755513004946
65,2,ridge_adapt,ridge,True,2020-12,2023-11,2023-12,2024-05,43353,8244,36,-4.883983103801311,5.484818583981724,0.2135937313830951,0.325467486698572,0.5513100436681223,5.55755513004946
65,3,hybrid_static,hybrid,False,2020-12,2023-11,2023-12,2024-05,43353,8244,33,-4.883983103801311,5.484818583981724,0.2134903330125196,0.3064667607473663,0.6043182920912179,4.767789089866812
65,4,hybrid_adapt,hybrid,True,2020-12,2023-11,2023-12,2024-05,43353,8244,36,-4.883983103801311,5.484818583981724,0.21345612710366849,0.3063569011560437,0.6043182920912179,4.767789089866812
66,1,ridge_static,ridge,False,2021-01,2023-12,2024-01,2024-06,43537,8077,33,-4.709831659759342,5.526177643728439,0.21529878276266343,0.2863181745319501,0.5612232264454624,5.359913905115344
66,2,ridge_adapt,ridge,True,2021-01,2023-12,2024-01,2024-06,43537,8077,36,-4.709831659759342,5.526177643728439,0.21538128445143506,0.28627234506187027,0.5627089265816516,5.359913905115344
66,3,hybrid_static,hybrid,False,2021-01,2023-12,2024-01,2024-06,43537,8077,33,-4.709831659759342,5.526177643728439,0.2048132402203047,0.2763373251276517,0.6050513804630432,3.951592649616079
66,4,hybrid_adapt,hybrid,True,2021-01,2023-12,2024-01,2024-06,43537,8077,36,-4.709831659759342,5.526177643728439,0.2047061970680341,0.27632140731638843,0.6050513804630432,3.951592649616079
67,1,ridge_static,ridge,False,2021-02,2024-01,2024-02,2024-07,43930,8144,33,-4.8360281782232475,5.872287590031105,0.21050462676359938,0.22506929182060847,0.5762524557956779,4.1004155042245145
67,2,ridge_adapt,ridge,True,2021-02,2024-01,2024-02,2024-07,43930,8144,36,-4.8360281782232475,5.872287590031105,0.2105421958180227,0.2252137337911616,0.5729371316306483,4.1004155042245145
67,3,hybrid_static,hybrid,False,2021-02,2024-01,2024-02,2024-07,43930,8144,33,-4.8360281782232475,5.872287590031105,0.19692096819372185,0.23202321877246537,0.5949165029469549,2.5828821315499524
67,4,hybrid_adapt,hybrid,True,2021-02,2024-01,2024-02,2024-07,43930,8144,36,-4.8360281782232475,5.872287590031105,0.19687569098154095,0.23211553110812516,0.5946709233791748,2.5828821315499524
68,1,ridge_static,ridge,False,2021-03,2024-02,2024-03,2024-08,44322,8015,33,-5.019230117376895,6.288089812288641,0.16702359864170505,0.1458218343997418,0.5555832813474735,3.443643323861136
68,2,ridge_adapt,ridge,True,2021-03,2024-02,2024-03,2024-08,44322,8015,36,-5.019230117376895,6.288089812288641,0.1671005317450873,0.14481110753634213,0.5597005614472863,3.443643323861136
68,3,hybrid_static,hybrid,False,2021-03,2024-02,2024-03,2024-08,44322,8015,33,-5.019230117376895,6.288089812288641,0.21263695984836056,0.2628002910590457,0.6182158452900811,3.3526616277015373
68,4,hybrid_adapt,hybrid,True,2021-03,2024-02,2024-03,2024-08,44322,8015,36,-5.019230117376895,6.288089812288641,0.21251834727854207,0.2622661432954147,0.6179663131628197,3.3526616277015373
69,1,ridge_static,ridge,False,2021-04,2024-03,2024-04,2024-09,44551,7909,33,-4.189295137386254,6.487713671439664,0.06721295629080255,0.08055646384613159,0.5223163484637754,2.3755471282652167
69,2,ridge_adapt,ridge,True,2021-04,2024-03,2024-04,2024-09,44551,7909,36,-4.189295137386254,6.487713671439664,0.06689418228634712,0.07956175724883942,0.5163737514224301,2.375547128265217
69,3,hybrid_static,hybrid,False,2021-04,2024-03,2024-04,2024-09,44551,7909,33,-4.189295137386254,6.487713671439664,0.12939967549186393,0.2181854034066627,0.6285244657984574,5.1554952019916
69,4,hybrid_adapt,hybrid,True,2021-04,2024-03,2024-04,2024-09,44551,7909,36,-4.189295137386254,6.487713671439664,0.12937732069190386,0.21769607810914998,0.6286509040333796,5.1554952019916
70,1,ridge_static,ridge,False,2021-05,2024-04,2024-05,2024-10,44641,8207,33,-4.473897787507479,6.423519782643304,0.07700638917577107,0.07118613062390086,0.5198001705860851,4.104271708702218
70,2,ridge_adapt,ridge,True,2021-05,2024-04,2024-05,2024-10,44641,8207,36,-4.473897787507479,6.423519782643304,0.07681066625903295,0.07020796828394545,0.5162666016814914,4.104271708702218
70,3,hybrid_static,hybrid,False,2021-05,2024-04,2024-05,2024-10,44641,8207,33,-4.473897787507479,6.423519782643304,0.1566695942530487,0.24060531818383118,0.6401852077494822,4.62436632767015
70,4,hybrid_adapt,hybrid,True,2021-05,2024-04,2024-05,2024-10,44641,8207,36,-4.473897787507479,6.423519782643304,0.1566827926620451,0.2400831788243292,0.6401852077494822,4.62436632767015
71,1,ridge_static,ridge,False,2021-06,2024-05,2024-06,2024-11,45137,7914,33,-4.10855393343618,6.304851818575904,0.06435991501142725,0.09267836545098503,0.507328784432651,5.522598512737685
71,2,ridge_adapt,ridge,True,2021-06,2024-05,2024-06,2024-11,45137,7914,36,-4.10855393343618,6.304851818575904,0.06443831131136582,0.091700582335946,0.5063179176143543,5.522598512737685
71,3,hybrid_static,hybrid,False,2021-06,2024-05,2024-06,2024-11,45137,7914,33,-4.10855393343618,6.304851818575904,0.14262112214280584,0.2344715895032424,0.6293909527419762,5.359666260737758
71,4,hybrid_adapt,hybrid,True,2021-06,2024-05,2024-06,2024-11,45137,7914,36,-4.10855393343618,6.304851818575904,0.14178175654870018,0.23151588051878633,0.6296436694465504,5.359666260737758
72,1,ridge_static,ridge,False,2021-07,2024-06,2024-07,2024-12,45095,8114,33,-4.148055247741171,6.698952188431981,0.03659435976113105,0.11310234462346057,0.48878481636677346,1.8078764199515678
72,2,ridge_adapt,ridge,True,2021-07,2024-06,2024-07,2024-12,45095,8114,36,-4.148055247741171,6.698952188431981,0.036209977172254916,0.11199227956328635,0.4891545476953414,2.0887745062186824
72,3,hybrid_static,hybrid,False,2021-07,2024-06,2024-07,2024-12,45095,8114,33,-4.148055247741171,6.698952188431981,0.09833330094027953,0.22719710705764223,0.6036480157752033,2.9347348760055527
72,4,hybrid_adapt,hybrid,True,2021-07,2024-06,2024-07,2024-12,45095,8114,36,-4.148055247741171,6.698952188431981,0.09728327800623461,0.2231873658662254,0.6027853093418782,2.680789310764896
73,1,ridge_static,ridge,False,2021-08,2024-07,2024-08,2025-01,45445,8082,33,-4.0697387203279485,7.324988920531952,-0.023854130826576492,0.09015070928806977,0.46052957188814647,0.13915074074681158
73,2,ridge_adapt,ridge,True,2021-08,2024-07,2024-08,2025-01,45445,8082,36,-4.0697387203279485,7.324988920531952,-0.02372981707932809,0.08954712243045149,0.45681761940113835,0.29713965177924095
73,3,hybrid_static,hybrid,False,2021-08,2024-07,2024-08,2025-01,45445,8082,33,-4.0697387203279485,7.324988920531952,0.043442982864857455,0.20146872934203008,0.5822816134620143,1.8089426404645779
73,4,hybrid_adapt,hybrid,True,2021-08,2024-07,2024-08,2025-01,45445,8082,36,-4.0697387203279485,7.324988920531952,0.042678388811972584,0.1992853654451393,0.5816629547141796,1.8089426404645776
74,1,ridge_static,ridge,False,2021-09,2024-08,2024-09,2025-02,45598,8182,33,-3.9261857432320033,7.396947852388333,-0.061396756947870536,0.05833283289813805,0.45367880713761916,0.48562166748106944
74,2,ridge_adapt,ridge,True,2021-09,2024-08,2024-09,2025-02,45598,8182,36,-3.9261857432320033,7.396947852388333,-0.06105679727964208,0.05821579151713998,0.45184551454412125,0.48562166748106944
74,3,hybrid_static,hybrid,False,2021-09,2024-08,2024-09,2025-02,45598,8182,33,-3.9261857432320033,7.396947852388333,-0.012591623008575107,0.08188033486612942,0.5531654852114397,0.4754560722955745
74,4,hybrid_adapt,hybrid,True,2021-09,2024-08,2024-09,2025-02,45598,8182,36,-3.9261857432320033,7.396947852388333,-0.01267381370587865,0.08164801812057883,0.5534099242239061,0.4826305851981024
75,1,ridge_static,ridge,False,2021-10,2024-09,2024-10,2025-03,45660,8266,33,-3.89492954154993,7.463138409394219,-0.06952364286874343,0.029292138352773892,0.4686668279699976,0.11920769315342342
75,2,ridge_adapt,ridge,True,2021-10,2024-09,2024-10,2025-03,45660,8266,36,-3.89492954154993,7.463138409394219,-0.06923619754203701,0.02928612856692202,0.46213404306798933,0.11920769315342342
75,3,hybrid_static,hybrid,False,2021-10,2024-09,2024-10,2025-03,45660,8266,33,-3.89492954154993,7.463138409394219,-0.007647937832130893,0.047646309354159797,0.5456085168158723,1.8541247504935745
75,4,hybrid_adapt,hybrid,True,2021-10,2024-09,2024-10,2025-03,45660,8266,36,-3.89492954154993,7.463138409394219,-0.0075302928899744215,0.04753999345098179,0.5459714493104283,2.003624510879105
76,1,ridge_static,ridge,False,2021-11,2024-10,2024-11,2025-04,46143,8184,33,-4.137349339116996,7.330397155668064,0.02682678769882863,0.06809857178326986,0.5151515151515151,2.0860099302356394
76,2,ridge_adapt,ridge,True,2021-11,2024-10,2024-11,2025-04,46143,8184,36,-4.137349339116996,7.330397155668064,0.026854876067965106,0.06809813183360122,0.5153958944281525,2.0860099302356394
76,3,hybrid_static,hybrid,False,2021-11,2024-10,2024-11,2025-04,46143,8184,33,-4.137349339116996,7.330397155668064,0.09909057079843507,0.11056452428654003,0.5652492668621701,5.214716169237701
76,4,hybrid_adapt,hybrid,True,2021-11,2024-10,2024-11,2025-04,46143,8184,36,-4.137349339116996,7.330397155668064,0.09902171278986924,0.11008499730249646,0.5650048875855328,5.214716169237701
77,1,ridge_static,ridge,False,2021-12,2024-11,2024-12,2025-05,46154,8429,33,-4.173649312037629,7.174785489782751,0.0534391864626851,0.07402976272421151,0.5322102265986475,10.929843014873216
77,2,ridge_adapt,ridge,True,2021-12,2024-11,2024-12,2025-05,46154,8429,36,-4.173649312037629,7.174785489782751,0.0535425940728733,0.07404988198728196,0.5323288646340016,10.929843014873216
77,3,hybrid_static,hybrid,False,2021-12,2024-11,2024-12,2025-05,46154,8429,33,-4.173649312037629,7.174785489782751,0.12799970877483308,0.11435367230529281,0.5763435757503855,6.778503739909497
77,4,hybrid_adapt,hybrid,True,2021-12,2024-11,2024-12,2025-05,46154,8429,36,-4.173649312037629,7.174785489782751,0.12853045542476385,0.11500725218359556,0.5764622137857397,6.778503739909497
78,1,ridge_static,ridge,False,2022-01,2024-12,2025-01,2025-06,46282,8324,33,-4.5109261498838515,6.8169185810968935,0.06047404522610182,0.05900646071085936,0.5351994233541566,1.3611735691875835
78,2,ridge_adapt,ridge,True,2022-01,2024-12,2025-01,2025-06,46282,8324,36,-4.5109261498838515,6.8169185810968935,0.06052316866872722,0.0590848675101701,0.5364007688611244,1.3611735691875835
78,3,hybrid_static,hybrid,False,2022-01,2024-12,2025-01,2025-06,46282,8324,33,-4.5109261498838515,6.8169185810968935,0.1278960944418824,0.09845164567116242,0.5720807304180683,1.9054046188900158
78,4,hybrid_adapt,hybrid,True,2022-01,2024-12,2025-01,2025-06,46282,8324,36,-4.5109261498838515,6.8169185810968935,0.128145215279999,0.09875283702711858,0.5720807304180683,1.9054046188900158
79,1,ridge_static,ridge,False,2022-02,2025-01,2025-02,2025-07,46581,8404,33,-4.695789142610371,6.406751226289684,0.0738772740235148,0.051413158359614054,0.5464064731080438,0.43868874850785555
79,2,ridge_adapt,ridge,True,2022-02,2025-01,2025-02,2025-07,46581,8404,36,-4.695789142610371,6.406751226289684,0.07426610066739753,0.05158003647655495,0.5503331746787244,0.5547528238815129
79,3,hybrid_static,hybrid,False,2022-02,2025-01,2025-02,2025-07,46581,8404,33,-4.695789142610371,6.406751226289684,0.14139138675048732,0.08818973501875262,0.5736554021894336,1.5107236733847675
79,4,hybrid_adapt,hybrid,True,2022-02,2025-01,2025-02,2025-07,46581,8404,36,-4.695789142610371,6.406751226289684,0.14145623720401387,0.08808555800949135,0.5736554021894336,1.663089728392823
80,1,ridge_static,ridge,False,2022-03,2025-02,2025-03,2025-08,46789,7659,33,-4.703845534884951,6.0273473080351305,0.09080511427508532,0.04630826555010358,0.5589502546024285,-1.3910183916592176
80,2,ridge_adapt,ridge,True,2022-03,2025-02,2025-03,2025-08,46789,7659,36,-4.703845534884951,6.0273473080351305,0.09094013633372114,0.04647757443794898,0.5623449536493015,-1.3910183916592176
80,3,hybrid_static,hybrid,False,2022-03,2025-02,2025-03,2025-08,46789,7659,33,-4.703845534884951,6.0273473080351305,0.14136305244657865,0.09804841575464675,0.5713539626583105,0.19935902501640249
80,4,hybrid_adapt,hybrid,True,2022-03,2025-02,2025-03,2025-08,46789,7659,36,-4.703845534884951,6.0273473080351305,0.1411771156594657,0.0980540029579533,0.5713539626583105,0.1993590250164023
