fold_id,train_start,train_end,test_start,test_end,train_start_month,train_end_month,test_start_month,test_end_month
0,2015-07-01,2018-06-30,2018-07-01,2018-12-31,2015-07,2018-06,2018-07,2018-12
1,2015-08-01,2018-07-31,2018-08-01,2019-01-31,2015-08,2018-07,2018-08,2019-01
2,2015-09-01,2018-08-31,2018-09-01,2019-02-28,2015-09,2018-08,2018-09,2019-02
3,2015-10-01,2018-09-30,2018-10-01,2019-03-31,2015-10,2018-09,2018-10,2019-03
4,2015-11-01,2018-10-31,2018-11-01,2019-04-30,2015-11,2018-10,2018-11,2019-04
5,2015-12-01,2018-11-30,2018-12-01,2019-05-31,2015-12,2018-11,2018-12,2019-05
6,2016-01-01,2018-12-31,2019-01-01,2019-06-30,2016-01,2018-12,2019-01,2019-06
7,2016-02-01,2019-01-31,2019-02-01,2019-07-31,2016-02,2019-01,2019-02,2019-07
8,2016-03-01,2019-02-28,2019-03-01,2019-08-31,2016-03,2019-02,2019-03,2019-08
9,2016-04-01,2019-03-31,2019-04-01,2019-09-30,2016-04,2019-03,2019-04,2019-09
10,2016-05-01,2019-04-30,2019-05-01,2019-10-31,2016-05,2019-04,2019-05,2019-10
11,2016-06-01,2019-05-31,2019-06-01,2019-11-30,2016-06,2019-05,2019-06,2019-11
12,2016-07-01,2019-06-30,2019-07-01,2019-12-31,2016-07,2019-06,2019-07,2019-12
13,2016-08-01,2019-07-31,2019-08-01,2020-01-31,2016-08,2019-07,2019-08,2020-01
14,2016-09-01,2019-08-31,2019-09-01,2020-02-29,2016-09,2019-08,2019-09,2020-02
15,2016-10-01,2019-09-30,2019-10-01,2020-03-31,2016-10,2019-09,2019-10,2020-03
16,2016-11-01,2019-10-31,2019-11-01,2020-04-30,2016-11,2019-10,2019-11,2020-04
17,2016-12-01,2019-11-30,2019-12-01,2020-05-31,2016-12,2019-11,2019-12,2020-05
18,2017-01-01,2019-12-31,2020-01-01,2020-06-30,2017-01,2019-12,2020-01,2020-06
19,2017-02-01,2020-01-31,2020-02-01,2020-07-31,2017-02,2020-01,2020-02,2020-07
20,2017-03-01,2020-02-29,2020-03-01,2020-08-31,2017-03,2020-02,2020-03,2020-08
21,2017-04-01,2020-03-31,2020-04-01,2020-09-30,2017-04,2020-03,2020-04,2020-09
22,2017-05-01,2020-04-30,2020-05-01,2020-10-31,2017-05,2020-04,2020-05,2020-10
23,2017-06-01,2020-05-31,2020-06-01,2020-11-30,2017-06,2020-05,2020-06,2020-11
24,2017-07-01,2020-06-30,2020-07-01,2020-12-31,2017-07,2020-06,2020-07,2020-12
25,2017-08-01,2020-07-31,2020-08-01,2021-01-31,2017-08,2020-07,2020-08,2021-01
26,2017-09-01,2020-08-31,2020-09-01,2021-02-28,2017-09,2020-08,2020-09,2021-02
27,2017-10-01,2020-09-30,2020-10-01,2021-03-31,2017-10,2020-09,2020-10,2021-03
28,2017-11-01,2020-10-31,2020-11-01,2021-04-30,2017-11,2020-10,2020-11,2021-04
29,2017-12-01,2020-11-30,2020-12-01,2021-05-31,2017-12,2020-11,2020-12,2021-05
30,2018-01-01,2020-12-31,2021-01-01,2021-06-30,2018-01,2020-12,2021-01,2021-06
31,2018-02-01,2021-01-31,2021-02-01,2021-07-31,2018-02,2021-01,2021-02,2021-07
32,2018-03-01,2021-02-28,2021-03-01,2021-08-31,2018-03,2021-02,2021-03,2021-08
33,2018-04-01,2021-03-31,2021-04-01,2021-09-30,2018-04,2021-03,2021-04,2021-09
34,2018-05-01,2021-04-30,2021-05-01,2021-10-31,2018-05,2021-04,2021-05,2021-10
35,2018-06-01,2021-05-31,2021-06-01,2021-11-30,2018-06,2021-05,2021-06,2021-11
36,2018-07-01,2021-06-30,2021-07-01,2021-12-31,2018-07,2021-06,2021-07,2021-12
37,2018-08-01,2021-07-31,2021-08-01,2022-01-31,2018-08,2021-07,2021-08,2022-01
38,2018-09-01,2021-08-31,2021-09-01,2022-02-28,2018-09,2021-08,2021-09,2022-02
39,2018-10-01,2021-09-30,2021-10-01,2022-03-31,2018-10,2021-09,2021-10,2022-03
40,2018-11-01,2021-10-31,2021-11-01,2022-04-30,2018-11,2021-10,2021-11,2022-04
41,2018-12-01,2021-11-30,2021-12-01,2022-05-31,2018-12,2021-11,2021-12,2022-05
42,2019-01-01,2021-12-31,2022-01-01,2022-06-30,2019-01,2021-12,2022-01,2022-06
43,2019-02-01,2022-01-31,2022-02-01,2022-07-31,2019-02,2022-01,2022-02,2022-07
44,2019-03-01,2022-02-28,2022-03-01,2022-08-31,2019-03,2022-02,2022-03,2022-08
45,2019-04-01,2022-03-31,2022-04-01,2022-09-30,2019-04,2022-03,2022-04,2022-09
46,2019-05-01,2022-04-30,2022-05-01,2022-10-31,2019-05,2022-04,2022-05,2022-10
47,2019-06-01,2022-05-31,2022-06-01,2022-11-30,2019-06,2022-05,2022-06,2022-11
48,2019-07-01,2022-06-30,2022-07-01,2022-12-31,2019-07,2022-06,2022-07,2022-12
49,2019-08-01,2022-07-31,2022-08-01,2023-01-31,2019-08,2022-07,2022-08,2023-01
50,2019-09-01,2022-08-31,2022-09-01,2023-02-28,2019-09,2022-08,2022-09,2023-02
51,2019-10-01,2022-09-30,2022-10-01,2023-03-31,2019-10,2022-09,2022-10,2023-03
52,2019-11-01,2022-10-31,2022-11-01,2023-04-30,2019-11,2022-10,2022-11,2023-04
53,2019-12-01,2022-11-30,2022-12-01,2023-05-31,2019-12,2022-11,2022-12,2023-05
54,2020-01-01,2022-12-31,2023-01-01,2023-06-30,2020-01,2022-12,2023-01,2023-06
55,2020-02-01,2023-01-31,2023-02-01,2023-07-31,2020-02,2023-01,2023-02,2023-07
56,2020-03-01,2023-02-28,2023-03-01,2023-08-31,2020-03,2023-02,2023-03,2023-08
57,2020-04-01,2023-03-31,2023-04-01,2023-09-30,2020-04,2023-03,2023-04,2023-09
58,2020-05-01,2023-04-30,2023-05-01,2023-10-31,2020-05,2023-04,2023-05,2023-10
59,2020-06-01,2023-05-31,2023-06-01,2023-11-30,2020-06,2023-05,2023-06,2023-11
60,2020-07-01,2023-06-30,2023-07-01,2023-12-31,2020-07,2023-06,2023-07,2023-12
61,2020-08-01,2023-07-31,2023-08-01,2024-01-31,2020-08,2023-07,2023-08,2024-01
62,2020-09-01,2023-08-31,2023-09-01,2024-02-29,2020-09,2023-08,2023-09,2024-02
63,2020-10-01,2023-09-30,2023-10-01,2024-03-31,2020-10,2023-09,2023-10,2024-03
64,2020-11-01,2023-10-31,2023-11-01,2024-04-30,2020-11,2023-10,2023-11,2024-04
65,2020-12-01,2023-11-30,2023-12-01,2024-05-31,2020-12,2023-11,2023-12,2024-05
66,2021-01-01,2023-12-31,2024-01-01,2024-06-30,2021-01,2023-12,2024-01,2024-06
67,2021-02-01,2024-01-31,2024-02-01,2024-07-31,2021-02,2024-01,2024-02,2024-07
68,2021-03-01,2024-02-29,2024-03-01,2024-08-31,2021-03,2024-02,2024-03,2024-08
69,2021-04-01,2024-03-31,2024-04-01,2024-09-30,2021-04,2024-03,2024-04,2024-09
70,2021-05-01,2024-04-30,2024-05-01,2024-10-31,2021-05,2024-04,2024-05,2024-10
71,2021-06-01,2024-05-31,2024-06-01,2024-11-30,2021-06,2024-05,2024-06,2024-11
72,2021-07-01,2024-06-30,2024-07-01,2024-12-31,2021-07,2024-06,2024-07,2024-12
73,2021-08-01,2024-07-31,2024-08-01,2025-01-31,2021-08,2024-07,2024-08,2025-01
74,2021-09-01,2024-08-31,2024-09-01,2025-02-28,2021-09,2024-08,2024-09,2025-02
75,2021-10-01,2024-09-30,2024-10-01,2025-03-31,2021-10,2024-09,2024-10,2025-03
76,2021-11-01,2024-10-31,2024-11-01,2025-04-30,2021-11,2024-10,2024-11,2025-04
77,2021-12-01,2024-11-30,2024-12-01,2025-05-31,2021-12,2024-11,2024-12,2025-05
78,2022-01-01,2024-12-31,2025-01-01,2025-06-30,2022-01,2024-12,2025-01,2025-06
79,2022-02-01,2025-01-31,2025-02-01,2025-07-31,2022-02,2025-01,2025-02,2025-07
80,2022-03-01,2025-02-28,2025-03-01,2025-08-31,2022-03,2025-02,2025-03,2025-08
